[2026-06-05 13:12:39.283] [info]  (AppService)           Main running...
[2026-06-05 13:12:42.232] [info]  (SystemService)        [App info]:
 {
  version: '1.17.6',
  installVersion: '1.17.6',
  electron: '41.6.1',
  node: '24.15.0',
  chromium: '146.0.7680.216',
  buildCode: '10010170062603261238',
  buildId: '1285965',
  buildJobId: '23743424',
  chid: 'official'
}
[2026-06-05 13:12:42.236] [info]  (SystemService)        [System info]:
 {
  osArch: 'x64',
  processArch: 'x64',
  platform: 'linux',
  osType: 'Linux',
  osRelease: '7.0.10',
  osVersoin: '#1-NixOS SMP PREEMPT_DYNAMIC Sat May 23 11:09:44 UTC 2026',
  endianness: 'LE',
  hostName: 'nixos',
  totalMemory: 24906399744,
  sysVersion: '10.0.26100.2605'
}
[2026-06-05 13:12:42.246] [info]  (SystemService)        [User info] {}
[2026-06-05 13:12:42.246] [info]  (SystemService)        Initing app configs!
[2026-06-05 13:12:42.253] [info]  (SystemService)        Set initial version: 1.17.6
[2026-06-05 13:12:42.290] [info]  (SystemService)        Load inject code config.
[2026-06-05 13:12:42.294] [info]  (PlayerService)        Initing player exp.
[2026-06-05 13:12:42.295] [info]  (PlayerService)        Load player config.
[2026-06-05 13:12:42.313] [info]  (AuthService)          init buivd 
[2026-06-05 13:12:42.313] [info]  (AuthService)          no buvid
[2026-06-05 13:12:42.313] [info]  (AuthService)          notfound buvid
[2026-06-05 13:12:42.332] [info]  (ReportService)        Initing log-report!
[2026-06-05 13:12:42.332] [info]  (FfAbTestService)      Fetch FF info.
[2026-06-05 13:12:42.336] [info]  (FfAbTestService)      Parse FF tree.
[2026-06-05 13:12:42.360] [info]  (AppService)             Help server ready! 
[2026-06-05 13:12:42.360] [info]  (AuthService)            Updating cookies!
[2026-06-05 13:12:42.364] [info]  (AppService)             Creating windows!
[2026-06-05 13:12:42.401] [info]  (WindowFactory)          Main window created!
[2026-06-05 13:12:42.405] [info]  (TrayMenuService)        Creating app tray.
[2026-06-05 13:12:42.406] [info]  (TrayMenuService)        Creating app menu.
[2026-06-05 13:12:42.469] [info]  (ReportService)          Init log-report success!
[2026-06-05 13:12:42.485] [info]  (SystemService)          NativeTheme updated, shouldUseDarkColors: false
[2026-06-05 13:12:42.523] [info]  (AuthService)            Updating cookies!
[2026-06-05 13:12:42.612] [info]  (SystemService)          NativeTheme updated, shouldUseDarkColors: true
[2026-06-05 13:12:42.617] [info]  (SystemService)          NativeTheme updated, shouldUseDarkColors: true
[2026-06-05 13:12:42.618] [info]  (SystemService)          NativeTheme updated, shouldUseDarkColors: true
[2026-06-05 13:12:42.701] [info]  (FfAbTestService)        FF env, s-c undefined-prod
[2026-06-05 13:12:42.704] [info]  (FfAbTestService)        FF versions, l-r: NaN-41375
[2026-06-05 13:12:42.705] [info]  (FfAbTestService)        Fetch FF details, env: prod
[2026-06-05 13:12:42.752] [info]  (NotificationService)    Notification conf updated: {"on":true,"initTime":10,"firstPush":720,"pushGap":2160,"dynamic":{"on":true,"probability":0.5},"live":{"on":true,"probability":0.5},"hotsSeries":{"on":true,"day":5,"hour":18}} true
[2026-06-05 13:12:42.756] [info]  (SystemService)          Fetch appConfig success!
[2026-06-05 13:12:42.758] [info]  (PlayerService)          Init player versions.
[2026-06-05 13:12:42.758] [info]  (FfAbTestService)        Parse FF tree.
[2026-06-05 13:12:42.786] [info]  (AuthService)            set buvid in regedit
[2026-06-05 13:12:42.806] [info]  (AuthService)            Updating cookies!
[2026-06-05 13:12:42.862] [info]  (AuthService)            set buvid in regedit succeedsystem illegal
[2026-06-05 13:12:42.938] [debug] (WindowService)          Splash window ready!
[2026-06-05 13:12:43.082] [info]  (AuthController)         set gaia fingerprint webgl
[2026-06-05 13:12:43.164] [info]  (WindowEvents)           App activated!
[2026-06-05 13:12:43.216] [info]  (FfAbTestService)        Parse FF tree.
[2026-06-05 13:12:43.240] [info]  (NotificationService)    Notification:  true
[2026-06-05 13:12:43.240] [info]  (FfAbTestService)        FF: {"sidebar_game_entry":false,"sidebar_upload_hide_r":false,"sidebar_upload_toweb":false,"sidebar_upload_toappbrowser":true,"sidebar_selected_hide2_r":false,"enable_system_notification":true,"is_ugc_season_tab":true,"show_local_video_setting_r":true,"show_search_ad":true}
[2026-06-05 13:12:43.364] [info]  (RenderProcess)          Activate page: HomeRecommends
[2026-06-05 13:12:43.456] [info]  (WindowService)          Main window ready!
[2026-06-05 13:12:43.456] [info]  (DownloadService)        Init DownloadURL Events
[2026-06-05 13:12:43.462] [info]  (AuthService)            Judge login status!
[2026-06-05 13:12:43.473] [warn]  (UpdateService)          APPIMAGE env is not defined, current application is not an AppImage
[2026-06-05 13:12:43.474] [info]  (UpdateService)          Patch info: [{"v":"1.17.8","on":true,"s":"04c6fb8672","b":"100~199","bc":1000,"sv":"1.9.0","ev":"1.17.7","fix":0},{"v":"1.17.6","on":true,"s":"04c6fb8672","b":"0~999","bc":1000,"sv":"1.9.0","ev":"1.17.6","fix":0},{"v":"1.17.5","on":true,"s":"04c6fb8672","b":"0~999","bc":1000,"sv":"1.9.0","ev":"1.17.5","fix":2}]
[2026-06-05 13:12:43.477] [info]  (UpdateService)          Patch bucket: 816
[2026-06-05 13:12:43.481] [info]  (AuthService)            Init system-fp!
[2026-06-05 13:12:43.498] [info]  (WindowEvents)           Register boss shortcut: Ctrl+Shift+C
[2026-06-05 13:12:43.498] [info]  (WindowEvents)           Is boss shortcut registered: true
[2026-06-05 13:12:43.498] [info]  (NotificationService)    Notification mainWindowReady
[2026-06-05 13:12:43.499] [info]  (DownloadService)        Init bili-download!
[2026-06-05 13:12:43.514] [info]  (DownloadService)        Download path: /home/shorin/视频/bilibili
[2026-06-05 13:12:43.537] [info]  (GameService)            Local game list: []
[2026-06-05 13:12:43.537] [info]  (SystemService)          Initing ffmpeg!
[2026-06-05 13:12:43.537] [info]  (SystemService)          Creating ffmpeg dir: /home/shorin/.config/bilibili/ffmpeg
[2026-06-05 13:12:43.538] [info]  (SystemService)          Fetch ffmpeg
[2026-06-05 13:12:43.542] [info]  (ReportService)          Initing performance samples!
[2026-06-05 13:12:43.556] [info]  (WindowFactory)          Player window created!
[2026-06-05 13:12:43.560] [info]  (WindowEvents)           Startup timeline:  {"appReadyTime":null,"splashReadyTime":null,"decryptedTime":null,"bootstrapTime":null,"runCodeTime":null,"runCodeEndTime":null,"mainWindowReady":null}
[2026-06-05 13:12:43.565] [info]  (DownloadService)        Clear check download timer.
[2026-06-05 13:12:43.588] [info]  (DownloadService)        Check auto start download:  true
[2026-06-05 13:12:43.596] [info]  (DownloadService)        Clear check download timer.
[2026-06-05 13:12:43.658] [info]  (AuthService)            Login status:  false
[2026-06-05 13:12:43.694] [info]  (AuthService)            Init system-fp success!
[2026-06-05 13:12:43.993] [info]  (WindowEvents)           App deactivated!
[2026-06-05 13:12:44.198] [info]  (WindowController)       Search page ready!
[2026-06-05 13:12:44.415] [info]  (AuthService)            Updating cookies!
[2026-06-05 13:12:44.441] [info]  (AuthService)            Updating cookies!
[2026-06-05 13:12:44.454] [info]  (WindowController)       Player window ready!
[2026-06-05 13:12:44.541] [info]  (AuthService)            Updating cookies!
[2026-06-05 13:12:44.568] [info]  (AuthService)            Updating cookies!
[2026-06-05 13:12:44.765] [info]  (SystemService)          Fetch ffmpeg success!
[2026-06-05 13:12:44.768] [info]  (SystemService)          Unzip ffmpeg
[2026-06-05 13:12:45.040] [info]  (SystemService)          Unzip ffmpeg success!
[2026-06-05 13:12:49.475] [info]  (WindowEvents)           Focus on mainWindow!
[2026-06-05 13:12:49.690] [info]  (WindowEvents)           App activated!
[2026-06-05 13:12:52.263] [info]  (AuthController)         Request login!
[2026-06-05 13:12:52.288] [info]  (WindowFactory)          Login window created!
[2026-06-05 13:12:52.427] [info]  (WindowFactory)          Initialize login page!
[2026-06-05 13:12:52.519] [info]  (WindowEvents)           LoginWindow page ready!
[2026-06-05 13:12:53.034] [info]  (AuthController)         Init login buvid!
[2026-06-05 13:12:53.183] [info]  (AuthService)            Updating cookies!
[2026-06-05 13:12:53.209] [info]  (AuthService)            Updating cookies!
[2026-06-05 13:12:54.045] [info]  (AuthService)            Checking login status!
[2026-06-05 13:12:55.330] [info]  (AuthService)            Updating cookies!
[2026-06-05 13:12:55.357] [info]  (AuthService)            Updating cookies!
[2026-06-05 13:12:58.104] [info]  (AuthService)            Updating cookies!
[2026-06-05 13:12:58.130] [info]  (AuthService)            Updating cookies!
[2026-06-05 13:13:00.266] [info]  (AuthService)            Updating cookies!
[2026-06-05 13:13:00.300] [info]  (AuthService)            Updating cookies!
[2026-06-05 13:13:02.402] [info]  (AuthService)            Updating cookies!
[2026-06-05 13:13:02.428] [info]  (AuthService)            Updating cookies!
[2026-06-05 13:13:04.534] [info]  (AuthService)            Updating cookies!
[2026-06-05 13:13:04.562] [info]  (AuthService)            Updating cookies!
[2026-06-05 13:13:06.697] [info]  (AuthService)            Updating cookies!
[2026-06-05 13:13:06.725] [info]  (AuthService)            Updating cookies!
[2026-06-05 13:13:08.846] [info]  (AuthService)            Updating cookies!
[2026-06-05 13:13:08.874] [info]  (AuthService)            Updating cookies!
[2026-06-05 13:13:09.263] [info]  (AuthService)            Updating cookies!
[2026-06-05 13:13:09.293] [info]  (AuthService)            Updating cookies!
[2026-06-05 13:13:11.008] [info]  (AuthService)            Updating cookies!
[2026-06-05 13:13:11.033] [info]  (AuthService)            Updating cookies!
[2026-06-05 13:13:13.149] [info]  (AuthService)            Updating cookies!
[2026-06-05 13:13:13.175] [info]  (AuthService)            Updating cookies!
[2026-06-05 13:13:15.300] [info]  (AuthService)            Updating cookies!
[2026-06-05 13:13:15.326] [info]  (AuthService)            Updating cookies!
[2026-06-05 13:13:17.463] [info]  (AuthService)            Updating cookies!
[2026-06-05 13:13:17.488] [info]  (AuthService)            Updating cookies!
[2026-06-05 13:13:17.765] [info]  (AuthService)            Updating cookies!
[2026-06-05 13:13:17.801] [info]  (AuthService)            Updating cookies!
[2026-06-05 13:13:17.831] [info]  (AuthController)         Setup BiliConf, true true
[2026-06-05 13:13:17.864] [info]  (AuthService)            Login status true, updating cookies!
[2026-06-05 13:13:17.896] [info]  (AuthService)            Updating cookies!
[2026-06-05 13:13:17.903] [info]  (AuthService)            Get user info!
[2026-06-05 13:13:17.929] [info]  (WindowEvents)           Focus on mainWindow!
[2026-06-05 13:13:18.131] [info]  (AuthService)            Login success!
[2026-06-05 13:13:18.163] [info]  (EventsService)          Login successful!
[2026-06-05 13:13:18.207] [info]  (DownloadService)        Update bili-download, cachePath: /home/shorin/视频/bilibili
[2026-06-05 13:13:18.211] [info]  (FfAbTestService)        Parse FF tree.
[2026-06-05 13:13:18.233] [info]  (FfAbTestService)        FF: {"sidebar_game_entry":false,"sidebar_upload_hide_r":false,"sidebar_upload_toweb":false,"sidebar_upload_toappbrowser":true,"sidebar_selected_hide2_r":false,"enable_system_notification":true,"is_ugc_season_tab":true,"show_local_video_setting_r":true,"show_search_ad":true}
[2026-06-05 13:13:18.418] [info]  (RenderProcess)          Activate page: HomeRecommends
[2026-06-05 13:13:18.829] [info]  (WindowController)       Search page ready!
[2026-06-05 13:13:22.186] [info]  (WindowController)       Open player window: {"type":"ugc","bvid":"BV1i3Gb6rENm","fromSpmid":"main.home-page-recommend.tianma.1-5-5.0","mediaList":null,"trackId":"web_pegasus_0.router-web-pegasus-2479516-f6fct.1780636398506.431"}
[2026-06-05 13:13:22.722] [info]  (WindowController)       Player window ready!
[2026-06-05 13:13:23.428] [info]  (WindowEvents)           Start close window:  playerWindow
[2026-06-05 13:13:23.442] [info]  (WindowEvents)           Start close window:  playerWindow
[2026-06-05 13:13:23.443] [info]  (WindowEvents)           Player window closed!
[2026-06-05 13:13:23.455] [info]  (WindowEvents)           Focus on mainWindow!
[2026-06-05 13:13:27.279] [info]  (RenderProcess)          Activate page: Selected
[2026-06-05 13:13:27.755] [info]  (RenderProcess)          Activate page: HomeRecommends
[2026-06-05 13:13:28.536] [info]  (WindowController)       Open player window: {"type":"ugc","bvid":"BV1W7Vm6VEmZ","fromSpmid":"main.home-page-recommend.tianma.1-1-1.0","mediaList":null,"trackId":"web_pegasus_0.router-web-pegasus-2479516-f6fct.1780636398506.431"}
[2026-06-05 13:13:28.543] [info]  (WindowEvents)           Focus on playerWindow!
[2026-06-05 13:13:39.626] [info]  (WindowEvents)           Start close window:  playerWindow
[2026-06-05 13:13:39.644] [info]  (WindowEvents)           Start close window:  playerWindow
[2026-06-05 13:13:39.644] [info]  (WindowEvents)           Player window closed!
[2026-06-05 13:13:39.653] [info]  (WindowEvents)           Focus on mainWindow!
[2026-06-05 13:13:40.417] [info]  (WindowEvents)           Start close window:  mainWindow
[2026-06-05 13:13:46.863] [info]  (ConfigController)       SetIsQuitByCloseMain:  true
[2026-06-05 13:13:46.900] [info]  (WindowEvents)           Start close window:  mainWindow
[2026-06-05 13:13:46.900] [info]  (WindowEvents)           Main window closed!
[2026-06-05 13:13:46.901] [info]  (AppController)          Handle quit app!
[2026-06-05 13:13:46.901] [info]  (ConfigService)          Clearing...
[2026-06-05 13:13:46.901] [info]  (TrayMenuService)        Destoring app tray
[2026-06-05 13:13:46.901] [info]  (DownloadService)        Cancel downloading tasks!
[2026-06-05 13:13:46.901] [info]  (DownloadService)        Clear check download timer.
[2026-06-05 13:13:46.910] [info]  (ReportService)          Initing performance samples!
[2026-06-05 13:13:46.943] [info]  (WindowEvents)           Start close window:  mainWindow
[2026-06-05 13:13:46.943] [info]  (WindowEvents)           Main window closed!
[2026-06-05 13:13:46.957] [info]  (WindowEvents)           Start close window:  playerWindow
[2026-06-05 13:13:46.957] [info]  (WindowEvents)           Player window closed!
[2026-06-05 13:13:47.031] [info]  (ConfigController)       Set is selected exit:  false
[2026-06-05 13:13:47.176] [info]  (WindowEvents)           App deactivated!
[2026-06-05 13:13:48.430] [info]  (ConfigService)          App quitting...
[2026-06-05 13:13:48.431] [info]  (AppEvents)              Good-bye!
[2026-06-05 17:10:58.904] [info]  (AppService)           Main running...
[2026-06-05 17:10:58.978] [info]  (SystemService)        [App info]:
 {
  version: '1.17.6',
  installVersion: '1.17.6',
  electron: '41.6.1',
  node: '24.15.0',
  chromium: '146.0.7680.216',
  buildCode: '10010170062603261238',
  buildId: '1285965',
  buildJobId: '23743424',
  chid: 'official'
}
[2026-06-05 17:10:58.980] [info]  (SystemService)        [System info]:
 {
  osArch: 'x64',
  processArch: 'x64',
  platform: 'linux',
  osType: 'Linux',
  osRelease: '7.0.10',
  osVersoin: '#1-NixOS SMP PREEMPT_DYNAMIC Sat May 23 11:09:44 UTC 2026',
  endianness: 'LE',
  hostName: 'nixos',
  totalMemory: 24906399744,
  sysVersion: '10.0.26100.2605'
}
[2026-06-05 17:10:58.983] [info]  (SystemService)        [User info] { isLogin: true, mid: 3632306304583906, uname: 'void博博' }
[2026-06-05 17:10:58.984] [info]  (SystemService)        Initing app configs!
[2026-06-05 17:10:59.015] [info]  (SystemService)        Load inject code config.
[2026-06-05 17:10:59.020] [info]  (PlayerService)        Initing player exp.
[2026-06-05 17:10:59.020] [info]  (PlayerService)        Load player config.
[2026-06-05 17:10:59.032] [info]  (FfAbTestService)      Parse FF tree.
[2026-06-05 17:10:59.056] [info]  (NotificationService)  Notification:  true
[2026-06-05 17:10:59.056] [info]  (FfAbTestService)      FF: {"sidebar_game_entry":false,"sidebar_upload_hide_r":false,"sidebar_upload_toweb":false,"sidebar_upload_toappbrowser":true,"sidebar_selected_hide2_r":false,"enable_system_notification":true,"is_ugc_season_tab":true,"show_local_video_setting_r":true,"show_search_ad":true}
[2026-06-05 17:10:59.089] [info]  (AuthService)          Updating cookies!
[2026-06-05 17:10:59.097] [info]  (AuthService)          init buivd 43E3083959E5485BFFEE24C02606051331gCXK2AM+nB06Gla5fbTw
[2026-06-05 17:10:59.100] [info]  (AuthService)          buvidmark 1
[2026-06-05 17:10:59.109] [info]  (ReportService)        Initing log-report!
[2026-06-05 17:10:59.109] [info]  (FfAbTestService)      Fetch FF info.
[2026-06-05 17:10:59.113] [info]  (FfAbTestService)      Parse FF tree.
[2026-06-05 17:10:59.136] [info]  (FfAbTestService)      FF: {"sidebar_game_entry":false,"sidebar_upload_hide_r":false,"sidebar_upload_toweb":false,"sidebar_upload_toappbrowser":true,"sidebar_selected_hide2_r":false,"enable_system_notification":true,"is_ugc_season_tab":true,"show_local_video_setting_r":true,"show_search_ad":true}
[2026-06-05 17:10:59.191] [info]  (AppService)             Help server ready! 
[2026-06-05 17:10:59.191] [info]  (AuthService)            Updating cookies!
[2026-06-05 17:10:59.195] [info]  (AppService)             Creating windows!
[2026-06-05 17:10:59.246] [info]  (WindowFactory)          Main window created!
[2026-06-05 17:10:59.252] [info]  (TrayMenuService)        Creating app tray.
[2026-06-05 17:10:59.252] [info]  (TrayMenuService)        Creating app menu.
[2026-06-05 17:10:59.324] [error] (SystemService)          Fetch appConfig error! FetchError: request to https://api.bilibili.com/x/elec-frontend/config/appconfig failed, reason: getaddrinfo ENOTFOUND api.bilibili.com
    at ClientRequest.<anonymous> (/nix/store/8dfmgycajkrbbavbpxgffpkxqrmi7fkf-bilibili-1.17.6-2/opt/app.asar/node_modules/node-fetch/lib/index.js:1501:11)
    at ClientRequest.emit (node:events:509:28)
    at emitErrorEvent (node:_http_client:109:11)
    at TLSSocket.socketErrorListener (node:_http_client:593:5)
    at TLSSocket.emit (node:events:509:28)
    at emitErrorNT (node:internal/streams/destroy:170:8)
    at emitErrorCloseNT (node:internal/streams/destroy:129:3)
    at process.processTicksAndRejections (node:internal/process/task_queues:90:21)
[2026-06-05 17:10:59.324] [error] (SystemService)          Load inject code error: FetchError: request to https://api.bilibili.com/x/elec-frontend/config/injectcode failed, reason: getaddrinfo ENOTFOUND api.bilibili.com
    at ClientRequest.<anonymous> (/nix/store/8dfmgycajkrbbavbpxgffpkxqrmi7fkf-bilibili-1.17.6-2/opt/app.asar/node_modules/node-fetch/lib/index.js:1501:11)
    at ClientRequest.emit (node:events:509:28)
    at emitErrorEvent (node:_http_client:109:11)
    at TLSSocket.socketErrorListener (node:_http_client:593:5)
    at TLSSocket.emit (node:events:509:28)
    at emitErrorNT (node:internal/streams/destroy:170:8)
    at emitErrorCloseNT (node:internal/streams/destroy:129:3)
    at process.processTicksAndRejections (node:internal/process/task_queues:90:21)
[2026-06-05 17:10:59.324] [error] (PlayerService)          Load player config error: FetchError: request to https://api.bilibili.com/x/elec-frontend/config/playerconfig failed, reason: getaddrinfo ENOTFOUND api.bilibili.com
    at ClientRequest.<anonymous> (/nix/store/8dfmgycajkrbbavbpxgffpkxqrmi7fkf-bilibili-1.17.6-2/opt/app.asar/node_modules/node-fetch/lib/index.js:1501:11)
    at ClientRequest.emit (node:events:509:28)
    at emitErrorEvent (node:_http_client:109:11)
    at TLSSocket.socketErrorListener (node:_http_client:593:5)
    at TLSSocket.emit (node:events:509:28)
    at emitErrorNT (node:internal/streams/destroy:170:8)
    at emitErrorCloseNT (node:internal/streams/destroy:129:3)
    at process.processTicksAndRejections (node:internal/process/task_queues:90:21)
[2026-06-05 17:10:59.332] [info]  (ReportService)          Init log-report success!
[2026-06-05 17:10:59.332] [error] (FfAbTestService)        Fetch FF error: FetchError: request to https://api.bilibili.com/x/polymer/pc-electron/ff-version failed, reason: getaddrinfo ENOTFOUND api.bilibili.com
    at ClientRequest.<anonymous> (/nix/store/8dfmgycajkrbbavbpxgffpkxqrmi7fkf-bilibili-1.17.6-2/opt/app.asar/node_modules/node-fetch/lib/index.js:1501:11)
    at ClientRequest.emit (node:events:509:28)
    at emitErrorEvent (node:_http_client:109:11)
    at TLSSocket.socketErrorListener (node:_http_client:593:5)
    at TLSSocket.emit (node:events:509:28)
    at emitErrorNT (node:internal/streams/destroy:170:8)
    at emitErrorCloseNT (node:internal/streams/destroy:129:3)
    at process.processTicksAndRejections (node:internal/process/task_queues:90:21)
[2026-06-05 17:10:59.344] [info]  (SystemService)          NativeTheme updated, shouldUseDarkColors: false
[2026-06-05 17:10:59.379] [info]  (AuthService)            Updating cookies!
[2026-06-05 17:10:59.439] [info]  (SystemService)          NativeTheme updated, shouldUseDarkColors: true
[2026-06-05 17:10:59.760] [debug] (WindowService)          Splash window ready!
[2026-06-05 17:11:00.040] [info]  (WindowEvents)           App activated!
[2026-06-05 17:11:00.058] [info]  (AuthController)         set gaia fingerprint webgl
[2026-06-05 17:11:00.360] [info]  (RenderProcess)          Activate page: HomeRecommends
[2026-06-05 17:11:00.429] [info]  (WindowService)          Main window ready!
[2026-06-05 17:11:00.429] [info]  (DownloadService)        Init DownloadURL Events
[2026-06-05 17:11:00.444] [info]  (AuthService)            Checking refresh BiliConf.
[2026-06-05 17:11:00.452] [info]  (AuthService)            Judge login status!
[2026-06-05 17:11:00.464] [warn]  (UpdateService)          APPIMAGE env is not defined, current application is not an AppImage
[2026-06-05 17:11:00.468] [info]  (AuthService)            System-fp ready!
[2026-06-05 17:11:00.501] [info]  (WindowEvents)           Register boss shortcut: Ctrl+Shift+C
[2026-06-05 17:11:00.502] [info]  (WindowEvents)           Is boss shortcut registered: true
[2026-06-05 17:11:00.502] [info]  (NotificationService)    Notification mainWindowReady
[2026-06-05 17:11:00.502] [info]  (DownloadService)        Init bili-download!
[2026-06-05 17:11:00.509] [info]  (DownloadService)        Download path: /home/shorin/视频/bilibili
[2026-06-05 17:11:00.527] [info]  (GameService)            Local game list: []
[2026-06-05 17:11:00.527] [info]  (SystemService)          Initing ffmpeg!
[2026-06-05 17:11:00.532] [info]  (ReportService)          Initing performance samples!
[2026-06-05 17:11:00.546] [info]  (WindowFactory)          Player window created!
[2026-06-05 17:11:00.550] [info]  (WindowEvents)           Startup timeline:  {"appReadyTime":null,"splashReadyTime":null,"decryptedTime":null,"bootstrapTime":null,"runCodeTime":null,"runCodeEndTime":null,"mainWindowReady":null}
[2026-06-05 17:11:00.554] [info]  (DownloadService)        Clear check download timer.
[2026-06-05 17:11:00.570] [info]  (DownloadService)        Check auto start download:  true
[2026-06-05 17:11:00.575] [error] (AuthService)            Checking refresh BiliConf error!
[2026-06-05 17:11:00.576] [error] (AuthService)            Judge login error! FetchError: request to https://api.bilibili.com/x/web-interface/nav failed, reason: getaddrinfo ENOTFOUND api.bilibili.com
    at ClientRequest.<anonymous> (/nix/store/8dfmgycajkrbbavbpxgffpkxqrmi7fkf-bilibili-1.17.6-2/opt/app.asar/node_modules/node-fetch/lib/index.js:1501:11)
    at ClientRequest.emit (node:events:509:28)
    at emitErrorEvent (node:_http_client:109:11)
    at TLSSocket.socketErrorListener (node:_http_client:593:5)
    at TLSSocket.emit (node:events:509:28)
    at emitErrorNT (node:internal/streams/destroy:170:8)
    at emitErrorCloseNT (node:internal/streams/destroy:129:3)
    at process.processTicksAndRejections (node:internal/process/task_queues:90:21)
[2026-06-05 17:11:00.619] [error] (WindowEvents)           Window failed to load: ERR_INTERNET_DISCONNECTED (Error code: -106, url: https://www.bilibili.com/blackboard/fe/activity-qpCzT2eJZD.html))
[2026-06-05 17:11:01.002] [info]  (WindowController)       Search page ready!
[2026-06-05 17:11:01.242] [info]  (WindowController)       Player window ready!
[2026-06-05 17:11:13.709] [info]  (WindowEvents)           Focus on mainWindow!
[2026-06-05 17:11:14.175] [info]  (WindowEvents)           Focus on mainWindow!
[2026-06-05 17:11:14.540] [info]  (WindowEvents)           Focus on mainWindow!
[2026-06-05 17:11:16.493] [info]  (RenderProcess)          Activate page: MineHistory
[2026-06-05 17:11:16.502] [error] (AuthService)            Refresh userInfo error: FetchError: request to https://api.bilibili.com/x/web-interface/nav failed, reason: getaddrinfo ENOTFOUND api.bilibili.com
    at ClientRequest.<anonymous> (/nix/store/8dfmgycajkrbbavbpxgffpkxqrmi7fkf-bilibili-1.17.6-2/opt/app.asar/node_modules/node-fetch/lib/index.js:1501:11)
    at ClientRequest.emit (node:events:509:28)
    at emitErrorEvent (node:_http_client:109:11)
    at TLSSocket.socketErrorListener (node:_http_client:593:5)
    at TLSSocket.emit (node:events:509:28)
    at emitErrorNT (node:internal/streams/destroy:170:8)
    at emitErrorCloseNT (node:internal/streams/destroy:129:3)
    at process.processTicksAndRejections (node:internal/process/task_queues:90:21)
[2026-06-05 17:11:19.695] [info]  (DownloadService)        Clear check download timer.
[2026-06-05 17:11:19.708] [info]  (DownloadService)        Clear check download timer.
[2026-06-05 17:11:19.712] [info]  (RenderProcess)          Activate page: MineDownload
[2026-06-05 17:11:20.357] [info]  (RenderProcess)          Activate page: MineFavorite
[2026-06-05 17:11:20.846] [info]  (RenderProcess)          Activate page: MineWatchLater
[2026-06-05 17:11:21.599] [info]  (RenderProcess)          Activate page: MineFavorite
[2026-06-05 17:11:23.324] [info]  (WindowEvents)           Start close window:  mainWindow
[2026-06-05 17:11:23.324] [info]  (WindowEvents)           Main window closed!
[2026-06-05 17:11:23.532] [info]  (WindowEvents)           App deactivated!
[2026-06-05 17:12:34.064] [info]  (WindowEvents)           Focus on mainWindow!
[2026-06-05 17:12:34.283] [info]  (WindowEvents)           App activated!
[2026-06-05 17:12:37.084] [info]  (WindowEvents)           App deactivated!
[2026-06-05 17:12:37.488] [info]  (WindowEvents)           Focus on mainWindow!
[2026-06-05 17:12:37.669] [info]  (WindowEvents)           Focus on mainWindow!
[2026-06-05 17:12:37.697] [info]  (WindowEvents)           App activated!
[2026-06-05 17:12:38.229] [info]  (WindowEvents)           Focus on mainWindow!
[2026-06-05 17:12:38.898] [info]  (WindowEvents)           App deactivated!
[2026-06-05 17:17:12.220] [error] (AppEvents)              App child-process-gone, reason: {
  type: 'Utility',
  reason: 'killed',
  name: 'Network Service',
  serviceName: 'network.mojom.NetworkService',
  exitCode: 15
}
[2026-06-06 07:00:56.758] [info]  (AppService)           Main running...
[2026-06-06 07:01:00.451] [info]  (SystemService)        [App info]:
 {
  version: '1.17.6',
  installVersion: '1.17.6',
  electron: '41.6.1',
  node: '24.15.0',
  chromium: '146.0.7680.216',
  buildCode: '10010170062603261238',
  buildId: '1285965',
  buildJobId: '23743424',
  chid: 'official'
}
[2026-06-06 07:01:00.454] [info]  (SystemService)        [System info]:
 {
  osArch: 'x64',
  processArch: 'x64',
  platform: 'linux',
  osType: 'Linux',
  osRelease: '7.0.10',
  osVersoin: '#1-NixOS SMP PREEMPT_DYNAMIC Sat May 23 11:09:44 UTC 2026',
  endianness: 'LE',
  hostName: 'nixos',
  totalMemory: 24906412032,
  sysVersion: '10.0.26100.2605'
}
[2026-06-06 07:01:00.461] [info]  (SystemService)        [User info] { isLogin: true, mid: 3632306304583906, uname: 'void博博' }
[2026-06-06 07:01:00.462] [info]  (SystemService)        Initing app configs!
[2026-06-06 07:01:00.519] [info]  (SystemService)        Load inject code config.
[2026-06-06 07:01:00.526] [info]  (PlayerService)        Initing player exp.
[2026-06-06 07:01:00.527] [info]  (PlayerService)        Load player config.
[2026-06-06 07:01:00.548] [info]  (FfAbTestService)      Parse FF tree.
[2026-06-06 07:01:00.590] [info]  (NotificationService)  Notification:  true
[2026-06-06 07:01:00.590] [info]  (FfAbTestService)      FF: {"sidebar_game_entry":false,"sidebar_upload_hide_r":false,"sidebar_upload_toweb":false,"sidebar_upload_toappbrowser":true,"sidebar_selected_hide2_r":false,"enable_system_notification":true,"is_ugc_season_tab":true,"show_local_video_setting_r":true,"show_search_ad":true}
[2026-06-06 07:01:00.646] [info]  (AuthService)          Updating cookies!
[2026-06-06 07:01:00.660] [info]  (AuthService)          init buivd 43E3083959E5485BFFEE24C02606051331gCXK2AM+nB06Gla5fbTw
[2026-06-06 07:01:00.667] [info]  (AuthService)          buvidmark 1
[2026-06-06 07:01:00.681] [info]  (ReportService)        Initing log-report!
[2026-06-06 07:01:00.683] [info]  (FfAbTestService)      Fetch FF info.
[2026-06-06 07:01:00.690] [info]  (FfAbTestService)      Parse FF tree.
[2026-06-06 07:01:00.729] [info]  (FfAbTestService)      FF: {"sidebar_game_entry":false,"sidebar_upload_hide_r":false,"sidebar_upload_toweb":false,"sidebar_upload_toappbrowser":true,"sidebar_selected_hide2_r":false,"enable_system_notification":true,"is_ugc_season_tab":true,"show_local_video_setting_r":true,"show_search_ad":true}
[2026-06-06 07:01:00.817] [info]  (AppService)             Help server ready! 
[2026-06-06 07:01:00.818] [info]  (AuthService)            Updating cookies!
[2026-06-06 07:01:00.826] [info]  (AppService)             Creating windows!
[2026-06-06 07:01:00.935] [info]  (WindowFactory)          Main window created!
[2026-06-06 07:01:00.947] [info]  (TrayMenuService)        Creating app tray.
[2026-06-06 07:01:00.949] [info]  (TrayMenuService)        Creating app menu.
[2026-06-06 07:01:01.108] [info]  (ReportService)          Init log-report success!
[2026-06-06 07:01:01.126] [info]  (SystemService)          NativeTheme updated, shouldUseDarkColors: false
[2026-06-06 07:01:01.162] [info]  (AuthService)            Updating cookies!
[2026-06-06 07:01:01.366] [info]  (SystemService)          NativeTheme updated, shouldUseDarkColors: true
[2026-06-06 07:01:01.375] [info]  (SystemService)          NativeTheme updated, shouldUseDarkColors: true
[2026-06-06 07:01:01.557] [info]  (SystemService)          Fetch appConfig success!
[2026-06-06 07:01:01.559] [info]  (PlayerService)          Init player versions.
[2026-06-06 07:01:01.571] [info]  (FfAbTestService)        FF env, s-c prod
[2026-06-06 07:01:01.580] [info]  (FfAbTestService)        FF versions, l-r: 41375
[2026-06-06 07:01:01.916] [debug] (WindowService)          Splash window ready!
[2026-06-06 07:01:02.224] [info]  (AuthController)         set gaia fingerprint webgl
[2026-06-06 07:01:02.308] [info]  (WindowEvents)           App activated!
[2026-06-06 07:01:02.778] [info]  (RenderProcess)          Activate page: HomeRecommends
[2026-06-06 07:01:02.859] [info]  (WindowService)          Main window ready!
[2026-06-06 07:01:02.859] [info]  (DownloadService)        Init DownloadURL Events
[2026-06-06 07:01:02.887] [info]  (AuthService)            Checking refresh BiliConf.
[2026-06-06 07:01:02.901] [info]  (AuthService)            Judge login status!
[2026-06-06 07:01:02.922] [warn]  (UpdateService)          APPIMAGE env is not defined, current application is not an AppImage
[2026-06-06 07:01:02.922] [info]  (UpdateService)          Patch info: [{"v":"1.17.8","on":true,"s":"04c6fb8672","b":"100~199","bc":1000,"sv":"1.9.0","ev":"1.17.7","fix":0},{"v":"1.17.6","on":true,"s":"04c6fb8672","b":"0~999","bc":1000,"sv":"1.9.0","ev":"1.17.6","fix":0},{"v":"1.17.5","on":true,"s":"04c6fb8672","b":"0~999","bc":1000,"sv":"1.9.0","ev":"1.17.5","fix":2}]
[2026-06-06 07:01:02.930] [info]  (UpdateService)          Patch bucket: 816
[2026-06-06 07:01:02.936] [info]  (AuthService)            System-fp ready!
[2026-06-06 07:01:02.988] [info]  (WindowEvents)           Register boss shortcut: Ctrl+Shift+C
[2026-06-06 07:01:02.988] [info]  (WindowEvents)           Is boss shortcut registered: true
[2026-06-06 07:01:02.988] [info]  (NotificationService)    Notification mainWindowReady
[2026-06-06 07:01:02.989] [info]  (DownloadService)        Init bili-download!
[2026-06-06 07:01:02.997] [info]  (DownloadService)        Download path: /home/shorin/视频/bilibili
[2026-06-06 07:01:03.012] [info]  (GameService)            Local game list: []
[2026-06-06 07:01:03.012] [info]  (SystemService)          Initing ffmpeg!
[2026-06-06 07:01:03.016] [info]  (ReportService)          Initing performance samples!
[2026-06-06 07:01:03.028] [info]  (WindowFactory)          Player window created!
[2026-06-06 07:01:03.033] [info]  (WindowEvents)           Startup timeline:  {"appReadyTime":null,"splashReadyTime":null,"decryptedTime":null,"bootstrapTime":null,"runCodeTime":null,"runCodeEndTime":null,"mainWindowReady":null}
[2026-06-06 07:01:03.042] [info]  (DownloadService)        Clear check download timer.
[2026-06-06 07:01:03.078] [info]  (DownloadService)        Check auto start download:  true
[2026-06-06 07:01:03.200] [info]  (AuthService)            Login status:  true
[2026-06-06 07:01:03.351] [info]  (AuthService)            BiliConf valid!
[2026-06-06 07:01:03.597] [info]  (WindowEvents)           App deactivated!
[2026-06-06 07:01:03.899] [info]  (WindowController)       Search page ready!
[2026-06-06 07:01:04.239] [info]  (WindowController)       Player window ready!
[2026-06-06 07:01:12.754] [info]  (WindowEvents)           Focus on mainWindow!
[2026-06-06 07:01:12.968] [info]  (WindowEvents)           App activated!
[2026-06-06 07:01:15.598] [info]  (WindowEvents)           App deactivated!
[2026-06-06 07:01:15.718] [info]  (WindowEvents)           Focus on mainWindow!
[2026-06-06 07:01:15.934] [info]  (WindowEvents)           App activated!
[2026-06-06 07:01:18.385] [info]  (WindowEvents)           Start close window:  mainWindow
[2026-06-06 07:01:18.387] [info]  (WindowController)       Get visible win num: 1
[2026-06-06 07:01:18.413] [info]  (WindowEvents)           Start close window:  mainWindow
[2026-06-06 07:01:18.413] [info]  (WindowEvents)           Main window closed!
[2026-06-06 07:01:18.415] [info]  (AppController)          Handle quit app!
[2026-06-06 07:01:18.416] [info]  (ConfigService)          Clearing...
[2026-06-06 07:01:18.417] [info]  (TrayMenuService)        Destoring app tray
[2026-06-06 07:01:18.417] [info]  (DownloadService)        Cancel downloading tasks!
[2026-06-06 07:01:18.417] [info]  (DownloadService)        Clear check download timer.
[2026-06-06 07:01:18.442] [info]  (ReportService)          Initing performance samples!
[2026-06-06 07:01:18.567] [info]  (WindowEvents)           Start close window:  mainWindow
[2026-06-06 07:01:18.568] [info]  (WindowEvents)           Main window closed!
[2026-06-06 07:01:18.620] [info]  (WindowEvents)           Start close window:  playerWindow
[2026-06-06 07:01:18.680] [info]  (WindowEvents)           Start close window:  playerWindow
[2026-06-06 07:01:18.681] [info]  (WindowEvents)           Player window closed!
[2026-06-06 07:01:18.683] [info]  (ConfigController)       Set is selected exit:  false
[2026-06-06 07:01:18.834] [info]  (WindowEvents)           App deactivated!
[2026-06-06 07:01:20.022] [info]  (ConfigService)          App quitting...
[2026-06-06 07:01:20.024] [info]  (AppEvents)              Good-bye!
[2026-06-06 07:06:33.459] [info]  (AppService)           Main running...
[2026-06-06 07:06:37.759] [info]  (SystemService)        [App info]:
 {
  version: '1.17.6',
  installVersion: '1.17.6',
  electron: '41.6.1',
  node: '24.15.0',
  chromium: '146.0.7680.216',
  buildCode: '10010170062603261238',
  buildId: '1285965',
  buildJobId: '23743424',
  chid: 'official'
}
[2026-06-06 07:06:37.762] [info]  (SystemService)        [System info]:
 {
  osArch: 'x64',
  processArch: 'x64',
  platform: 'linux',
  osType: 'Linux',
  osRelease: '7.0.10',
  osVersoin: '#1-NixOS SMP PREEMPT_DYNAMIC Sat May 23 11:09:44 UTC 2026',
  endianness: 'LE',
  hostName: 'nixos',
  totalMemory: 24906412032,
  sysVersion: '10.0.26100.2605'
}
[2026-06-06 07:06:37.769] [info]  (SystemService)        [User info] { isLogin: true, mid: 3632306304583906, uname: 'void博博' }
[2026-06-06 07:06:37.770] [info]  (SystemService)        Initing app configs!
[2026-06-06 07:06:37.826] [info]  (SystemService)        Load inject code config.
[2026-06-06 07:06:37.834] [info]  (PlayerService)        Initing player exp.
[2026-06-06 07:06:37.834] [info]  (PlayerService)        Load player config.
[2026-06-06 07:06:37.860] [info]  (FfAbTestService)      Parse FF tree.
[2026-06-06 07:06:37.902] [info]  (NotificationService)  Notification:  true
[2026-06-06 07:06:37.902] [info]  (FfAbTestService)      FF: {"sidebar_game_entry":false,"sidebar_upload_hide_r":false,"sidebar_upload_toweb":false,"sidebar_upload_toappbrowser":true,"sidebar_selected_hide2_r":false,"enable_system_notification":true,"is_ugc_season_tab":true,"show_local_video_setting_r":true,"show_search_ad":true}
[2026-06-06 07:06:37.937] [info]  (AuthService)          Updating cookies!
[2026-06-06 07:06:37.945] [info]  (AuthService)          init buivd 43E3083959E5485BFFEE24C02606051331gCXK2AM+nB06Gla5fbTw
[2026-06-06 07:06:37.949] [info]  (AuthService)          buvidmark 1
[2026-06-06 07:06:37.956] [info]  (ReportService)        Initing log-report!
[2026-06-06 07:06:37.958] [info]  (FfAbTestService)      Fetch FF info.
[2026-06-06 07:06:37.961] [info]  (FfAbTestService)      Parse FF tree.
[2026-06-06 07:06:37.983] [info]  (FfAbTestService)      FF: {"sidebar_game_entry":false,"sidebar_upload_hide_r":false,"sidebar_upload_toweb":false,"sidebar_upload_toappbrowser":true,"sidebar_selected_hide2_r":false,"enable_system_notification":true,"is_ugc_season_tab":true,"show_local_video_setting_r":true,"show_search_ad":true}
[2026-06-06 07:06:38.040] [info]  (AppService)             Help server ready! 
[2026-06-06 07:06:38.041] [info]  (AuthService)            Updating cookies!
[2026-06-06 07:06:38.055] [info]  (AppService)             Creating windows!
[2026-06-06 07:06:38.155] [info]  (WindowFactory)          Main window created!
[2026-06-06 07:06:38.168] [info]  (TrayMenuService)        Creating app tray.
[2026-06-06 07:06:38.169] [info]  (TrayMenuService)        Creating app menu.
[2026-06-06 07:06:38.287] [info]  (ReportService)          Init log-report success!
[2026-06-06 07:06:38.299] [info]  (SystemService)          NativeTheme updated, shouldUseDarkColors: false
[2026-06-06 07:06:38.322] [info]  (AuthService)            Updating cookies!
[2026-06-06 07:06:38.523] [info]  (SystemService)          NativeTheme updated, shouldUseDarkColors: true
[2026-06-06 07:06:38.535] [info]  (SystemService)          NativeTheme updated, shouldUseDarkColors: true
[2026-06-06 07:06:38.671] [info]  (SystemService)          Fetch appConfig success!
[2026-06-06 07:06:38.841] [info]  (PlayerService)          Init player versions.
[2026-06-06 07:06:38.864] [info]  (FfAbTestService)        FF env, s-c prod
[2026-06-06 07:06:38.875] [info]  (FfAbTestService)        FF versions, l-r: 41375
[2026-06-06 07:06:38.976] [debug] (WindowService)          Splash window ready!
[2026-06-06 07:06:39.272] [info]  (WindowEvents)           App activated!
[2026-06-06 07:06:39.306] [info]  (AuthController)         set gaia fingerprint webgl
[2026-06-06 07:06:39.698] [info]  (RenderProcess)          Activate page: HomeRecommends
[2026-06-06 07:06:39.762] [info]  (WindowService)          Main window ready!
[2026-06-06 07:06:39.763] [info]  (DownloadService)        Init DownloadURL Events
[2026-06-06 07:06:39.786] [info]  (AuthService)            Checking refresh BiliConf.
[2026-06-06 07:06:39.802] [info]  (AuthService)            Judge login status!
[2026-06-06 07:06:39.825] [warn]  (UpdateService)          APPIMAGE env is not defined, current application is not an AppImage
[2026-06-06 07:06:39.826] [info]  (UpdateService)          Patch info: [{"v":"1.17.8","on":true,"s":"04c6fb8672","b":"100~199","bc":1000,"sv":"1.9.0","ev":"1.17.7","fix":0},{"v":"1.17.6","on":true,"s":"04c6fb8672","b":"0~999","bc":1000,"sv":"1.9.0","ev":"1.17.6","fix":0},{"v":"1.17.5","on":true,"s":"04c6fb8672","b":"0~999","bc":1000,"sv":"1.9.0","ev":"1.17.5","fix":2}]
[2026-06-06 07:06:39.833] [info]  (UpdateService)          Patch bucket: 816
[2026-06-06 07:06:39.841] [info]  (AuthService)            System-fp ready!
[2026-06-06 07:06:39.882] [info]  (WindowEvents)           Register boss shortcut: Ctrl+Shift+C
[2026-06-06 07:06:39.882] [info]  (WindowEvents)           Is boss shortcut registered: true
[2026-06-06 07:06:39.882] [info]  (NotificationService)    Notification mainWindowReady
[2026-06-06 07:06:39.883] [info]  (DownloadService)        Init bili-download!
[2026-06-06 07:06:39.890] [info]  (DownloadService)        Download path: /home/shorin/视频/bilibili
[2026-06-06 07:06:39.904] [info]  (GameService)            Local game list: []
[2026-06-06 07:06:39.905] [info]  (SystemService)          Initing ffmpeg!
[2026-06-06 07:06:39.908] [info]  (ReportService)          Initing performance samples!
[2026-06-06 07:06:39.921] [info]  (WindowFactory)          Player window created!
[2026-06-06 07:06:39.925] [info]  (WindowEvents)           Startup timeline:  {"appReadyTime":null,"splashReadyTime":null,"decryptedTime":null,"bootstrapTime":null,"runCodeTime":null,"runCodeEndTime":null,"mainWindowReady":null}
[2026-06-06 07:06:39.929] [info]  (DownloadService)        Clear check download timer.
[2026-06-06 07:06:39.945] [info]  (DownloadService)        Check auto start download:  true
[2026-06-06 07:06:40.236] [info]  (AuthService)            Login status:  true
[2026-06-06 07:06:40.386] [info]  (WindowController)       Search page ready!
[2026-06-06 07:06:40.410] [info]  (AuthService)            BiliConf valid!
[2026-06-06 07:06:40.966] [info]  (WindowController)       Player window ready!
[2026-06-06 07:06:44.332] [info]  (WindowController)       Open player window: {"type":"ugc","bvid":"BV1MnVh6TEr5","fromSpmid":"main.home-page-recommend.tianma.1-1-1.0","mediaList":null,"trackId":"web_pegasus_0.router-web-pegasus-2479516-sm4rx.1780700799940.475"}
[2026-06-06 07:08:49.680] [info]  (WindowEvents)           Start close window:  playerWindow
[2026-06-06 07:08:49.728] [info]  (WindowEvents)           Start close window:  playerWindow
[2026-06-06 07:08:49.729] [info]  (WindowEvents)           Player window closed!
[2026-06-06 07:08:49.747] [info]  (WindowEvents)           Focus on mainWindow!
[2026-06-06 07:08:53.901] [info]  (RenderProcess)          Activate page: SpaceDynamic
[2026-06-06 07:08:55.443] [info]  (RenderProcess)          Activate page: SpaceVideo
[2026-06-06 07:08:56.125] [info]  (RenderProcess)          Activate page: SpaceVideo
[2026-06-06 07:08:56.859] [info]  (RenderProcess)          Activate page: SpaceDynamic
[2026-06-06 07:08:59.678] [info]  (RenderProcess)          Activate page: SpaceVideo
[2026-06-06 07:09:01.837] [info]  (RenderProcess)          Activate page: SpaceVideo
[2026-06-06 07:09:03.224] [info]  (RenderProcess)          Activate page: SpaceDynamic
[2026-06-06 07:09:06.066] [info]  (RenderProcess)          Activate page: HomeRecommends
[2026-06-06 07:09:07.235] [info]  (WindowController)       Open player window: {"type":"ugc","bvid":"BV1MnVh6TEr5","fromSpmid":"main.home-page-recommend.tianma.1-1-1.0","mediaList":null,"trackId":"web_pegasus_0.router-web-pegasus-2479516-sm4rx.1780700799940.475"}
[2026-06-06 07:09:07.304] [info]  (WindowEvents)           Focus on playerWindow!
[2026-06-06 07:09:10.771] [info]  (WindowEvents)           Start close window:  playerWindow
[2026-06-06 07:09:10.813] [info]  (WindowEvents)           Start close window:  playerWindow
[2026-06-06 07:09:10.813] [info]  (WindowEvents)           Player window closed!
[2026-06-06 07:09:10.834] [info]  (WindowEvents)           Focus on mainWindow!
[2026-06-06 07:09:14.359] [info]  (WindowController)       Open player window: {"type":"ugc","bvid":"BV1vydcBqEZV","fromSpmid":"main.home-page-recommend.tianma.2-1-6.0","mediaList":null,"trackId":"web_pegasus_0.router-web-pegasus-2479516-sm4rx.1780700799940.475"}
[2026-06-06 07:09:14.376] [info]  (WindowEvents)           Focus on playerWindow!
[2026-06-06 07:10:07.978] [info]  (WindowEvents)           App deactivated!
[2026-06-06 07:11:38.644] [info]  (AppService)           Main running...
[2026-06-06 07:11:43.127] [info]  (SystemService)        [App info]:
 {
  version: '1.17.6',
  installVersion: '1.17.6',
  electron: '41.6.1',
  node: '24.15.0',
  chromium: '146.0.7680.216',
  buildCode: '10010170062603261238',
  buildId: '1285965',
  buildJobId: '23743424',
  chid: 'official'
}
[2026-06-06 07:11:43.129] [info]  (SystemService)        [System info]:
 {
  osArch: 'x64',
  processArch: 'x64',
  platform: 'linux',
  osType: 'Linux',
  osRelease: '7.0.10',
  osVersoin: '#1-NixOS SMP PREEMPT_DYNAMIC Sat May 23 11:09:44 UTC 2026',
  endianness: 'LE',
  hostName: 'nixos',
  totalMemory: 24906412032,
  sysVersion: '10.0.26100.2605'
}
[2026-06-06 07:11:43.139] [info]  (SystemService)        [User info] { isLogin: true, mid: 3632306304583906, uname: 'void博博' }
[2026-06-06 07:11:43.140] [info]  (SystemService)        Initing app configs!
[2026-06-06 07:11:43.220] [info]  (SystemService)        Load inject code config.
[2026-06-06 07:11:43.231] [info]  (PlayerService)        Initing player exp.
[2026-06-06 07:11:43.231] [info]  (PlayerService)        Load player config.
[2026-06-06 07:11:43.258] [info]  (FfAbTestService)      Parse FF tree.
[2026-06-06 07:11:43.288] [info]  (NotificationService)  Notification:  true
[2026-06-06 07:11:43.288] [info]  (FfAbTestService)      FF: {"sidebar_game_entry":false,"sidebar_upload_hide_r":false,"sidebar_upload_toweb":false,"sidebar_upload_toappbrowser":true,"sidebar_selected_hide2_r":false,"enable_system_notification":true,"is_ugc_season_tab":true,"show_local_video_setting_r":true,"show_search_ad":true}
[2026-06-06 07:11:43.320] [info]  (AuthService)          Updating cookies!
[2026-06-06 07:11:43.327] [info]  (AuthService)          init buivd 43E3083959E5485BFFEE24C02606051331gCXK2AM+nB06Gla5fbTw
[2026-06-06 07:11:43.331] [info]  (AuthService)          buvidmark 1
[2026-06-06 07:11:43.339] [info]  (ReportService)        Initing log-report!
[2026-06-06 07:11:43.340] [info]  (FfAbTestService)      Fetch FF info.
[2026-06-06 07:11:43.344] [info]  (FfAbTestService)      Parse FF tree.
[2026-06-06 07:11:43.366] [info]  (FfAbTestService)      FF: {"sidebar_game_entry":false,"sidebar_upload_hide_r":false,"sidebar_upload_toweb":false,"sidebar_upload_toappbrowser":true,"sidebar_selected_hide2_r":false,"enable_system_notification":true,"is_ugc_season_tab":true,"show_local_video_setting_r":true,"show_search_ad":true}
[2026-06-06 07:11:43.419] [info]  (AppService)             Help server ready! Port: 22332
[2026-06-06 07:11:43.419] [info]  (AuthService)            Updating cookies!
[2026-06-06 07:11:43.423] [info]  (AppService)             Creating windows!
[2026-06-06 07:11:43.485] [info]  (WindowFactory)          Main window created!
[2026-06-06 07:11:43.492] [info]  (TrayMenuService)        Creating app tray.
[2026-06-06 07:11:43.493] [info]  (TrayMenuService)        Creating app menu.
[2026-06-06 07:11:43.718] [info]  (ReportService)          Init log-report success!
[2026-06-06 07:11:43.748] [info]  (SystemService)          NativeTheme updated, shouldUseDarkColors: false
[2026-06-06 07:11:43.812] [info]  (AuthService)            Updating cookies!
[2026-06-06 07:11:44.113] [info]  (SystemService)          NativeTheme updated, shouldUseDarkColors: true
[2026-06-06 07:11:44.124] [info]  (FfAbTestService)        FF env, s-c prod
[2026-06-06 07:11:44.128] [info]  (FfAbTestService)        FF versions, l-r: 41375
[2026-06-06 07:11:44.129] [info]  (SystemService)          Fetch appConfig success!
[2026-06-06 07:11:44.130] [info]  (PlayerService)          Init player versions.
[2026-06-06 07:11:44.130] [info]  (SystemService)          NativeTheme updated, shouldUseDarkColors: true
[2026-06-06 07:11:44.130] [info]  (SystemService)          NativeTheme updated, shouldUseDarkColors: true
[2026-06-06 07:11:44.538] [debug] (WindowService)          Splash window ready!
[2026-06-06 07:11:44.834] [info]  (WindowEvents)           App activated!
[2026-06-06 07:11:44.854] [info]  (AuthController)         set gaia fingerprint webgl
[2026-06-06 07:11:45.357] [info]  (RenderProcess)          Activate page: HomeRecommends
[2026-06-06 07:11:45.415] [info]  (WindowService)          Main window ready!
[2026-06-06 07:11:45.415] [info]  (DownloadService)        Init DownloadURL Events
[2026-06-06 07:11:45.444] [info]  (AuthService)            Checking refresh BiliConf.
[2026-06-06 07:11:45.463] [info]  (AuthService)            Judge login status!
[2026-06-06 07:11:45.494] [warn]  (UpdateService)          APPIMAGE env is not defined, current application is not an AppImage
[2026-06-06 07:11:45.494] [info]  (UpdateService)          Patch info: [{"v":"1.17.8","on":true,"s":"04c6fb8672","b":"100~199","bc":1000,"sv":"1.9.0","ev":"1.17.7","fix":0},{"v":"1.17.6","on":true,"s":"04c6fb8672","b":"0~999","bc":1000,"sv":"1.9.0","ev":"1.17.6","fix":0},{"v":"1.17.5","on":true,"s":"04c6fb8672","b":"0~999","bc":1000,"sv":"1.9.0","ev":"1.17.5","fix":2}]
[2026-06-06 07:11:45.505] [info]  (UpdateService)          Patch bucket: 816
[2026-06-06 07:11:45.515] [info]  (AuthService)            System-fp ready!
[2026-06-06 07:11:45.581] [info]  (WindowEvents)           Register boss shortcut: Ctrl+Shift+C
[2026-06-06 07:11:45.581] [info]  (WindowEvents)           Is boss shortcut registered: true
[2026-06-06 07:11:45.582] [info]  (NotificationService)    Notification mainWindowReady
[2026-06-06 07:11:45.582] [info]  (DownloadService)        Init bili-download!
[2026-06-06 07:11:45.596] [info]  (DownloadService)        Download path: /home/shorin/视频/bilibili
[2026-06-06 07:11:45.615] [info]  (GameService)            Local game list: []
[2026-06-06 07:11:45.615] [info]  (SystemService)          Initing ffmpeg!
[2026-06-06 07:11:45.619] [info]  (ReportService)          Initing performance samples!
[2026-06-06 07:11:45.633] [info]  (WindowFactory)          Player window created!
[2026-06-06 07:11:45.640] [info]  (WindowEvents)           Startup timeline:  {"appReadyTime":null,"splashReadyTime":null,"decryptedTime":null,"bootstrapTime":null,"runCodeTime":null,"runCodeEndTime":null,"mainWindowReady":null}
[2026-06-06 07:11:45.645] [info]  (DownloadService)        Clear check download timer.
[2026-06-06 07:11:45.663] [info]  (DownloadService)        Check auto start download:  true
[2026-06-06 07:11:45.855] [info]  (AuthService)            Login status:  true
[2026-06-06 07:11:46.283] [info]  (AuthService)            BiliConf valid!
[2026-06-06 07:11:46.308] [info]  (WindowController)       Search page ready!
[2026-06-06 07:11:46.528] [info]  (WindowEvents)           Focus on mainWindow!
[2026-06-06 07:11:46.533] [info]  (WindowEvents)           Focus on playerWindow!
[2026-06-06 07:11:46.610] [info]  (WindowEvents)           Focus on mainWindow!
[2026-06-06 07:11:46.818] [info]  (WindowController)       Player window ready!
[2026-06-06 07:11:46.978] [info]  (AuthService)            Updating cookies!
[2026-06-06 07:11:47.030] [info]  (AuthService)            Updating cookies!
[2026-06-06 07:11:47.302] [info]  (AuthService)            Updating cookies!
[2026-06-06 07:11:47.351] [info]  (AuthService)            Updating cookies!
[2026-06-06 07:11:47.592] [info]  (WindowEvents)           Focus on playerWindow!
[2026-06-06 07:11:47.632] [info]  (WindowEvents)           Focus on mainWindow!
[2026-06-06 07:11:47.718] [info]  (WindowEvents)           App deactivated!
[2026-06-06 07:11:47.813] [info]  (WindowEvents)           App activated!
[2026-06-06 07:11:48.096] [info]  (WindowEvents)           Focus on playerWindow!
[2026-06-06 07:11:48.148] [info]  (WindowEvents)           Focus on mainWindow!
[2026-06-06 07:11:48.311] [info]  (WindowEvents)           App deactivated!
[2026-06-06 07:11:48.368] [info]  (WindowEvents)           App activated!
[2026-06-06 07:11:48.734] [info]  (WindowEvents)           Focus on playerWindow!
[2026-06-06 07:11:48.752] [info]  (WindowEvents)           Focus on mainWindow!
[2026-06-06 07:11:48.951] [info]  (WindowEvents)           App activated!
[2026-06-06 07:11:48.997] [info]  (WindowEvents)           App deactivated!
[2026-06-06 07:11:49.180] [info]  (WindowEvents)           Focus on playerWindow!
[2026-06-06 07:11:49.252] [info]  (WindowEvents)           Focus on mainWindow!
[2026-06-06 07:11:49.391] [info]  (WindowEvents)           App deactivated!
[2026-06-06 07:11:49.470] [info]  (WindowEvents)           App activated!
[2026-06-06 07:11:52.656] [info]  (WindowEvents)           Start close window:  mainWindow
[2026-06-06 07:11:52.660] [info]  (WindowController)       Get visible win num: 1
[2026-06-06 07:11:52.691] [info]  (WindowEvents)           Start close window:  mainWindow
[2026-06-06 07:11:52.692] [info]  (WindowEvents)           Main window closed!
[2026-06-06 07:11:52.694] [info]  (AppController)          Handle quit app!
[2026-06-06 07:11:52.695] [info]  (ConfigService)          Clearing...
[2026-06-06 07:11:52.696] [info]  (TrayMenuService)        Destoring app tray
[2026-06-06 07:11:52.696] [info]  (DownloadService)        Cancel downloading tasks!
[2026-06-06 07:11:52.696] [info]  (DownloadService)        Clear check download timer.
[2026-06-06 07:11:52.722] [info]  (ReportService)          Initing performance samples!
[2026-06-06 07:11:52.799] [info]  (WindowEvents)           Start close window:  mainWindow
[2026-06-06 07:11:52.800] [info]  (WindowEvents)           Main window closed!
[2026-06-06 07:11:52.818] [info]  (WindowEvents)           Start close window:  playerWindow
[2026-06-06 07:11:52.823] [info]  (ConfigController)       Set is selected exit:  false
[2026-06-06 07:11:52.873] [info]  (WindowEvents)           Start close window:  playerWindow
[2026-06-06 07:11:52.874] [info]  (WindowEvents)           Player window closed!
[2026-06-06 07:11:53.032] [info]  (WindowEvents)           App deactivated!
[2026-06-06 07:11:54.276] [info]  (ConfigService)          App quitting...
[2026-06-06 07:11:54.278] [info]  (AppEvents)              Good-bye!
[2026-06-06 07:11:55.573] [info]  (WindowEvents)           Focus on mainWindow!
[2026-06-06 07:11:55.577] [info]  (WindowEvents)           Focus on playerWindow!
[2026-06-06 07:11:55.792] [info]  (WindowEvents)           App activated!
[2026-06-06 07:11:57.812] [info]  (WindowEvents)           App deactivated!
[2026-06-06 07:12:22.026] [info]  (WindowEvents)           Focus on playerWindow!
[2026-06-06 07:12:22.244] [info]  (WindowEvents)           App activated!
[2026-06-06 07:12:25.776] [info]  (WindowEvents)           App deactivated!
[2026-06-06 07:15:05.078] [info]  (WindowEvents)           Focus on playerWindow!
[2026-06-06 07:15:05.625] [info]  (WindowEvents)           Focus on playerWindow!
[2026-06-06 07:15:05.846] [info]  (WindowEvents)           App activated!
[2026-06-06 07:16:29.945] [info]  (WindowEvents)           App deactivated!
[2026-06-06 07:17:22.478] [info]  (WindowEvents)           Focus on playerWindow!
[2026-06-06 07:17:22.720] [info]  (WindowEvents)           App activated!
[2026-06-06 07:17:24.883] [info]  (WindowEvents)           App deactivated!
[2026-06-06 07:17:57.514] [info]  (WindowEvents)           Focus on playerWindow!
[2026-06-06 07:17:57.732] [info]  (WindowEvents)           App activated!
[2026-06-06 07:17:58.227] [info]  (WindowEvents)           App deactivated!
[2026-06-06 07:17:58.411] [info]  (WindowEvents)           Focus on playerWindow!
[2026-06-06 07:17:58.628] [info]  (WindowEvents)           App activated!
[2026-06-06 07:18:00.135] [info]  (WindowEvents)           Start close window:  playerWindow
[2026-06-06 07:18:00.180] [info]  (WindowEvents)           Start close window:  playerWindow
[2026-06-06 07:18:00.180] [info]  (WindowEvents)           Player window closed!
[2026-06-06 07:18:00.224] [info]  (WindowEvents)           Focus on mainWindow!
[2026-06-06 07:18:17.672] [info]  (WindowController)       Open player window: {"type":"ugc","bvid":"BV1vydcBqEZV","fromSpmid":"main.home-page-recommend.tianma.2-1-6.0","mediaList":null,"trackId":"web_pegasus_0.router-web-pegasus-2479516-sm4rx.1780700799940.475"}
[2026-06-06 07:18:17.689] [info]  (WindowEvents)           Focus on playerWindow!
[2026-06-06 07:18:20.714] [info]  (WindowController)       Open main window page:  {
  page: 'SpacePage',
  meta: {
    mid: '3546845005482024',
    fromOuterSpmId: 'main.play-detail.0.0.pv'
  }
}
[2026-06-06 07:18:20.768] [info]  (WindowEvents)           Focus on mainWindow!
[2026-06-06 07:18:20.773] [info]  (RenderProcess)          Activate page: SpaceDynamic
[2026-06-06 07:18:21.173] [info]  (RenderProcess)          Activate page: SpaceDynamic
[2026-06-06 07:18:25.591] [info]  (WindowEvents)           Start close window:  playerWindow
[2026-06-06 07:18:25.656] [info]  (WindowEvents)           Start close window:  playerWindow
[2026-06-06 07:18:25.657] [info]  (WindowEvents)           Player window closed!
[2026-06-06 07:18:31.844] [info]  (WindowController)       Open player window: {"bvid":"BV1ji7k68E99","type":"ugc","fromSpmid":"main.space-dynamic.0.0.pv"}
[2026-06-06 07:18:31.883] [info]  (WindowEvents)           Focus on playerWindow!
[2026-06-06 07:18:42.606] [info]  (WindowEvents)           App deactivated!
[2026-06-06 07:19:25.829] [info]  (WindowEvents)           Focus on playerWindow!
[2026-06-06 07:19:26.041] [info]  (WindowEvents)           App activated!
[2026-06-06 07:19:57.166] [info]  (WindowEvents)           App deactivated!
[2026-06-06 07:20:16.568] [info]  (WindowEvents)           Focus on playerWindow!
[2026-06-06 07:20:16.785] [info]  (WindowEvents)           App activated!
[2026-06-06 07:20:17.084] [info]  (WindowEvents)           App deactivated!
[2026-06-06 07:20:24.424] [info]  (WindowEvents)           Focus on playerWindow!
[2026-06-06 07:20:54.347] [info]  (WindowEvents)           Focus on playerWindow!
[2026-06-06 07:20:54.580] [info]  (WindowEvents)           App activated!
[2026-06-06 07:21:02.101] [info]  (WindowEvents)           App deactivated!
[2026-06-06 07:21:33.685] [info]  (WindowEvents)           Focus on playerWindow!
[2026-06-06 07:21:33.907] [info]  (WindowEvents)           App activated!
[2026-06-06 07:21:35.663] [info]  (WindowEvents)           Start close window:  playerWindow
[2026-06-06 07:21:35.718] [info]  (WindowEvents)           Start close window:  playerWindow
[2026-06-06 07:21:35.719] [info]  (WindowEvents)           Player window closed!
[2026-06-06 07:21:35.744] [info]  (WindowEvents)           Focus on mainWindow!
[2026-06-06 07:21:37.134] [info]  (WindowEvents)           App deactivated!
[2026-06-06 07:21:37.847] [error] (SystemService)          Fetch appConfig error! FetchError: request to https://api.bilibili.com/x/elec-frontend/config/appconfig failed, reason: getaddrinfo EAI_AGAIN api.bilibili.com
    at ClientRequest.<anonymous> (/nix/store/8dfmgycajkrbbavbpxgffpkxqrmi7fkf-bilibili-1.17.6-2/opt/app.asar/node_modules/node-fetch/lib/index.js:1501:11)
    at ClientRequest.emit (node:events:509:28)
    at emitErrorEvent (node:_http_client:109:11)
    at TLSSocket.socketErrorListener (node:_http_client:593:5)
    at TLSSocket.emit (node:events:509:28)
    at emitErrorNT (node:internal/streams/destroy:170:8)
    at emitErrorCloseNT (node:internal/streams/destroy:129:3)
    at process.processTicksAndRejections (node:internal/process/task_queues:90:21)
[2026-06-06 07:21:58.694] [info]  (WindowEvents)           Focus on mainWindow!
[2026-06-06 07:21:58.910] [info]  (WindowEvents)           App activated!
[2026-06-06 07:22:00.354] [info]  (WindowEvents)           Start close window:  mainWindow
[2026-06-06 07:22:00.355] [info]  (WindowEvents)           Main window closed!
[2026-06-06 07:22:00.573] [info]  (WindowEvents)           App deactivated!
[2026-06-06 07:33:14.606] [info]  (ConfigService)          Clearing...
[2026-06-06 07:33:14.609] [info]  (TrayMenuService)        Destoring app tray
[2026-06-06 07:33:14.610] [info]  (DownloadService)        Cancel downloading tasks!
[2026-06-06 15:57:23.655] [info]  (AppService)           Main running...
[2026-06-06 15:57:27.266] [info]  (SystemService)        [App info]:
 {
  version: '1.17.6',
  installVersion: '1.17.6',
  electron: '41.6.1',
  node: '24.15.0',
  chromium: '146.0.7680.216',
  buildCode: '10010170062603261238',
  buildId: '1285965',
  buildJobId: '23743424',
  chid: 'official'
}
[2026-06-06 15:57:27.269] [info]  (SystemService)        [System info]:
 {
  osArch: 'x64',
  processArch: 'x64',
  platform: 'linux',
  osType: 'Linux',
  osRelease: '7.0.10',
  osVersoin: '#1-NixOS SMP PREEMPT_DYNAMIC Sat May 23 11:09:44 UTC 2026',
  endianness: 'LE',
  hostName: 'nixos',
  totalMemory: 24906412032,
  sysVersion: '10.0.26100.2605'
}
[2026-06-06 15:57:27.276] [info]  (SystemService)        [User info] { isLogin: true, mid: 3632306304583906, uname: 'void博博' }
[2026-06-06 15:57:27.277] [info]  (SystemService)        Initing app configs!
[2026-06-06 15:57:27.333] [info]  (SystemService)        Load inject code config.
[2026-06-06 15:57:27.340] [info]  (PlayerService)        Initing player exp.
[2026-06-06 15:57:27.341] [info]  (PlayerService)        Load player config.
[2026-06-06 15:57:27.367] [info]  (FfAbTestService)      Parse FF tree.
[2026-06-06 15:57:27.407] [info]  (NotificationService)  Notification:  true
[2026-06-06 15:57:27.408] [info]  (FfAbTestService)      FF: {"sidebar_game_entry":false,"sidebar_upload_hide_r":false,"sidebar_upload_toweb":false,"sidebar_upload_toappbrowser":true,"sidebar_selected_hide2_r":false,"enable_system_notification":true,"is_ugc_season_tab":true,"show_local_video_setting_r":true,"show_search_ad":true}
[2026-06-06 15:57:27.443] [info]  (AuthService)          Updating cookies!
[2026-06-06 15:57:27.451] [info]  (AuthService)          init buivd 43E3083959E5485BFFEE24C02606051331gCXK2AM+nB06Gla5fbTw
[2026-06-06 15:57:27.455] [info]  (AuthService)          buvidmark 1
[2026-06-06 15:57:27.463] [info]  (ReportService)        Initing log-report!
[2026-06-06 15:57:27.463] [info]  (FfAbTestService)      Fetch FF info.
[2026-06-06 15:57:27.467] [info]  (FfAbTestService)      Parse FF tree.
[2026-06-06 15:57:27.489] [info]  (FfAbTestService)      FF: {"sidebar_game_entry":false,"sidebar_upload_hide_r":false,"sidebar_upload_toweb":false,"sidebar_upload_toappbrowser":true,"sidebar_selected_hide2_r":false,"enable_system_notification":true,"is_ugc_season_tab":true,"show_local_video_setting_r":true,"show_search_ad":true}
[2026-06-06 15:57:27.546] [info]  (AppService)             Help server ready! 
[2026-06-06 15:57:27.547] [info]  (AuthService)            Updating cookies!
[2026-06-06 15:57:27.555] [info]  (AppService)             Creating windows!
[2026-06-06 15:57:27.671] [info]  (WindowFactory)          Main window created!
[2026-06-06 15:57:27.684] [info]  (TrayMenuService)        Creating app tray.
[2026-06-06 15:57:27.685] [info]  (TrayMenuService)        Creating app menu.
[2026-06-06 15:57:27.839] [info]  (ReportService)          Init log-report success!
[2026-06-06 15:57:27.871] [info]  (SystemService)          NativeTheme updated, shouldUseDarkColors: false
[2026-06-06 15:57:27.924] [info]  (AuthService)            Updating cookies!
[2026-06-06 15:57:28.062] [info]  (SystemService)          NativeTheme updated, shouldUseDarkColors: true
[2026-06-06 15:57:28.066] [info]  (SystemService)          NativeTheme updated, shouldUseDarkColors: true
[2026-06-06 15:57:28.290] [info]  (PlayerService)          Init player versions.
[2026-06-06 15:57:28.303] [info]  (FfAbTestService)        FF env, s-c prod
[2026-06-06 15:57:28.311] [info]  (FfAbTestService)        FF versions, l-r: 41375
[2026-06-06 15:57:28.313] [info]  (SystemService)          Fetch appConfig success!
[2026-06-06 15:57:28.675] [debug] (WindowService)          Splash window ready!
[2026-06-06 15:57:28.916] [info]  (AuthController)         set gaia fingerprint webgl
[2026-06-06 15:57:29.014] [info]  (WindowEvents)           App activated!
[2026-06-06 15:57:29.429] [info]  (RenderProcess)          Activate page: HomeRecommends
[2026-06-06 15:57:29.522] [info]  (WindowService)          Main window ready!
[2026-06-06 15:57:29.523] [info]  (DownloadService)        Init DownloadURL Events
[2026-06-06 15:57:29.545] [info]  (AuthService)            Checking refresh BiliConf.
[2026-06-06 15:57:29.559] [info]  (AuthService)            Judge login status!
[2026-06-06 15:57:29.581] [warn]  (UpdateService)          APPIMAGE env is not defined, current application is not an AppImage
[2026-06-06 15:57:29.582] [info]  (UpdateService)          Patch info: [{"v":"1.17.8","on":true,"s":"04c6fb8672","b":"100~199","bc":1000,"sv":"1.9.0","ev":"1.17.7","fix":0},{"v":"1.17.6","on":true,"s":"04c6fb8672","b":"0~999","bc":1000,"sv":"1.9.0","ev":"1.17.6","fix":0},{"v":"1.17.5","on":true,"s":"04c6fb8672","b":"0~999","bc":1000,"sv":"1.9.0","ev":"1.17.5","fix":2}]
[2026-06-06 15:57:29.589] [info]  (UpdateService)          Patch bucket: 816
[2026-06-06 15:57:29.596] [info]  (AuthService)            System-fp ready!
[2026-06-06 15:57:29.634] [info]  (WindowEvents)           Register boss shortcut: Ctrl+Shift+C
[2026-06-06 15:57:29.635] [info]  (WindowEvents)           Is boss shortcut registered: true
[2026-06-06 15:57:29.635] [info]  (NotificationService)    Notification mainWindowReady
[2026-06-06 15:57:29.635] [info]  (DownloadService)        Init bili-download!
[2026-06-06 15:57:29.642] [info]  (DownloadService)        Download path: /home/shorin/视频/bilibili
[2026-06-06 15:57:29.656] [info]  (GameService)            Local game list: []
[2026-06-06 15:57:29.656] [info]  (SystemService)          Initing ffmpeg!
[2026-06-06 15:57:29.661] [info]  (ReportService)          Initing performance samples!
[2026-06-06 15:57:29.675] [info]  (WindowFactory)          Player window created!
[2026-06-06 15:57:29.684] [info]  (WindowEvents)           Startup timeline:  {"appReadyTime":null,"splashReadyTime":null,"decryptedTime":null,"bootstrapTime":null,"runCodeTime":null,"runCodeEndTime":null,"mainWindowReady":null}
[2026-06-06 15:57:29.695] [info]  (DownloadService)        Clear check download timer.
[2026-06-06 15:57:29.731] [info]  (DownloadService)        Check auto start download:  true
[2026-06-06 15:57:29.918] [info]  (AuthService)            BiliConf valid!
[2026-06-06 15:57:29.922] [info]  (AuthService)            Login status:  true
[2026-06-06 15:57:30.619] [info]  (WindowController)       Search page ready!
[2026-06-06 15:57:30.785] [info]  (WindowController)       Player window ready!
[2026-06-06 15:57:35.383] [info]  (WindowController)       Open player window: {"type":"ugc","bvid":"BV1t8Ew6KE5A","fromSpmid":"main.home-page-recommend.tianma.1-1-1.0","mediaList":null,"trackId":"web_pegasus_0.router-web-pegasus-2479516-sm4rx.1780732649616.157"}
[2026-06-06 16:00:12.694] [info]  (WindowEvents)           Start close window:  playerWindow
[2026-06-06 16:00:12.741] [info]  (WindowEvents)           Start close window:  playerWindow
[2026-06-06 16:00:12.741] [info]  (WindowEvents)           Player window closed!
[2026-06-06 16:00:12.764] [info]  (WindowEvents)           Focus on mainWindow!
[2026-06-06 16:00:13.082] [info]  (WindowEvents)           Start close window:  mainWindow
[2026-06-06 16:00:13.083] [info]  (WindowEvents)           Main window closed!
[2026-06-06 16:00:13.300] [info]  (WindowEvents)           App deactivated!
[2026-06-06 16:00:17.634] [info]  (ConfigService)          Clearing...
[2026-06-06 16:22:29.218] [info]  (AppService)           Main running...
[2026-06-06 16:22:33.071] [info]  (SystemService)        [App info]:
 {
  version: '1.17.6',
  installVersion: '1.17.6',
  electron: '41.6.1',
  node: '24.15.0',
  chromium: '146.0.7680.216',
  buildCode: '10010170062603261238',
  buildId: '1285965',
  buildJobId: '23743424',
  chid: 'official'
}
[2026-06-06 16:22:33.074] [info]  (SystemService)        [System info]:
 {
  osArch: 'x64',
  processArch: 'x64',
  platform: 'linux',
  osType: 'Linux',
  osRelease: '7.0.10',
  osVersoin: '#1-NixOS SMP PREEMPT_DYNAMIC Sat May 23 11:09:44 UTC 2026',
  endianness: 'LE',
  hostName: 'nixos',
  totalMemory: 24906403840,
  sysVersion: '10.0.26100.2605'
}
[2026-06-06 16:22:33.081] [info]  (SystemService)        [User info] { isLogin: true, mid: 3632306304583906, uname: 'void博博' }
[2026-06-06 16:22:33.082] [info]  (SystemService)        Initing app configs!
[2026-06-06 16:22:33.143] [info]  (SystemService)        Load inject code config.
[2026-06-06 16:22:33.151] [info]  (PlayerService)        Initing player exp.
[2026-06-06 16:22:33.151] [info]  (PlayerService)        Load player config.
[2026-06-06 16:22:33.174] [info]  (FfAbTestService)      Parse FF tree.
[2026-06-06 16:22:33.216] [info]  (NotificationService)  Notification:  true
[2026-06-06 16:22:33.217] [info]  (FfAbTestService)      FF: {"sidebar_game_entry":false,"sidebar_upload_hide_r":false,"sidebar_upload_toweb":false,"sidebar_upload_toappbrowser":true,"sidebar_selected_hide2_r":false,"enable_system_notification":true,"is_ugc_season_tab":true,"show_local_video_setting_r":true,"show_search_ad":true}
[2026-06-06 16:22:33.253] [info]  (AuthService)          Updating cookies!
[2026-06-06 16:22:33.261] [info]  (AuthService)          init buivd 43E3083959E5485BFFEE24C02606051331gCXK2AM+nB06Gla5fbTw
[2026-06-06 16:22:33.265] [info]  (AuthService)          buvidmark 1
[2026-06-06 16:22:33.273] [info]  (ReportService)        Initing log-report!
[2026-06-06 16:22:33.273] [info]  (FfAbTestService)      Fetch FF info.
[2026-06-06 16:22:33.277] [info]  (FfAbTestService)      Parse FF tree.
[2026-06-06 16:22:33.299] [info]  (FfAbTestService)      FF: {"sidebar_game_entry":false,"sidebar_upload_hide_r":false,"sidebar_upload_toweb":false,"sidebar_upload_toappbrowser":true,"sidebar_selected_hide2_r":false,"enable_system_notification":true,"is_ugc_season_tab":true,"show_local_video_setting_r":true,"show_search_ad":true}
[2026-06-06 16:22:33.353] [info]  (AppService)             Help server ready! 
[2026-06-06 16:22:33.354] [info]  (AuthService)            Updating cookies!
[2026-06-06 16:22:33.357] [info]  (AppService)             Creating windows!
[2026-06-06 16:22:33.472] [info]  (WindowFactory)          Main window created!
[2026-06-06 16:22:33.485] [info]  (TrayMenuService)        Creating app tray.
[2026-06-06 16:22:33.487] [info]  (TrayMenuService)        Creating app menu.
[2026-06-06 16:22:33.651] [info]  (ReportService)          Init log-report success!
[2026-06-06 16:22:33.681] [info]  (SystemService)          NativeTheme updated, shouldUseDarkColors: false
[2026-06-06 16:22:33.740] [info]  (AuthService)            Updating cookies!
[2026-06-06 16:22:33.947] [info]  (SystemService)          NativeTheme updated, shouldUseDarkColors: true
[2026-06-06 16:22:33.956] [info]  (SystemService)          NativeTheme updated, shouldUseDarkColors: true
[2026-06-06 16:22:33.996] [info]  (FfAbTestService)        FF env, s-c prod
[2026-06-06 16:22:34.005] [info]  (FfAbTestService)        FF versions, l-r: 41375
[2026-06-06 16:22:34.007] [info]  (PlayerService)          Init player versions.
[2026-06-06 16:22:34.008] [info]  (SystemService)          Fetch appConfig success!
[2026-06-06 16:22:34.495] [debug] (WindowService)          Splash window ready!
[2026-06-06 16:22:34.759] [info]  (WindowEvents)           App activated!
[2026-06-06 16:22:34.780] [info]  (AuthController)         set gaia fingerprint webgl
[2026-06-06 16:22:35.283] [info]  (RenderProcess)          Activate page: HomeRecommends
[2026-06-06 16:22:35.363] [info]  (WindowService)          Main window ready!
[2026-06-06 16:22:35.363] [info]  (DownloadService)        Init DownloadURL Events
[2026-06-06 16:22:35.392] [info]  (AuthService)            Checking refresh BiliConf.
[2026-06-06 16:22:35.411] [info]  (AuthService)            Judge login status!
[2026-06-06 16:22:35.441] [warn]  (UpdateService)          APPIMAGE env is not defined, current application is not an AppImage
[2026-06-06 16:22:35.442] [info]  (UpdateService)          Patch info: [{"v":"1.17.8","on":true,"s":"04c6fb8672","b":"100~199","bc":1000,"sv":"1.9.0","ev":"1.17.7","fix":0},{"v":"1.17.6","on":true,"s":"04c6fb8672","b":"0~999","bc":1000,"sv":"1.9.0","ev":"1.17.6","fix":0},{"v":"1.17.5","on":true,"s":"04c6fb8672","b":"0~999","bc":1000,"sv":"1.9.0","ev":"1.17.5","fix":2}]
[2026-06-06 16:22:35.452] [info]  (UpdateService)          Patch bucket: 816
[2026-06-06 16:22:35.460] [info]  (AuthService)            System-fp ready!
[2026-06-06 16:22:35.501] [info]  (WindowEvents)           Register boss shortcut: Ctrl+Shift+C
[2026-06-06 16:22:35.501] [info]  (WindowEvents)           Is boss shortcut registered: true
[2026-06-06 16:22:35.501] [info]  (NotificationService)    Notification mainWindowReady
[2026-06-06 16:22:35.501] [info]  (DownloadService)        Init bili-download!
[2026-06-06 16:22:35.508] [info]  (DownloadService)        Download path: /home/shorin/视频/bilibili
[2026-06-06 16:22:35.523] [info]  (GameService)            Local game list: []
[2026-06-06 16:22:35.523] [info]  (SystemService)          Initing ffmpeg!
[2026-06-06 16:22:35.527] [info]  (ReportService)          Initing performance samples!
[2026-06-06 16:22:35.539] [info]  (WindowFactory)          Player window created!
[2026-06-06 16:22:35.564] [info]  (WindowEvents)           Startup timeline:  {"appReadyTime":null,"splashReadyTime":null,"decryptedTime":null,"bootstrapTime":null,"runCodeTime":null,"runCodeEndTime":null,"mainWindowReady":null}
[2026-06-06 16:22:35.576] [info]  (DownloadService)        Clear check download timer.
[2026-06-06 16:22:35.619] [info]  (DownloadService)        Check auto start download:  true
[2026-06-06 16:22:35.780] [info]  (AuthService)            Login status:  true
[2026-06-06 16:22:35.831] [info]  (AuthService)            BiliConf valid!
[2026-06-06 16:22:36.211] [info]  (WindowController)       Search page ready!
[2026-06-06 16:22:36.749] [info]  (WindowController)       Player window ready!
[2026-06-06 16:22:36.980] [info]  (WindowEvents)           App deactivated!
[2026-06-06 16:23:08.499] [info]  (ConfigService)          Clearing...
[2026-06-06 16:23:08.501] [info]  (TrayMenuService)        Destoring app tray
[2026-06-06 16:23:08.502] [info]  (DownloadService)        Cancel downloading tasks!
[2026-06-06 16:23:08.502] [info]  (DownloadService)        Clear check download timer.
[2026-06-06 16:23:08.548] [info]  (ReportService)          Initing performance samples!
[2026-06-06 16:23:08.638] [info]  (WindowEvents)           Start close window:  mainWindow
[2026-06-06 16:23:08.638] [info]  (WindowEvents)           Main window closed!
[2026-06-06 16:23:08.669] [info]  (WindowEvents)           Start close window:  playerWindow
[2026-06-06 16:23:08.678] [info]  (ConfigController)       Set is selected exit:  false
[2026-06-06 16:23:08.741] [info]  (WindowEvents)           Start close window:  playerWindow
[2026-06-06 16:23:08.742] [info]  (WindowEvents)           Player window closed!
[2026-06-06 16:23:10.110] [info]  (ConfigService)          App quitting...
[2026-06-06 16:23:10.112] [info]  (AppEvents)              Good-bye!
[2026-06-06 16:32:27.800] [info]  (AppService)           Main running...
[2026-06-06 16:32:27.941] [info]  (SystemService)        [App info]:
 {
  version: '1.17.6',
  installVersion: '1.17.6',
  electron: '41.6.1',
  node: '24.15.0',
  chromium: '146.0.7680.216',
  buildCode: '10010170062603261238',
  buildId: '1285965',
  buildJobId: '23743424',
  chid: 'official'
}
[2026-06-06 16:32:27.944] [info]  (SystemService)        [System info]:
 {
  osArch: 'x64',
  processArch: 'x64',
  platform: 'linux',
  osType: 'Linux',
  osRelease: '7.0.10',
  osVersoin: '#1-NixOS SMP PREEMPT_DYNAMIC Sat May 23 11:09:44 UTC 2026',
  endianness: 'LE',
  hostName: 'nixos',
  totalMemory: 24906403840,
  sysVersion: '10.0.26100.2605'
}
[2026-06-06 16:32:27.954] [info]  (SystemService)        [User info] { isLogin: true, mid: 3632306304583906, uname: 'void博博' }
[2026-06-06 16:32:27.954] [info]  (SystemService)        Initing app configs!
[2026-06-06 16:32:28.013] [info]  (SystemService)        Load inject code config.
[2026-06-06 16:32:28.023] [info]  (PlayerService)        Initing player exp.
[2026-06-06 16:32:28.023] [info]  (PlayerService)        Load player config.
[2026-06-06 16:32:28.045] [info]  (FfAbTestService)      Parse FF tree.
[2026-06-06 16:32:28.132] [info]  (NotificationService)  Notification:  true
[2026-06-06 16:32:28.132] [info]  (FfAbTestService)      FF: {"sidebar_game_entry":false,"sidebar_upload_hide_r":false,"sidebar_upload_toweb":false,"sidebar_upload_toappbrowser":true,"sidebar_selected_hide2_r":false,"enable_system_notification":true,"is_ugc_season_tab":true,"show_local_video_setting_r":true,"show_search_ad":true}
[2026-06-06 16:32:28.163] [info]  (AuthService)          Updating cookies!
[2026-06-06 16:32:28.170] [info]  (AuthService)          init buivd 43E3083959E5485BFFEE24C02606051331gCXK2AM+nB06Gla5fbTw
[2026-06-06 16:32:28.174] [info]  (AuthService)          buvidmark 1
[2026-06-06 16:32:28.181] [info]  (ReportService)        Initing log-report!
[2026-06-06 16:32:28.182] [info]  (FfAbTestService)      Fetch FF info.
[2026-06-06 16:32:28.186] [info]  (FfAbTestService)      Parse FF tree.
[2026-06-06 16:32:28.276] [info]  (FfAbTestService)      FF: {"sidebar_game_entry":false,"sidebar_upload_hide_r":false,"sidebar_upload_toweb":false,"sidebar_upload_toappbrowser":true,"sidebar_selected_hide2_r":false,"enable_system_notification":true,"is_ugc_season_tab":true,"show_local_video_setting_r":true,"show_search_ad":true}
[2026-06-06 16:32:28.457] [info]  (AppService)             Help server ready! 
[2026-06-06 16:32:28.458] [info]  (AuthService)            Updating cookies!
[2026-06-06 16:32:28.468] [info]  (AppService)             Creating windows!
[2026-06-06 16:32:28.538] [info]  (WindowFactory)          Main window created!
[2026-06-06 16:32:28.548] [info]  (TrayMenuService)        Creating app tray.
[2026-06-06 16:32:28.549] [info]  (TrayMenuService)        Creating app menu.
[2026-06-06 16:32:28.669] [info]  (ReportService)          Init log-report success!
[2026-06-06 16:32:28.681] [info]  (SystemService)          NativeTheme updated, shouldUseDarkColors: false
[2026-06-06 16:32:28.785] [info]  (AuthService)            Updating cookies!
[2026-06-06 16:32:28.928] [info]  (SystemService)          NativeTheme updated, shouldUseDarkColors: true
[2026-06-06 16:32:29.071] [info]  (PlayerService)          Init player versions.
[2026-06-06 16:32:29.077] [info]  (SystemService)          Fetch appConfig success!
[2026-06-06 16:32:29.108] [info]  (FfAbTestService)        FF env, s-c prod
[2026-06-06 16:32:29.112] [info]  (FfAbTestService)        FF versions, l-r: 41375
[2026-06-06 16:32:29.346] [debug] (WindowService)          Splash window ready!
[2026-06-06 16:32:29.668] [info]  (AuthController)         set gaia fingerprint webgl
[2026-06-06 16:32:30.279] [info]  (RenderProcess)          Activate page: HomeRecommends
[2026-06-06 16:32:30.369] [info]  (WindowService)          Main window ready!
[2026-06-06 16:32:30.369] [info]  (DownloadService)        Init DownloadURL Events
[2026-06-06 16:32:30.398] [info]  (AuthService)            Checking refresh BiliConf.
[2026-06-06 16:32:30.412] [info]  (AuthService)            Judge login status!
[2026-06-06 16:32:30.434] [warn]  (UpdateService)          APPIMAGE env is not defined, current application is not an AppImage
[2026-06-06 16:32:30.434] [info]  (UpdateService)          Patch info: [{"v":"1.17.8","on":true,"s":"04c6fb8672","b":"100~199","bc":1000,"sv":"1.9.0","ev":"1.17.7","fix":0},{"v":"1.17.6","on":true,"s":"04c6fb8672","b":"0~999","bc":1000,"sv":"1.9.0","ev":"1.17.6","fix":0},{"v":"1.17.5","on":true,"s":"04c6fb8672","b":"0~999","bc":1000,"sv":"1.9.0","ev":"1.17.5","fix":2}]
[2026-06-06 16:32:30.441] [info]  (UpdateService)          Patch bucket: 816
[2026-06-06 16:32:30.448] [info]  (AuthService)            System-fp ready!
[2026-06-06 16:32:30.499] [info]  (WindowEvents)           Register boss shortcut: Ctrl+Shift+C
[2026-06-06 16:32:30.499] [info]  (WindowEvents)           Is boss shortcut registered: true
[2026-06-06 16:32:30.499] [info]  (NotificationService)    Notification mainWindowReady
[2026-06-06 16:32:30.499] [info]  (DownloadService)        Init bili-download!
[2026-06-06 16:32:30.508] [info]  (DownloadService)        Download path: /home/shorin/视频/bilibili
[2026-06-06 16:32:30.522] [info]  (GameService)            Local game list: []
[2026-06-06 16:32:30.522] [info]  (SystemService)          Initing ffmpeg!
[2026-06-06 16:32:30.526] [info]  (ReportService)          Initing performance samples!
[2026-06-06 16:32:30.539] [info]  (WindowFactory)          Player window created!
[2026-06-06 16:32:30.543] [info]  (WindowEvents)           Startup timeline:  {"appReadyTime":null,"splashReadyTime":null,"decryptedTime":null,"bootstrapTime":null,"runCodeTime":null,"runCodeEndTime":null,"mainWindowReady":null}
[2026-06-06 16:32:30.552] [info]  (DownloadService)        Clear check download timer.
[2026-06-06 16:32:30.588] [info]  (DownloadService)        Check auto start download:  true
[2026-06-06 16:32:30.826] [info]  (AuthService)            Login status:  true
[2026-06-06 16:32:30.909] [info]  (AuthService)            BiliConf valid!
[2026-06-06 16:32:31.325] [info]  (WindowController)       Search page ready!
[2026-06-06 16:32:31.703] [info]  (WindowController)       Player window ready!
[2026-06-06 16:32:45.990] [info]  (WindowEvents)           App activated!
[2026-06-06 16:32:47.098] [info]  (WindowEvents)           App deactivated!
[2026-06-06 16:32:47.473] [info]  (WindowEvents)           Focus on mainWindow!
[2026-06-06 16:32:47.687] [info]  (WindowEvents)           App activated!
[2026-06-06 16:32:49.128] [info]  (WindowEvents)           App deactivated!
[2026-06-06 16:32:49.757] [info]  (WindowEvents)           Focus on mainWindow!
[2026-06-06 16:32:49.973] [info]  (WindowEvents)           App activated!
[2026-06-06 16:32:59.936] [info]  (WindowEvents)           Start close window:  mainWindow
[2026-06-06 16:32:59.937] [info]  (WindowEvents)           Main window closed!
[2026-06-06 16:33:00.162] [info]  (WindowEvents)           App deactivated!
[2026-06-06 16:33:10.531] [info]  (WindowEvents)           Focus on mainWindow!
[2026-06-06 16:33:10.760] [info]  (WindowEvents)           App activated!
[2026-06-06 16:33:12.680] [info]  (WindowEvents)           App deactivated!
[2026-06-06 16:33:12.697] [info]  (WindowEvents)           Focus on mainWindow!
[2026-06-06 16:33:13.669] [info]  (WindowEvents)           Focus on mainWindow!
[2026-06-06 16:33:13.890] [info]  (WindowEvents)           App activated!
[2026-06-06 16:33:34.378] [info]  (RenderProcess)          Activate page: Selected
[2026-06-06 16:34:19.649] [info]  (RenderProcess)          Activate page: HomeRecommends
[2026-06-06 16:34:26.798] [info]  (WindowController)       Open player window: {"type":"ugc","bvid":"BV1zJVr6mEwS","fromSpmid":"main.home-page-recommend.tianma.1-2-2.0","mediaList":null,"trackId":"web_pegasus_0.router-web-pegasus-2479516-692vf.1780734750366.461"}
[2026-06-06 16:34:32.992] [info]  (WindowEvents)           Focus on mainWindow!
[2026-06-06 16:34:49.946] [info]  (WindowEvents)           Focus on playerWindow!
[2026-06-06 16:34:51.209] [info]  (WindowEvents)           Focus on mainWindow!
[2026-06-06 16:34:51.494] [info]  (WindowEvents)           Focus on playerWindow!
[2026-06-06 16:35:03.301] [info]  (WindowEvents)           Start close window:  playerWindow
[2026-06-06 16:35:03.339] [info]  (WindowEvents)           Start close window:  playerWindow
[2026-06-06 16:35:03.340] [info]  (WindowEvents)           Player window closed!
[2026-06-06 16:35:03.375] [info]  (WindowEvents)           Focus on mainWindow!
[2026-06-06 16:35:05.297] [info]  (WindowController)       Open player window: {"type":"ugc","bvid":"BV1g5RKBzEZg","fromSpmid":"main.home-page-recommend.tianma.2-1-6.0","mediaList":null,"trackId":"web_pegasus_0.router-web-pegasus-2479516-692vf.1780734750366.461"}
[2026-06-06 16:35:05.324] [info]  (WindowEvents)           Focus on playerWindow!
[2026-06-06 16:36:24.441] [info]  (WindowEvents)           Start close window:  playerWindow
[2026-06-06 16:36:24.490] [info]  (WindowEvents)           Start close window:  playerWindow
[2026-06-06 16:36:24.491] [info]  (WindowEvents)           Player window closed!
[2026-06-06 16:36:24.504] [info]  (WindowEvents)           Focus on mainWindow!
[2026-06-06 16:36:25.286] [info]  (WindowEvents)           App deactivated!
[2026-06-06 16:36:25.360] [info]  (WindowEvents)           Focus on mainWindow!
[2026-06-06 16:36:25.573] [info]  (WindowEvents)           App activated!
[2026-06-06 16:36:26.097] [info]  (WindowEvents)           App deactivated!
[2026-06-06 16:36:26.119] [info]  (WindowEvents)           Focus on mainWindow!
[2026-06-06 16:36:26.333] [info]  (WindowEvents)           App activated!
[2026-06-06 16:36:27.464] [info]  (WindowEvents)           App deactivated!
[2026-06-06 16:36:27.816] [info]  (WindowEvents)           Focus on mainWindow!
[2026-06-06 16:36:28.029] [info]  (WindowEvents)           App activated!
[2026-06-06 16:36:29.537] [info]  (WindowEvents)           App deactivated!
[2026-06-06 16:36:30.588] [info]  (WindowEvents)           Focus on mainWindow!
[2026-06-06 16:36:30.802] [info]  (WindowEvents)           App activated!
[2026-06-06 16:36:33.662] [info]  (SystemService)          Get cache size: 166.43 MB
[2026-06-06 16:36:33.706] [info]  (RenderProcess)          Activate page: Settings
[2026-06-06 16:36:33.707] [info]  (SystemService)          Get cache size: 166.43 MB
[2026-06-06 16:36:36.088] [info]  (ConfigController)       SetIsQuitByCloseMain:  false
[2026-06-06 16:36:49.538] [info]  (SystemService)          Clear cache success.
[2026-06-06 16:36:49.540] [info]  (SystemService)          Get cache size: 0.00 MB
[2026-06-06 16:36:53.367] [info]  (ConfigController)       Set boss shortcurt:  { isEnable: false, shortcut: 'Ctrl + Shift + C' }
[2026-06-06 16:36:53.399] [info]  (WindowEvents)           Unregister old boss shortcut: Ctrl+Shift+C
[2026-06-06 16:36:53.816] [info]  (ConfigController)       Set boss shortcurt:  { isEnable: true, shortcut: 'Ctrl + Shift + C' }
[2026-06-06 16:36:53.846] [info]  (WindowEvents)           Unregister old boss shortcut: Ctrl+Shift+C
[2026-06-06 16:36:53.846] [info]  (WindowEvents)           Register boss shortcut: Ctrl+Shift+C
[2026-06-06 16:36:53.847] [info]  (WindowEvents)           Is boss shortcut registered: true
[2026-06-06 16:36:58.097] [info]  (ConfigController)       Set boss shortcurt:  { isEnable: false, shortcut: 'Ctrl + Shift + C' }
[2026-06-06 16:36:58.118] [info]  (WindowEvents)           Unregister old boss shortcut: Ctrl+Shift+C
[2026-06-06 16:36:59.107] [info]  (ConfigController)       Set boss shortcurt:  { isEnable: true, shortcut: 'Ctrl + Shift + C' }
[2026-06-06 16:36:59.136] [info]  (WindowEvents)           Unregister old boss shortcut: Ctrl+Shift+C
[2026-06-06 16:36:59.137] [info]  (WindowEvents)           Register boss shortcut: Ctrl+Shift+C
[2026-06-06 16:36:59.137] [info]  (WindowEvents)           Is boss shortcut registered: true
[2026-06-06 16:36:59.753] [info]  (ConfigController)       Set boss shortcurt:  { isEnable: false, shortcut: 'Ctrl + Shift + C' }
[2026-06-06 16:36:59.779] [info]  (WindowEvents)           Unregister old boss shortcut: Ctrl+Shift+C
[2026-06-06 16:37:00.160] [info]  (ConfigController)       Set boss shortcurt:  { isEnable: true, shortcut: 'Ctrl + Shift + C' }
[2026-06-06 16:37:00.187] [info]  (WindowEvents)           Unregister old boss shortcut: Ctrl+Shift+C
[2026-06-06 16:37:00.187] [info]  (WindowEvents)           Register boss shortcut: Ctrl+Shift+C
[2026-06-06 16:37:00.187] [info]  (WindowEvents)           Is boss shortcut registered: true
[2026-06-06 16:37:02.303] [info]  (WindowEvents)           App deactivated!
[2026-06-06 16:38:04.407] [info]  (WindowEvents)           Focus on mainWindow!
[2026-06-06 16:38:04.630] [info]  (WindowEvents)           App activated!
[2026-06-06 16:38:09.663] [info]  (RenderProcess)          Activate page: HomeRecommends
[2026-06-06 16:38:21.416] [info]  (WindowController)       Open player window: {"type":"ugc","bvid":"BV1wDV86ZEcd","fromSpmid":"main.home-page-recommend.tianma.3-1-11.0","mediaList":null,"trackId":"web_pegasus_0.router-web-pegasus-2479516-692vf.1780734750366.461"}
[2026-06-06 16:38:21.457] [info]  (WindowEvents)           Focus on playerWindow!
[2026-06-06 16:38:47.961] [info]  (WindowController)       One Time fullscreen!
[2026-06-06 16:38:53.948] [info]  (WindowEvents)           Focus on mainWindow!
[2026-06-06 16:38:54.084] [info]  (WindowEvents)           Focus on playerWindow!
[2026-06-06 16:39:22.991] [info]  (WindowEvents)           App deactivated!
[2026-06-06 16:39:24.600] [info]  (WindowEvents)           Focus on playerWindow!
[2026-06-06 16:39:24.805] [info]  (WindowEvents)           App activated!
[2026-06-06 16:39:27.079] [info]  (WindowEvents)           App deactivated!
[2026-06-06 16:39:46.952] [info]  (WindowEvents)           Focus on playerWindow!
[2026-06-06 16:39:47.157] [info]  (WindowEvents)           App activated!
[2026-06-06 16:41:41.736] [info]  (WindowController)       Open main window!
[2026-06-06 16:41:43.959] [info]  (WindowController)       Open main window!
[2026-06-06 16:41:44.653] [info]  (WindowController)       Open main window!
[2026-06-06 16:41:44.879] [info]  (WindowController)       Open main window!
[2026-06-06 16:41:45.143] [info]  (WindowController)       Open main window!
[2026-06-06 16:41:45.726] [info]  (WindowEvents)           Start close window:  playerWindow
[2026-06-06 16:41:45.745] [info]  (WindowEvents)           Start close window:  playerWindow
[2026-06-06 16:41:45.745] [info]  (WindowEvents)           Player window closed!
[2026-06-06 16:41:45.750] [info]  (WindowEvents)           Focus on mainWindow!
[2026-06-06 16:41:51.629] [info]  (RenderProcess)          Activate page: SearchPage
[2026-06-06 16:42:15.973] [info]  (WindowEvents)           App deactivated!
[2026-06-06 16:42:17.666] [info]  (WindowEvents)           Focus on mainWindow!
[2026-06-06 16:42:17.871] [info]  (WindowEvents)           App activated!
[2026-06-06 16:42:18.693] [info]  (WindowEvents)           Start close window:  mainWindow
[2026-06-06 16:42:18.694] [info]  (WindowEvents)           Main window closed!
[2026-06-06 16:42:18.911] [info]  (WindowEvents)           App deactivated!
[2026-06-06 16:47:28.402] [info]  (SystemService)          Fetch appConfig success!
[2026-06-06 16:50:59.566] [info]  (WindowEvents)           Focus on mainWindow!
[2026-06-06 16:50:59.779] [info]  (WindowEvents)           App activated!
[2026-06-06 16:51:00.377] [info]  (WindowEvents)           App deactivated!
[2026-06-06 16:51:00.550] [info]  (WindowEvents)           Focus on mainWindow!
[2026-06-06 16:51:00.757] [info]  (WindowEvents)           App activated!
[2026-06-06 16:51:03.670] [info]  (WindowEvents)           App deactivated!
[2026-06-06 16:59:11.915] [info]  (WindowEvents)           Focus on mainWindow!
[2026-06-06 16:59:12.119] [info]  (WindowEvents)           App activated!
[2026-06-06 16:59:26.614] [info]  (RenderProcess)          Activate page: HomeRecommends
[2026-06-06 16:59:27.495] [info]  (WindowController)       Open player window: {"type":"ugc","bvid":"BV1VCo5BzEfo","fromSpmid":"main.home-page-recommend.tianma.1-1-1.0","mediaList":null,"trackId":"web_pegasus_0.router-web-pegasus-2479516-f6fct.1780736366648.201"}
[2026-06-06 16:59:27.509] [info]  (WindowEvents)           Focus on playerWindow!
[2026-06-06 16:59:29.198] [info]  (WindowEvents)           Focus on mainWindow!
[2026-06-06 16:59:29.644] [info]  (WindowEvents)           Focus on playerWindow!
[2026-06-06 16:59:30.199] [info]  (WindowEvents)           Focus on mainWindow!
[2026-06-06 16:59:30.534] [info]  (WindowEvents)           Focus on playerWindow!
[2026-06-06 17:01:47.455] [info]  (WindowEvents)           Focus on mainWindow!
[2026-06-06 17:01:48.393] [info]  (WindowController)       Open player window: {"type":"ugc","bvid":"BV15jRgB9E7C","fromSpmid":"main.home-page-recommend.tianma.1-2-2.0","mediaList":null,"trackId":"web_pegasus_0.router-web-pegasus-2479516-f6fct.1780736366648.201"}
[2026-06-06 17:02:27.774] [info]  (PlayerService)          Load player config.
[2026-06-06 17:02:27.782] [info]  (SystemService)          Load inject code config.
[2026-06-06 17:02:29.347] [info]  (PlayerService)          Init player versions.
[2026-06-06 17:02:29.579] [info]  (SystemService)          Fetch appConfig success!
[2026-06-06 17:03:27.523] [info]  (WindowController)       Open player window: {"type":"ugc","bvid":"BV1hGLn6SEzX","fromSpmid":"main.home-page-recommend.tianma.3-2-10.0","mediaList":null,"trackId":"web_pegasus_0.router-web-pegasus-2479516-f6fct.1780736366648.201"}
[2026-06-06 17:03:30.277] [info]  (WindowController)       Open player window: {"type":"ugc","bvid":"BV13LL36dEJe","fromSpmid":"main.home-page-recommend.tianma.4-1-13.0","mediaList":null,"trackId":"web_pegasus_0.router-web-pegasus-2479516-f6fct.1780736366648.201"}
[2026-06-06 17:03:36.443] [info]  (WindowController)       Open player window: {"type":"ugc","bvid":"BV1Hj576xETL","fromSpmid":"main.home-page-recommend.tianma.2-3-7.0","mediaList":null,"trackId":"web_pegasus_0.router-web-pegasus-2479516-f6fct.1780736366648.201"}
[2026-06-06 17:03:36.962] [info]  (WindowEvents)           Focus on playerWindow!
[2026-06-06 17:03:37.468] [info]  (WindowEvents)           Focus on mainWindow!
[2026-06-06 17:03:38.112] [info]  (WindowEvents)           Focus on playerWindow!
[2026-06-06 17:03:38.913] [info]  (WindowEvents)           Focus on mainWindow!
[2026-06-06 17:03:39.141] [info]  (WindowEvents)           Focus on playerWindow!
[2026-06-06 17:03:50.750] [info]  (WindowEvents)           Focus on mainWindow!
[2026-06-06 17:03:51.072] [info]  (WindowEvents)           Focus on playerWindow!
[2026-06-06 17:03:52.926] [info]  (WindowController)       One Time fullscreen!
[2026-06-06 17:09:57.985] [info]  (WindowEvents)           App deactivated!
[2026-06-06 17:10:06.097] [info]  (WindowEvents)           Focus on playerWindow!
[2026-06-06 17:10:06.302] [info]  (WindowEvents)           App activated!
[2026-06-06 17:10:06.861] [info]  (WindowEvents)           App deactivated!
[2026-06-06 17:10:09.413] [info]  (WindowEvents)           Focus on playerWindow!
[2026-06-06 17:10:09.620] [info]  (WindowEvents)           App activated!
[2026-06-06 17:10:14.103] [info]  (WindowEvents)           App deactivated!
[2026-06-06 17:11:55.699] [info]  (WindowEvents)           Focus on mainWindow!
[2026-06-06 17:11:55.904] [info]  (WindowEvents)           App activated!
[2026-06-06 17:11:58.486] [info]  (WindowController)       Open player window: {"type":"ugc","bvid":"BV1Hj576xETL","fromSpmid":"main.home-page-recommend.tianma.2-2-7.0","mediaList":null,"trackId":"web_pegasus_0.router-web-pegasus-2479516-f6fct.1780736366648.201"}
[2026-06-06 17:11:59.935] [info]  (WindowController)       Open player window: {"type":"ugc","bvid":"BV1Hj576xETL","fromSpmid":"main.home-page-recommend.tianma.2-2-7.0","mediaList":null,"trackId":"web_pegasus_0.router-web-pegasus-2479516-f6fct.1780736366648.201"}
[2026-06-06 17:12:00.875] [info]  (WindowController)       Open player window: {"type":"ugc","bvid":"BV1Hj576xETL","fromSpmid":"main.home-page-recommend.tianma.2-2-7.0","mediaList":null,"trackId":"web_pegasus_0.router-web-pegasus-2479516-f6fct.1780736366648.201"}
[2026-06-06 17:12:03.663] [info]  (WindowEvents)           Focus on playerWindow!
[2026-06-06 17:12:07.401] [info]  (WindowEvents)           Focus on mainWindow!
[2026-06-06 17:12:09.137] [info]  (WindowEvents)           Focus on playerWindow!
[2026-06-06 17:12:09.147] [info]  (WindowEvents)           Focus on mainWindow!
[2026-06-06 17:12:10.054] [info]  (WindowEvents)           Focus on playerWindow!
[2026-06-06 17:13:25.228] [info]  (WindowEvents)           App deactivated!
[2026-06-06 17:14:03.497] [info]  (WindowEvents)           Focus on playerWindow!
[2026-06-06 17:14:03.702] [info]  (WindowEvents)           App activated!
[2026-06-06 17:14:12.300] [info]  (WindowEvents)           Start close window:  playerWindow
[2026-06-06 17:14:13.954] [info]  (WindowEvents)           Start close window:  playerWindow
[2026-06-06 17:14:14.384] [info]  (WindowEvents)           Start close window:  playerWindow
[2026-06-06 17:14:15.307] [info]  (WindowEvents)           Start close window:  playerWindow
[2026-06-06 17:14:15.307] [info]  (WindowEvents)           Player window closed!
[2026-06-06 17:14:15.320] [info]  (WindowEvents)           Start close window:  playerWindow
[2026-06-06 17:14:15.321] [info]  (WindowEvents)           Player window closed!
[2026-06-06 17:14:15.338] [info]  (WindowEvents)           Start close window:  playerWindow
[2026-06-06 17:14:15.338] [info]  (WindowEvents)           Player window closed!
[2026-06-06 17:14:15.543] [info]  (WindowEvents)           App deactivated!
[2026-06-06 17:14:16.570] [info]  (WindowEvents)           Focus on mainWindow!
[2026-06-06 17:14:16.765] [info]  (WindowEvents)           App activated!
[2026-06-06 17:14:20.024] [info]  (RenderProcess)          Activate page: SpaceDynamic
[2026-06-06 17:14:22.002] [info]  (RenderProcess)          Activate page: HomeRecommends
[2026-06-06 17:14:23.209] [info]  (WindowController)       Open player window: {"type":"ugc","bvid":"BV15jRgB9E7C","fromSpmid":"main.home-page-recommend.tianma.1-2-2.0","mediaList":null,"trackId":"web_pegasus_0.router-web-pegasus-2479516-f6fct.1780736366648.201"}
[2026-06-06 17:14:23.238] [info]  (WindowEvents)           Focus on playerWindow!
[2026-06-06 17:14:26.930] [info]  (WindowController)       Open main window page:  {
  page: 'SpacePage',
  meta: {
    mid: '3546904904337681',
    fromOuterSpmId: 'main.play-detail.0.0.pv'
  }
}
[2026-06-06 17:14:26.954] [info]  (RenderProcess)          Activate page: SpaceDynamic
[2026-06-06 17:14:30.132] [info]  (WindowController)       Open main window page:  {
  page: 'SpacePage',
  meta: {
    mid: '3546904904337681',
    fromOuterSpmId: 'main.play-detail.0.0.pv'
  }
}
[2026-06-06 17:14:30.488] [info]  (WindowController)       Open main window page:  {
  page: 'SpacePage',
  meta: {
    mid: '3546904904337681',
    fromOuterSpmId: 'main.play-detail.0.0.pv'
  }
}
[2026-06-06 17:14:31.712] [info]  (WindowController)       Open main window page:  {
  page: 'SpacePage',
  meta: {
    mid: '3546904904337681',
    fromOuterSpmId: 'main.play-detail.0.0.pv'
  }
}
[2026-06-06 17:14:32.937] [info]  (WindowController)       Open main window page:  {
  page: 'SpacePage',
  meta: {
    mid: '3546904904337681',
    fromOuterSpmId: 'main.play-detail.0.0.pv'
  }
}
[2026-06-06 17:14:33.847] [info]  (WindowEvents)           Focus on mainWindow!
[2026-06-06 17:14:37.248] [info]  (RenderProcess)          Activate page: SpaceVideo
[2026-06-06 17:14:38.911] [info]  (RenderProcess)          Activate page: SpaceDynamic
[2026-06-06 17:14:41.214] [info]  (WindowController)       Open player window: {"bvid":"BV13Q7k6JE37","type":"ugc","fromSpmid":"main.space-dynamic.0.0.pv"}
[2026-06-06 17:14:42.390] [info]  (WindowEvents)           Focus on playerWindow!
[2026-06-06 17:14:46.059] [info]  (WindowController)       One Time fullscreen!
[2026-06-06 17:14:47.069] [info]  (WindowEvents)           App deactivated!
[2026-06-06 17:16:23.914] [info]  (WindowEvents)           Focus on playerWindow!
[2026-06-06 17:16:24.129] [info]  (WindowEvents)           App activated!
[2026-06-06 17:17:28.558] [info]  (SystemService)          Fetch appConfig success!
[2026-06-06 17:18:47.442] [info]  (WindowEvents)           App deactivated!
[2026-06-06 17:18:48.425] [info]  (WindowEvents)           Focus on playerWindow!
[2026-06-06 17:18:48.639] [info]  (WindowEvents)           App activated!
[2026-06-06 17:18:49.016] [info]  (WindowEvents)           App deactivated!
[2026-06-06 17:21:22.653] [info]  (WindowEvents)           Focus on playerWindow!
[2026-06-06 17:21:22.857] [info]  (WindowEvents)           App activated!
[2026-06-06 17:21:24.423] [info]  (WindowEvents)           App deactivated!
[2026-06-06 17:21:24.661] [info]  (WindowEvents)           Focus on playerWindow!
[2026-06-06 17:21:24.897] [info]  (WindowEvents)           App activated!
[2026-06-06 17:21:25.146] [info]  (WindowEvents)           App deactivated!
[2026-06-06 17:22:22.204] [info]  (WindowEvents)           Focus on playerWindow!
[2026-06-06 17:22:22.421] [info]  (WindowEvents)           App activated!
[2026-06-06 17:22:24.393] [info]  (WindowEvents)           Start close window:  playerWindow
[2026-06-06 17:22:24.432] [info]  (WindowEvents)           Start close window:  playerWindow
[2026-06-06 17:22:24.433] [info]  (WindowEvents)           Player window closed!
[2026-06-06 17:22:24.648] [info]  (WindowEvents)           App deactivated!
[2026-06-06 17:27:20.331] [info]  (WindowEvents)           Focus on mainWindow!
[2026-06-06 17:27:20.549] [info]  (WindowEvents)           App activated!
[2026-06-06 17:27:22.640] [info]  (WindowController)       Open player window: {"bvid":"BV1iLEw61Eiu","type":"ugc","fromSpmid":"main.space-dynamic.0.0.pv"}
[2026-06-06 17:27:22.696] [info]  (WindowEvents)           Focus on playerWindow!
[2026-06-06 17:27:29.190] [info]  (WindowController)       One Time fullscreen!
[2026-06-06 17:28:20.234] [info]  (WindowEvents)           App deactivated!
[2026-06-06 17:28:43.595] [info]  (WindowEvents)           Focus on playerWindow!
[2026-06-06 17:28:43.807] [info]  (WindowEvents)           App activated!
[2026-06-06 17:29:39.458] [info]  (WindowEvents)           App deactivated!
[2026-06-06 17:31:30.576] [info]  (ReportService)          Initing performance samples!
[2026-06-06 17:31:55.821] [info]  (WindowEvents)           Focus on playerWindow!
[2026-06-06 17:31:56.035] [info]  (WindowEvents)           App activated!
[2026-06-06 17:32:27.774] [info]  (PlayerService)          Load player config.
[2026-06-06 17:32:27.793] [info]  (SystemService)          Load inject code config.
[2026-06-06 17:32:28.045] [info]  (PlayerService)          Init player versions.
[2026-06-06 17:32:28.140] [info]  (SystemService)          Fetch appConfig success!
[2026-06-06 17:32:43.860] [info]  (WindowEvents)           App deactivated!
[2026-06-06 17:33:00.873] [info]  (WindowEvents)           Focus on playerWindow!
[2026-06-06 17:33:01.086] [info]  (WindowEvents)           App activated!
[2026-06-06 17:33:08.569] [info]  (WindowEvents)           App deactivated!
[2026-06-06 17:34:21.632] [info]  (WindowEvents)           Focus on playerWindow!
[2026-06-06 17:34:21.848] [info]  (WindowEvents)           App activated!
[2026-06-06 17:34:58.440] [info]  (WindowEvents)           App deactivated!
[2026-06-06 17:35:07.204] [info]  (WindowEvents)           Focus on playerWindow!
[2026-06-06 17:35:07.418] [info]  (WindowEvents)           App activated!
[2026-06-06 17:35:39.606] [info]  (WindowEvents)           App deactivated!
[2026-06-06 17:36:12.601] [info]  (WindowEvents)           Focus on playerWindow!
[2026-06-06 17:36:12.814] [info]  (WindowEvents)           App activated!
[2026-06-06 17:36:30.433] [info]  (WindowEvents)           App deactivated!
[2026-06-06 17:37:35.067] [info]  (WindowEvents)           Focus on playerWindow!
[2026-06-06 17:37:35.272] [info]  (WindowEvents)           App activated!
[2026-06-06 17:37:35.611] [info]  (WindowEvents)           App deactivated!
[2026-06-06 17:37:35.671] [info]  (WindowEvents)           Focus on playerWindow!
[2026-06-06 17:37:35.882] [info]  (WindowEvents)           App activated!
[2026-06-06 17:38:34.851] [info]  (WindowEvents)           App deactivated!
[2026-06-06 17:38:58.659] [info]  (WindowEvents)           Focus on playerWindow!
[2026-06-06 17:38:58.872] [info]  (WindowEvents)           App activated!
[2026-06-06 17:40:03.080] [info]  (WindowEvents)           App deactivated!
[2026-06-06 17:41:01.932] [info]  (WindowEvents)           Focus on playerWindow!
[2026-06-06 17:41:02.153] [info]  (WindowEvents)           App activated!
[2026-06-06 17:41:13.184] [info]  (WindowEvents)           App deactivated!
[2026-06-06 17:42:16.757] [info]  (WindowEvents)           Focus on playerWindow!
[2026-06-06 17:42:16.965] [info]  (WindowEvents)           App activated!
[2026-06-06 17:42:23.273] [info]  (WindowEvents)           App deactivated!
[2026-06-06 17:42:24.810] [info]  (WindowEvents)           Focus on playerWindow!
[2026-06-06 17:42:25.029] [info]  (WindowEvents)           App activated!
[2026-06-06 17:42:25.847] [info]  (WindowEvents)           App deactivated!
[2026-06-06 17:42:25.878] [info]  (WindowEvents)           Focus on playerWindow!
[2026-06-06 17:42:26.090] [info]  (WindowEvents)           App activated!
[2026-06-06 17:42:26.391] [info]  (WindowEvents)           App deactivated!
[2026-06-06 17:42:42.597] [info]  (WindowEvents)           Focus on playerWindow!
[2026-06-06 17:42:42.817] [info]  (WindowEvents)           App activated!
[2026-06-06 17:42:43.188] [info]  (WindowEvents)           App deactivated!
[2026-06-06 17:46:44.598] [info]  (WindowEvents)           Focus on playerWindow!
[2026-06-06 17:46:44.805] [info]  (WindowEvents)           App activated!
[2026-06-06 17:46:47.148] [info]  (WindowEvents)           App deactivated!
[2026-06-06 17:46:51.490] [info]  (WindowEvents)           Focus on playerWindow!
[2026-06-06 17:46:51.705] [info]  (WindowEvents)           App activated!
[2026-06-06 17:46:52.024] [info]  (WindowEvents)           App deactivated!
[2026-06-06 17:46:53.898] [info]  (WindowEvents)           Focus on playerWindow!
[2026-06-06 17:46:54.116] [info]  (WindowEvents)           App activated!
[2026-06-06 17:46:54.575] [info]  (WindowEvents)           App deactivated!
[2026-06-06 17:47:26.250] [info]  (WindowEvents)           Focus on playerWindow!
[2026-06-06 17:47:26.477] [info]  (WindowEvents)           App activated!
[2026-06-06 17:47:28.345] [info]  (SystemService)          Fetch appConfig success!
[2026-06-06 17:48:04.299] [info]  (WindowEvents)           App deactivated!
[2026-06-06 17:48:04.991] [info]  (WindowEvents)           Focus on playerWindow!
[2026-06-06 17:48:05.203] [info]  (WindowEvents)           App activated!
[2026-06-06 17:48:05.440] [info]  (WindowEvents)           App deactivated!
[2026-06-06 17:48:06.487] [info]  (WindowEvents)           Focus on playerWindow!
[2026-06-06 17:48:06.700] [info]  (WindowEvents)           App activated!
[2026-06-06 17:48:07.087] [info]  (WindowEvents)           App deactivated!
[2026-06-06 17:48:47.568] [info]  (WindowEvents)           Focus on playerWindow!
[2026-06-06 17:48:47.782] [info]  (WindowEvents)           App activated!
[2026-06-06 17:48:52.316] [info]  (WindowEvents)           Focus on playerWindow!
[2026-06-06 17:48:52.933] [info]  (WindowEvents)           App deactivated!
[2026-06-06 17:48:52.970] [info]  (WindowEvents)           Focus on playerWindow!
[2026-06-06 17:48:53.186] [info]  (WindowEvents)           App activated!
[2026-06-06 17:48:53.463] [info]  (WindowEvents)           App deactivated!
[2026-06-06 17:49:35.381] [info]  (WindowEvents)           Focus on mainWindow!
[2026-06-06 17:49:35.599] [info]  (WindowEvents)           App activated!
[2026-06-06 17:49:36.904] [info]  (WindowEvents)           App deactivated!
[2026-06-06 17:50:33.667] [info]  (WindowEvents)           Focus on playerWindow!
[2026-06-06 17:50:33.880] [info]  (WindowEvents)           App activated!
[2026-06-06 17:50:34.707] [info]  (WindowEvents)           App deactivated!
[2026-06-06 17:50:35.164] [info]  (WindowEvents)           Focus on playerWindow!
[2026-06-06 17:50:35.376] [info]  (WindowEvents)           App activated!
[2026-06-06 17:50:35.748] [info]  (WindowEvents)           App deactivated!
[2026-06-06 17:52:44.690] [info]  (WindowEvents)           Focus on playerWindow!
[2026-06-06 17:52:44.911] [info]  (WindowEvents)           App activated!
[2026-06-06 17:52:45.509] [info]  (WindowEvents)           App deactivated!
[2026-06-06 17:53:07.673] [info]  (WindowEvents)           Focus on playerWindow!
[2026-06-06 17:53:07.881] [info]  (WindowEvents)           App activated!
[2026-06-06 17:53:08.720] [info]  (WindowEvents)           App deactivated!
[2026-06-06 17:53:31.002] [info]  (WindowEvents)           Focus on playerWindow!
[2026-06-06 17:53:31.215] [info]  (WindowEvents)           App activated!
[2026-06-06 17:53:39.569] [info]  (WindowEvents)           App deactivated!
[2026-06-06 17:54:42.343] [info]  (WindowEvents)           Focus on playerWindow!
[2026-06-06 17:54:42.557] [info]  (WindowEvents)           App activated!
[2026-06-06 17:54:43.108] [info]  (WindowEvents)           App deactivated!
[2026-06-06 17:56:46.724] [info]  (WindowEvents)           Focus on playerWindow!
[2026-06-06 17:56:46.934] [info]  (WindowEvents)           App activated!
[2026-06-06 17:56:47.188] [info]  (WindowEvents)           App deactivated!
[2026-06-06 17:59:00.870] [info]  (WindowEvents)           Focus on playerWindow!
[2026-06-06 17:59:01.085] [info]  (WindowEvents)           App activated!
[2026-06-06 17:59:01.333] [info]  (WindowEvents)           App deactivated!
[2026-06-06 17:59:08.482] [info]  (WindowEvents)           Focus on playerWindow!
[2026-06-06 17:59:08.696] [info]  (WindowEvents)           App activated!
[2026-06-06 17:59:09.384] [info]  (WindowEvents)           App deactivated!
[2026-06-06 18:00:58.460] [info]  (WindowEvents)           Focus on playerWindow!
[2026-06-06 18:00:58.672] [info]  (WindowEvents)           App activated!
[2026-06-06 18:00:59.924] [info]  (WindowEvents)           Start close window:  playerWindow
[2026-06-06 18:00:59.963] [info]  (WindowEvents)           Start close window:  playerWindow
[2026-06-06 18:00:59.964] [info]  (WindowEvents)           Player window closed!
[2026-06-06 18:01:00.181] [info]  (WindowEvents)           App deactivated!
[2026-06-06 18:02:27.774] [info]  (PlayerService)          Load player config.
[2026-06-06 18:02:27.793] [info]  (SystemService)          Load inject code config.
[2026-06-06 18:02:28.077] [info]  (PlayerService)          Init player versions.
[2026-06-06 18:02:28.255] [info]  (SystemService)          Fetch appConfig success!
[2026-06-06 18:15:15.456] [info]  (WindowEvents)           Focus on mainWindow!
[2026-06-06 18:15:15.669] [info]  (WindowEvents)           App activated!
[2026-06-06 18:15:15.894] [info]  (WindowEvents)           App deactivated!
[2026-06-06 18:15:16.448] [info]  (WindowEvents)           Focus on mainWindow!
[2026-06-06 18:15:16.658] [info]  (WindowEvents)           App activated!
[2026-06-06 18:15:16.760] [info]  (WindowEvents)           Start close window:  mainWindow
[2026-06-06 18:15:16.761] [info]  (WindowEvents)           Main window closed!
[2026-06-06 18:15:16.976] [info]  (WindowEvents)           App deactivated!
[2026-06-06 18:15:23.003] [info]  (ConfigService)          Clearing...
[2026-06-06 18:15:23.006] [info]  (TrayMenuService)        Destoring app tray
[2026-06-06 18:15:23.007] [info]  (DownloadService)        Cancel downloading tasks!
[2026-06-06 18:15:23.007] [info]  (DownloadService)        Clear check download timer.
[2026-06-06 18:15:23.164] [info]  (ReportService)          Initing performance samples!
[2026-06-06 18:15:23.197] [info]  (WindowEvents)           Start close window:  mainWindow
[2026-06-06 18:15:23.197] [info]  (WindowEvents)           Main window closed!
[2026-06-06 18:15:23.209] [info]  (WindowEvents)           Start close window:  playerWindow
[2026-06-06 18:15:23.209] [info]  (WindowEvents)           Player window closed!
[2026-06-06 19:37:05.548] [info]  (AppService)           Main running...
[2026-06-06 19:37:09.712] [info]  (SystemService)        [App info]:
 {
  version: '1.17.6',
  installVersion: '1.17.6',
  electron: '41.6.1',
  node: '24.15.0',
  chromium: '146.0.7680.216',
  buildCode: '10010170062603261238',
  buildId: '1285965',
  buildJobId: '23743424',
  chid: 'official'
}
[2026-06-06 19:37:09.715] [info]  (SystemService)        [System info]:
 {
  osArch: 'x64',
  processArch: 'x64',
  platform: 'linux',
  osType: 'Linux',
  osRelease: '7.0.10',
  osVersoin: '#1-NixOS SMP PREEMPT_DYNAMIC Sat May 23 11:09:44 UTC 2026',
  endianness: 'LE',
  hostName: 'nixos',
  totalMemory: 24906399744,
  sysVersion: '10.0.26100.2605'
}
[2026-06-06 19:37:09.725] [info]  (SystemService)        [User info] { isLogin: true, mid: 3632306304583906, uname: 'void博博' }
[2026-06-06 19:37:09.726] [info]  (SystemService)        Initing app configs!
[2026-06-06 19:37:09.804] [info]  (SystemService)        Load inject code config.
[2026-06-06 19:37:09.816] [info]  (PlayerService)        Initing player exp.
[2026-06-06 19:37:09.817] [info]  (PlayerService)        Load player config.
[2026-06-06 19:37:09.844] [info]  (FfAbTestService)      Parse FF tree.
[2026-06-06 19:37:09.873] [info]  (NotificationService)  Notification:  true
[2026-06-06 19:37:09.873] [info]  (FfAbTestService)      FF: {"sidebar_game_entry":false,"sidebar_upload_hide_r":false,"sidebar_upload_toweb":false,"sidebar_upload_toappbrowser":true,"sidebar_selected_hide2_r":false,"enable_system_notification":true,"is_ugc_season_tab":true,"show_local_video_setting_r":true,"show_search_ad":true}
[2026-06-06 19:37:09.903] [info]  (AuthService)          Updating cookies!
[2026-06-06 19:37:09.916] [info]  (AuthService)          init buivd 43E3083959E5485BFFEE24C02606051331gCXK2AM+nB06Gla5fbTw
[2026-06-06 19:37:09.927] [info]  (AuthService)          buvidmark 1
[2026-06-06 19:37:09.956] [info]  (ReportService)        Initing log-report!
[2026-06-06 19:37:09.958] [info]  (FfAbTestService)      Fetch FF info.
[2026-06-06 19:37:09.971] [info]  (FfAbTestService)      Parse FF tree.
[2026-06-06 19:37:10.043] [info]  (FfAbTestService)      FF: {"sidebar_game_entry":false,"sidebar_upload_hide_r":false,"sidebar_upload_toweb":false,"sidebar_upload_toappbrowser":true,"sidebar_selected_hide2_r":false,"enable_system_notification":true,"is_ugc_season_tab":true,"show_local_video_setting_r":true,"show_search_ad":true}
[2026-06-06 19:37:10.155] [info]  (AppService)             Help server ready! 
[2026-06-06 19:37:10.157] [info]  (AuthService)            Updating cookies!
[2026-06-06 19:37:10.170] [info]  (AppService)             Creating windows!
[2026-06-06 19:37:10.310] [info]  (WindowFactory)          Main window created!
[2026-06-06 19:37:10.327] [info]  (TrayMenuService)        Creating app tray.
[2026-06-06 19:37:10.329] [info]  (TrayMenuService)        Creating app menu.
[2026-06-06 19:37:10.521] [info]  (ReportService)          Init log-report success!
[2026-06-06 19:37:10.540] [info]  (SystemService)          NativeTheme updated, shouldUseDarkColors: false
[2026-06-06 19:37:10.595] [info]  (AuthService)            Updating cookies!
[2026-06-06 19:37:10.695] [info]  (SystemService)          NativeTheme updated, shouldUseDarkColors: true
[2026-06-06 19:37:10.699] [info]  (SystemService)          NativeTheme updated, shouldUseDarkColors: true
[2026-06-06 19:37:10.699] [info]  (SystemService)          NativeTheme updated, shouldUseDarkColors: true
[2026-06-06 19:37:11.440] [debug] (WindowService)          Splash window ready!
[2026-06-06 19:37:11.520] [info]  (SystemService)          Fetch appConfig success!
[2026-06-06 19:37:11.741] [info]  (PlayerService)          Init player versions.
[2026-06-06 19:37:11.771] [info]  (WindowEvents)           App activated!
[2026-06-06 19:37:11.838] [info]  (AuthController)         set gaia fingerprint webgl
[2026-06-06 19:37:12.370] [info]  (FfAbTestService)        FF env, s-c prod
[2026-06-06 19:37:12.385] [info]  (FfAbTestService)        FF versions, l-r: 41375
[2026-06-06 19:37:12.620] [info]  (RenderProcess)          Activate page: HomeRecommends
[2026-06-06 19:37:12.752] [info]  (WindowService)          Main window ready!
[2026-06-06 19:37:12.753] [info]  (DownloadService)        Init DownloadURL Events
[2026-06-06 19:37:12.796] [info]  (AuthService)            Checking refresh BiliConf.
[2026-06-06 19:37:12.821] [info]  (AuthService)            Judge login status!
[2026-06-06 19:37:12.848] [warn]  (UpdateService)          APPIMAGE env is not defined, current application is not an AppImage
[2026-06-06 19:37:12.849] [info]  (UpdateService)          Patch info: [{"v":"1.17.8","on":true,"s":"04c6fb8672","b":"100~199","bc":1000,"sv":"1.9.0","ev":"1.17.7","fix":0},{"v":"1.17.6","on":true,"s":"04c6fb8672","b":"0~999","bc":1000,"sv":"1.9.0","ev":"1.17.6","fix":0},{"v":"1.17.5","on":true,"s":"04c6fb8672","b":"0~999","bc":1000,"sv":"1.9.0","ev":"1.17.5","fix":2}]
[2026-06-06 19:37:12.855] [info]  (UpdateService)          Patch bucket: 816
[2026-06-06 19:37:12.859] [info]  (AuthService)            System-fp ready!
[2026-06-06 19:37:12.894] [info]  (WindowEvents)           Register boss shortcut: Ctrl+Shift+C
[2026-06-06 19:37:12.894] [info]  (WindowEvents)           Is boss shortcut registered: true
[2026-06-06 19:37:12.895] [info]  (NotificationService)    Notification mainWindowReady
[2026-06-06 19:37:12.896] [info]  (DownloadService)        Init bili-download!
[2026-06-06 19:37:12.904] [info]  (DownloadService)        Download path: /home/shorin/视频/bilibili
[2026-06-06 19:37:12.922] [info]  (GameService)            Local game list: []
[2026-06-06 19:37:12.923] [info]  (SystemService)          Initing ffmpeg!
[2026-06-06 19:37:12.928] [info]  (ReportService)          Initing performance samples!
[2026-06-06 19:37:12.994] [info]  (WindowFactory)          Player window created!
[2026-06-06 19:37:13.007] [info]  (WindowEvents)           Startup timeline:  {"appReadyTime":null,"splashReadyTime":null,"decryptedTime":null,"bootstrapTime":null,"runCodeTime":null,"runCodeEndTime":null,"mainWindowReady":null}
[2026-06-06 19:37:13.036] [info]  (DownloadService)        Clear check download timer.
[2026-06-06 19:37:13.088] [info]  (DownloadService)        Check auto start download:  true
[2026-06-06 19:37:13.183] [info]  (WindowEvents)           App deactivated!
[2026-06-06 19:37:13.410] [info]  (AuthService)            Login status:  true
[2026-06-06 19:37:13.672] [info]  (WindowController)       Search page ready!
[2026-06-06 19:37:13.863] [info]  (AuthService)            BiliConf valid!
[2026-06-06 19:37:14.315] [info]  (WindowController)       Player window ready!
[2026-06-06 19:37:14.814] [info]  (WindowEvents)           Focus on mainWindow!
[2026-06-06 19:37:15.032] [info]  (WindowEvents)           App activated!
[2026-06-06 19:37:16.214] [info]  (WindowEvents)           App deactivated!
[2026-06-06 19:38:18.525] [info]  (WindowEvents)           Focus on mainWindow!
[2026-06-06 19:38:18.746] [info]  (WindowEvents)           App activated!
[2026-06-06 19:38:23.720] [info]  (WindowController)       Open player window: {"type":"ugc","bvid":"BV1dQ5T6DEpU","fromSpmid":"main.home-page-recommend.tianma.1-1-1.0","mediaList":null,"trackId":"web_pegasus_0.router-web-pegasus-2479516-692vf.1780745833382.4"}
[2026-06-06 19:38:26.230] [info]  (WindowEvents)           App deactivated!
[2026-06-06 19:40:17.906] [info]  (WindowEvents)           Focus on mainWindow!
[2026-06-06 19:40:17.909] [info]  (WindowEvents)           Focus on playerWindow!
[2026-06-06 19:40:18.125] [info]  (WindowEvents)           App activated!
[2026-06-06 19:40:21.530] [info]  (WindowEvents)           App deactivated!
[2026-06-06 19:40:25.968] [info]  (ConfigService)          Clearing...
[2026-06-06 19:40:25.970] [info]  (TrayMenuService)        Destoring app tray
[2026-06-06 19:40:25.970] [info]  (DownloadService)        Cancel downloading tasks!
[2026-06-06 19:40:25.970] [info]  (DownloadService)        Clear check download timer.
[2026-06-06 19:40:25.997] [info]  (ReportService)          Initing performance samples!
[2026-06-06 19:40:26.096] [info]  (WindowEvents)           Start close window:  mainWindow
[2026-06-06 19:40:26.097] [info]  (WindowEvents)           Main window closed!
[2026-06-06 19:40:26.144] [info]  (WindowEvents)           Start close window:  playerWindow
[2026-06-06 19:40:26.147] [info]  (ConfigController)       Set is selected exit:  false
[2026-06-06 19:40:26.220] [info]  (WindowEvents)           Start close window:  playerWindow
[2026-06-06 19:40:26.220] [info]  (WindowEvents)           Player window closed!
[2026-06-06 19:40:27.523] [info]  (TrayMenuService)        Creating app tray.
[2026-06-06 19:40:27.546] [info]  (WindowEvents)           Focus on mainWindow!
[2026-06-06 19:40:27.547] [info]  (WindowEvents)           Focus on playerWindow!
[2026-06-06 19:40:27.557] [info]  (ConfigService)          App quitting...
[2026-06-06 19:40:27.558] [info]  (AppEvents)              Good-bye!
[2026-06-06 19:57:58.285] [info]  (AppService)           Main running...
[2026-06-06 19:58:03.809] [info]  (SystemService)        [App info]:
 {
  version: '1.17.6',
  installVersion: '1.17.6',
  electron: '41.6.1',
  node: '24.15.0',
  chromium: '146.0.7680.216',
  buildCode: '10010170062603261238',
  buildId: '1285965',
  buildJobId: '23743424',
  chid: 'official'
}
[2026-06-06 19:58:03.813] [info]  (SystemService)        [System info]:
 {
  osArch: 'x64',
  processArch: 'x64',
  platform: 'linux',
  osType: 'Linux',
  osRelease: '7.0.10',
  osVersoin: '#1-NixOS SMP PREEMPT_DYNAMIC Sat May 23 11:09:44 UTC 2026',
  endianness: 'LE',
  hostName: 'nixos',
  totalMemory: 24906399744,
  sysVersion: '10.0.26100.2605'
}
[2026-06-06 19:58:03.825] [info]  (SystemService)        [User info] { isLogin: true, mid: 3632306304583906, uname: 'void博博' }
[2026-06-06 19:58:03.826] [info]  (SystemService)        Initing app configs!
[2026-06-06 19:58:03.910] [info]  (SystemService)        Load inject code config.
[2026-06-06 19:58:03.922] [info]  (PlayerService)        Initing player exp.
[2026-06-06 19:58:03.923] [info]  (PlayerService)        Load player config.
[2026-06-06 19:58:03.948] [info]  (FfAbTestService)      Parse FF tree.
[2026-06-06 19:58:03.976] [info]  (NotificationService)  Notification:  true
[2026-06-06 19:58:03.976] [info]  (FfAbTestService)      FF: {"sidebar_game_entry":false,"sidebar_upload_hide_r":false,"sidebar_upload_toweb":false,"sidebar_upload_toappbrowser":true,"sidebar_selected_hide2_r":false,"enable_system_notification":true,"is_ugc_season_tab":true,"show_local_video_setting_r":true,"show_search_ad":true}
[2026-06-06 19:58:04.007] [info]  (AuthService)          Updating cookies!
[2026-06-06 19:58:04.014] [info]  (AuthService)          init buivd 43E3083959E5485BFFEE24C02606051331gCXK2AM+nB06Gla5fbTw
[2026-06-06 19:58:04.018] [info]  (AuthService)          buvidmark 1
[2026-06-06 19:58:04.026] [info]  (ReportService)        Initing log-report!
[2026-06-06 19:58:04.026] [info]  (FfAbTestService)      Fetch FF info.
[2026-06-06 19:58:04.030] [info]  (FfAbTestService)      Parse FF tree.
[2026-06-06 19:58:04.052] [info]  (FfAbTestService)      FF: {"sidebar_game_entry":false,"sidebar_upload_hide_r":false,"sidebar_upload_toweb":false,"sidebar_upload_toappbrowser":true,"sidebar_selected_hide2_r":false,"enable_system_notification":true,"is_ugc_season_tab":true,"show_local_video_setting_r":true,"show_search_ad":true}
[2026-06-06 19:58:04.108] [info]  (AppService)             Help server ready! 
[2026-06-06 19:58:04.109] [info]  (AuthService)            Updating cookies!
[2026-06-06 19:58:04.113] [info]  (AppService)             Creating windows!
[2026-06-06 19:58:04.241] [info]  (WindowFactory)          Main window created!
[2026-06-06 19:58:04.258] [info]  (TrayMenuService)        Creating app tray.
[2026-06-06 19:58:04.260] [info]  (TrayMenuService)        Creating app menu.
[2026-06-06 19:58:04.492] [info]  (ReportService)          Init log-report success!
[2026-06-06 19:58:04.531] [info]  (SystemService)          NativeTheme updated, shouldUseDarkColors: false
[2026-06-06 19:58:04.596] [info]  (AuthService)            Updating cookies!
[2026-06-06 19:58:04.883] [info]  (SystemService)          NativeTheme updated, shouldUseDarkColors: true
[2026-06-06 19:58:04.894] [info]  (SystemService)          NativeTheme updated, shouldUseDarkColors: true
[2026-06-06 19:58:04.895] [info]  (SystemService)          NativeTheme updated, shouldUseDarkColors: true
[2026-06-06 19:58:04.935] [info]  (PlayerService)          Init player versions.
[2026-06-06 19:58:05.091] [info]  (FfAbTestService)        FF env, s-c prod
[2026-06-06 19:58:05.099] [info]  (FfAbTestService)        FF versions, l-r: 41375
[2026-06-06 19:58:05.101] [info]  (SystemService)          Fetch appConfig success!
[2026-06-06 19:58:05.657] [debug] (WindowService)          Splash window ready!
[2026-06-06 19:58:05.896] [info]  (AuthController)         set gaia fingerprint webgl
[2026-06-06 19:58:05.985] [info]  (WindowEvents)           App activated!
[2026-06-06 19:58:06.481] [info]  (RenderProcess)          Activate page: HomeRecommends
[2026-06-06 19:58:06.570] [info]  (WindowService)          Main window ready!
[2026-06-06 19:58:06.570] [info]  (DownloadService)        Init DownloadURL Events
[2026-06-06 19:58:06.603] [info]  (AuthService)            Checking refresh BiliConf.
[2026-06-06 19:58:06.625] [info]  (AuthService)            Judge login status!
[2026-06-06 19:58:06.657] [warn]  (UpdateService)          APPIMAGE env is not defined, current application is not an AppImage
[2026-06-06 19:58:06.658] [info]  (UpdateService)          Patch info: [{"v":"1.17.8","on":true,"s":"04c6fb8672","b":"100~199","bc":1000,"sv":"1.9.0","ev":"1.17.7","fix":0},{"v":"1.17.6","on":true,"s":"04c6fb8672","b":"0~999","bc":1000,"sv":"1.9.0","ev":"1.17.6","fix":0},{"v":"1.17.5","on":true,"s":"04c6fb8672","b":"0~999","bc":1000,"sv":"1.9.0","ev":"1.17.5","fix":2}]
[2026-06-06 19:58:06.669] [info]  (UpdateService)          Patch bucket: 816
[2026-06-06 19:58:06.678] [info]  (AuthService)            System-fp ready!
[2026-06-06 19:58:06.717] [info]  (WindowEvents)           Register boss shortcut: Ctrl+Shift+C
[2026-06-06 19:58:06.717] [info]  (WindowEvents)           Is boss shortcut registered: true
[2026-06-06 19:58:06.717] [info]  (NotificationService)    Notification mainWindowReady
[2026-06-06 19:58:06.717] [info]  (DownloadService)        Init bili-download!
[2026-06-06 19:58:06.724] [info]  (DownloadService)        Download path: /home/shorin/视频/bilibili
[2026-06-06 19:58:06.740] [info]  (GameService)            Local game list: []
[2026-06-06 19:58:06.740] [info]  (SystemService)          Initing ffmpeg!
[2026-06-06 19:58:06.744] [info]  (ReportService)          Initing performance samples!
[2026-06-06 19:58:06.759] [info]  (WindowFactory)          Player window created!
[2026-06-06 19:58:06.763] [info]  (WindowEvents)           Startup timeline:  {"appReadyTime":null,"splashReadyTime":null,"decryptedTime":null,"bootstrapTime":null,"runCodeTime":null,"runCodeEndTime":null,"mainWindowReady":null}
[2026-06-06 19:58:06.768] [info]  (DownloadService)        Clear check download timer.
[2026-06-06 19:58:06.784] [info]  (DownloadService)        Check auto start download:  true
[2026-06-06 19:58:06.938] [info]  (AuthService)            Login status:  true
[2026-06-06 19:58:07.190] [info]  (AuthService)            BiliConf valid!
[2026-06-06 19:58:07.194] [info]  (WindowEvents)           App deactivated!
[2026-06-06 19:58:07.975] [info]  (WindowController)       Search page ready!
[2026-06-06 19:58:08.211] [info]  (WindowController)       Player window ready!
[2026-06-06 19:58:32.996] [info]  (WindowEvents)           Focus on mainWindow!
[2026-06-06 19:58:33.218] [info]  (WindowEvents)           App activated!
[2026-06-06 19:58:36.696] [info]  (WindowController)       Open player window: {"type":"ugc","bvid":"BV1QDdgBWEwn","fromSpmid":"main.home-page-recommend.tianma.1-1-1.0","mediaList":null,"trackId":"web_pegasus_0.router-web-pegasus-2479516-sm4rx.1780747086564.370"}
[2026-06-06 19:58:41.995] [info]  (WindowController)       One Time fullscreen!
[2026-06-06 19:58:43.913] [info]  (WindowEvents)           App deactivated!
[2026-06-06 19:58:45.028] [info]  (WindowEvents)           Focus on playerWindow!
[2026-06-06 19:58:45.253] [info]  (WindowEvents)           App activated!
[2026-06-06 19:58:46.025] [info]  (WindowEvents)           App deactivated!
[2026-06-06 19:58:47.504] [info]  (WindowEvents)           Focus on playerWindow!
[2026-06-06 19:58:47.722] [info]  (WindowEvents)           App activated!
[2026-06-06 19:59:17.048] [info]  (WindowEvents)           App deactivated!
[2026-06-06 19:59:24.332] [info]  (WindowEvents)           Focus on playerWindow!
[2026-06-06 19:59:24.555] [info]  (WindowEvents)           App activated!
[2026-06-06 19:59:37.055] [info]  (WindowEvents)           App deactivated!
[2026-06-06 19:59:42.802] [info]  (WindowEvents)           Focus on playerWindow!
[2026-06-06 19:59:43.021] [info]  (WindowEvents)           App activated!
[2026-06-06 19:59:46.095] [info]  (WindowEvents)           App deactivated!
[2026-06-06 19:59:57.659] [info]  (WindowEvents)           Focus on playerWindow!
[2026-06-06 19:59:57.883] [info]  (WindowEvents)           App activated!
[2026-06-06 20:00:15.530] [info]  (WindowEvents)           App deactivated!
[2026-06-06 20:00:39.791] [info]  (WindowEvents)           Focus on playerWindow!
[2026-06-06 20:00:40.010] [info]  (WindowEvents)           App activated!
[2026-06-06 20:01:07.562] [info]  (WindowEvents)           App deactivated!
[2026-06-06 20:01:07.930] [info]  (WindowEvents)           Focus on playerWindow!
[2026-06-06 20:01:26.506] [info]  (WindowEvents)           Focus on playerWindow!
[2026-06-06 20:01:26.726] [info]  (WindowEvents)           App activated!
[2026-06-06 20:01:42.104] [info]  (WindowEvents)           App deactivated!
[2026-06-06 20:02:02.004] [info]  (WindowEvents)           Focus on playerWindow!
[2026-06-06 20:02:02.226] [info]  (WindowEvents)           App activated!
[2026-06-06 20:02:13.928] [info]  (WindowEvents)           App deactivated!
[2026-06-06 20:02:43.252] [info]  (WindowEvents)           Focus on playerWindow!
[2026-06-06 20:02:43.476] [info]  (WindowEvents)           App activated!
[2026-06-06 20:02:45.071] [info]  (WindowEvents)           App deactivated!
[2026-06-06 20:02:47.644] [info]  (WindowEvents)           Focus on playerWindow!
[2026-06-06 20:02:47.872] [info]  (WindowEvents)           App activated!
[2026-06-06 20:03:09.558] [info]  (WindowEvents)           App deactivated!
[2026-06-06 20:03:15.935] [info]  (WindowEvents)           Focus on playerWindow!
[2026-06-06 20:03:16.154] [info]  (WindowEvents)           App activated!
[2026-06-06 20:03:44.839] [info]  (WindowEvents)           App deactivated!
[2026-06-06 20:03:53.732] [info]  (WindowEvents)           Focus on playerWindow!
[2026-06-06 20:03:53.952] [info]  (WindowEvents)           App activated!
[2026-06-06 20:03:55.101] [info]  (WindowEvents)           App deactivated!
[2026-06-06 20:03:56.472] [info]  (WindowEvents)           Focus on playerWindow!
[2026-06-06 20:03:56.691] [info]  (WindowEvents)           App activated!
[2026-06-06 20:04:07.814] [info]  (WindowEvents)           App deactivated!
[2026-06-06 20:04:12.161] [info]  (WindowEvents)           Focus on playerWindow!
[2026-06-06 20:04:12.378] [info]  (WindowEvents)           App activated!
[2026-06-06 20:04:48.086] [info]  (WindowEvents)           App deactivated!
[2026-06-06 20:04:52.377] [info]  (WindowEvents)           Focus on playerWindow!
[2026-06-06 20:04:52.597] [info]  (WindowEvents)           App activated!
[2026-06-06 20:05:26.531] [info]  (WindowEvents)           App deactivated!
[2026-06-06 20:05:26.892] [info]  (WindowEvents)           Focus on playerWindow!
[2026-06-06 20:05:27.115] [info]  (WindowEvents)           App activated!
[2026-06-06 20:05:27.347] [info]  (WindowEvents)           App deactivated!
[2026-06-06 20:05:41.507] [info]  (WindowEvents)           Focus on playerWindow!
[2026-06-06 20:05:41.725] [info]  (WindowEvents)           App activated!
[2026-06-06 20:06:42.735] [info]  (WindowEvents)           App deactivated!
[2026-06-06 20:06:42.813] [info]  (WindowEvents)           Focus on playerWindow!
[2026-06-06 20:07:01.243] [info]  (WindowEvents)           Focus on playerWindow!
[2026-06-06 20:07:01.464] [info]  (WindowEvents)           App activated!
[2026-06-06 20:07:12.484] [info]  (WindowEvents)           App deactivated!
[2026-06-06 20:07:14.634] [info]  (WindowEvents)           Focus on playerWindow!
[2026-06-06 20:07:14.853] [info]  (WindowEvents)           App activated!
[2026-06-06 20:07:28.761] [info]  (WindowEvents)           App deactivated!
[2026-06-06 20:07:46.196] [info]  (WindowEvents)           Focus on playerWindow!
[2026-06-06 20:07:46.416] [info]  (WindowEvents)           App activated!
[2026-06-06 20:07:53.022] [info]  (WindowEvents)           App deactivated!
[2026-06-06 20:08:21.243] [info]  (WindowEvents)           Focus on playerWindow!
[2026-06-06 20:08:21.464] [info]  (WindowEvents)           App activated!
[2026-06-06 20:08:39.598] [info]  (WindowEvents)           App deactivated!
[2026-06-06 20:08:59.053] [info]  (WindowEvents)           Focus on playerWindow!
[2026-06-06 20:08:59.271] [info]  (WindowEvents)           App activated!
[2026-06-06 20:09:12.040] [info]  (WindowController)       One Time fullscreen!
[2026-06-06 20:09:13.822] [info]  (WindowEvents)           App deactivated!
[2026-06-06 20:09:46.427] [info]  (WindowEvents)           Focus on playerWindow!
[2026-06-06 20:09:46.675] [info]  (WindowEvents)           App activated!
[2026-06-06 20:10:06.368] [info]  (WindowEvents)           App deactivated!
[2026-06-06 20:10:09.714] [info]  (WindowEvents)           Focus on playerWindow!
[2026-06-06 20:10:09.941] [info]  (WindowEvents)           App activated!
[2026-06-06 20:10:14.767] [info]  (WindowEvents)           App deactivated!
[2026-06-06 20:10:26.526] [info]  (WindowEvents)           Focus on playerWindow!
[2026-06-06 20:10:26.769] [info]  (WindowEvents)           App activated!
[2026-06-06 20:10:33.223] [info]  (WindowEvents)           App deactivated!
[2026-06-06 20:10:33.646] [info]  (WindowEvents)           Focus on playerWindow!
[2026-06-06 20:10:33.869] [info]  (WindowEvents)           App activated!
[2026-06-06 20:10:38.080] [info]  (WindowEvents)           App deactivated!
[2026-06-06 20:10:40.916] [info]  (WindowEvents)           Focus on playerWindow!
[2026-06-06 20:10:41.133] [info]  (WindowEvents)           App activated!
[2026-06-06 20:10:48.303] [info]  (WindowEvents)           App deactivated!
[2026-06-06 20:10:57.436] [info]  (WindowEvents)           Focus on playerWindow!
[2026-06-06 20:10:57.660] [info]  (WindowEvents)           App activated!
[2026-06-06 20:11:16.729] [info]  (WindowEvents)           App deactivated!
[2026-06-06 20:11:37.229] [info]  (WindowEvents)           Focus on playerWindow!
[2026-06-06 20:11:37.445] [info]  (WindowEvents)           App activated!
[2026-06-06 20:12:36.787] [info]  (WindowEvents)           App deactivated!
[2026-06-06 20:13:04.631] [info]  (SystemService)          Fetch appConfig success!
[2026-06-06 20:13:05.321] [info]  (WindowEvents)           Focus on playerWindow!
[2026-06-06 20:13:05.541] [info]  (WindowEvents)           App activated!
[2026-06-06 20:13:36.770] [info]  (WindowEvents)           App deactivated!
[2026-06-06 20:13:46.299] [info]  (WindowEvents)           Focus on playerWindow!
[2026-06-06 20:13:46.516] [info]  (WindowEvents)           App activated!
[2026-06-06 20:14:09.459] [info]  (WindowEvents)           App deactivated!
[2026-06-06 20:14:09.791] [info]  (WindowEvents)           Focus on playerWindow!
[2026-06-06 20:14:23.253] [info]  (WindowEvents)           Focus on playerWindow!
[2026-06-06 20:14:23.472] [info]  (WindowEvents)           App activated!
[2026-06-06 20:14:39.766] [info]  (WindowEvents)           App deactivated!
[2026-06-06 20:14:41.281] [info]  (WindowEvents)           Focus on playerWindow!
[2026-06-06 20:14:41.515] [info]  (WindowEvents)           App activated!
[2026-06-06 20:14:52.298] [info]  (WindowEvents)           App deactivated!
[2026-06-06 20:15:07.749] [info]  (WindowEvents)           Focus on playerWindow!
[2026-06-06 20:15:07.969] [info]  (WindowEvents)           App activated!
[2026-06-06 20:15:31.351] [info]  (WindowEvents)           App deactivated!
[2026-06-06 20:15:31.353] [info]  (WindowEvents)           Focus on playerWindow!
[2026-06-06 20:15:31.575] [info]  (WindowEvents)           App activated!
[2026-06-06 20:15:31.983] [info]  (WindowEvents)           App deactivated!
[2026-06-06 20:15:48.997] [info]  (WindowEvents)           Focus on playerWindow!
[2026-06-06 20:15:49.213] [info]  (WindowEvents)           App activated!
[2026-06-06 20:16:08.809] [info]  (WindowEvents)           App deactivated!
[2026-06-06 20:16:09.014] [info]  (WindowEvents)           Focus on playerWindow!
[2026-06-06 20:16:38.543] [info]  (WindowEvents)           Focus on playerWindow!
[2026-06-06 20:16:38.760] [info]  (WindowEvents)           App activated!
[2026-06-06 20:17:03.516] [info]  (WindowEvents)           App deactivated!
[2026-06-06 20:17:28.875] [info]  (WindowEvents)           Focus on playerWindow!
[2026-06-06 20:17:29.102] [info]  (WindowEvents)           App activated!
[2026-06-06 20:17:46.734] [info]  (WindowEvents)           App deactivated!
[2026-06-06 20:17:49.430] [info]  (WindowEvents)           Focus on playerWindow!
[2026-06-06 20:17:49.650] [info]  (WindowEvents)           App activated!
[2026-06-06 20:17:50.328] [info]  (WindowEvents)           Start close window:  playerWindow
[2026-06-06 20:17:50.656] [info]  (WindowEvents)           Start close window:  playerWindow
[2026-06-06 20:17:50.704] [info]  (WindowEvents)           Start close window:  playerWindow
[2026-06-06 20:17:50.706] [info]  (WindowEvents)           Player window closed!
[2026-06-06 20:17:50.769] [info]  (WindowEvents)           Focus on mainWindow!
[2026-06-06 20:17:50.813] [info]  (WindowEvents)           Start close window:  playerWindow
[2026-06-06 20:17:50.814] [info]  (WindowEvents)           Player window closed!
[2026-06-06 20:17:51.253] [info]  (WindowEvents)           Start close window:  mainWindow
[2026-06-06 20:17:51.254] [info]  (WindowEvents)           Main window closed!
[2026-06-06 20:17:51.561] [info]  (WindowEvents)           App deactivated!
[2026-06-06 20:19:07.344] [info]  (WindowEvents)           Focus on mainWindow!
[2026-06-06 20:19:07.568] [info]  (WindowEvents)           App activated!
[2026-06-06 20:19:19.092] [info]  (RenderProcess)          Activate page: HomeLive
[2026-06-06 20:19:19.507] [info]  (RenderProcess)          Activate page: HomeRecommends
[2026-06-06 20:19:21.908] [info]  (WindowEvents)           App deactivated!
[2026-06-06 20:19:49.363] [info]  (WindowEvents)           Focus on mainWindow!
[2026-06-06 20:19:49.582] [info]  (WindowEvents)           App activated!
[2026-06-06 20:19:51.809] [info]  (WindowController)       Open player window: {"type":"ugc","bvid":"BV1jx9dBHECT","fromSpmid":"main.home-page-recommend.tianma.2-1-6.0","mediaList":null,"trackId":"web_pegasus_0.router-web-pegasus-2479516-sm4rx.1780747086564.370"}
[2026-06-06 20:19:51.835] [info]  (WindowEvents)           Focus on playerWindow!
[2026-06-06 20:19:57.639] [info]  (WindowController)       One Time fullscreen!
[2026-06-06 20:20:17.041] [info]  (WindowEvents)           App deactivated!
[2026-06-06 20:20:17.192] [info]  (WindowEvents)           Focus on playerWindow!
[2026-06-06 20:20:17.410] [info]  (WindowEvents)           App activated!
[2026-06-06 20:20:17.711] [info]  (WindowEvents)           App deactivated!
[2026-06-06 20:20:22.711] [info]  (WindowEvents)           Focus on playerWindow!
[2026-06-06 20:20:22.933] [info]  (WindowEvents)           App activated!
[2026-06-06 20:20:23.641] [info]  (WindowEvents)           App deactivated!
[2026-06-06 20:20:54.035] [info]  (WindowEvents)           Focus on playerWindow!
[2026-06-06 20:20:54.263] [info]  (WindowEvents)           App activated!
[2026-06-06 20:21:03.886] [info]  (WindowEvents)           App deactivated!
[2026-06-06 20:21:06.143] [info]  (WindowEvents)           Focus on playerWindow!
[2026-06-06 20:21:06.363] [info]  (WindowEvents)           App activated!
[2026-06-06 20:21:07.044] [info]  (WindowEvents)           App deactivated!
[2026-06-06 20:21:17.743] [info]  (WindowEvents)           Focus on playerWindow!
[2026-06-06 20:21:17.964] [info]  (WindowEvents)           App activated!
[2026-06-06 20:21:23.195] [info]  (WindowEvents)           App deactivated!
[2026-06-06 20:21:31.214] [info]  (WindowEvents)           Focus on playerWindow!
[2026-06-06 20:21:31.458] [info]  (WindowEvents)           App activated!
[2026-06-06 20:21:32.491] [info]  (WindowEvents)           App deactivated!
[2026-06-06 20:21:52.951] [info]  (WindowEvents)           Focus on playerWindow!
[2026-06-06 20:21:53.177] [info]  (WindowEvents)           App activated!
[2026-06-06 20:22:12.828] [info]  (WindowEvents)           App deactivated!
[2026-06-06 20:22:17.239] [info]  (WindowEvents)           Focus on playerWindow!
[2026-06-06 20:22:17.461] [info]  (WindowEvents)           App activated!
[2026-06-06 20:22:22.979] [info]  (WindowEvents)           App deactivated!
[2026-06-06 20:22:41.682] [info]  (WindowEvents)           Focus on playerWindow!
[2026-06-06 20:22:41.904] [info]  (WindowEvents)           App activated!
[2026-06-06 20:22:42.606] [info]  (WindowEvents)           Start close window:  playerWindow
[2026-06-06 20:22:42.698] [info]  (WindowEvents)           Start close window:  playerWindow
[2026-06-06 20:22:42.699] [info]  (WindowEvents)           Player window closed!
[2026-06-06 20:22:42.711] [info]  (WindowEvents)           Focus on mainWindow!
[2026-06-06 20:22:42.826] [info]  (WindowEvents)           Start close window:  mainWindow
[2026-06-06 20:22:42.826] [info]  (WindowEvents)           Main window closed!
[2026-06-06 20:22:42.933] [info]  (WindowEvents)           App deactivated!
[2026-06-06 20:23:37.948] [info]  (ConfigService)          Clearing...
[2026-06-06 20:23:37.950] [info]  (TrayMenuService)        Destoring app tray
[2026-06-06 20:23:37.951] [info]  (DownloadService)        Cancel downloading tasks!
[2026-06-06 20:23:37.951] [info]  (DownloadService)        Clear check download timer.
[2026-06-06 20:23:37.987] [info]  (ReportService)          Initing performance samples!
[2026-06-06 20:23:38.054] [info]  (WindowEvents)           Start close window:  mainWindow
[2026-06-06 20:23:38.055] [info]  (WindowEvents)           Main window closed!
[2026-06-06 20:23:38.068] [info]  (WindowEvents)           Start close window:  playerWindow
[2026-06-06 20:23:38.068] [info]  (WindowEvents)           Player window closed!
[2026-06-06 20:23:38.069] [error] (AppEvents)              App child-process-gone, reason: {
  type: 'Utility',
  reason: 'killed',
  name: 'Audio Service',
  serviceName: 'audio.mojom.AudioService',
  exitCode: 15
}
[2026-06-06 20:23:38.075] [info]  (ConfigController)       Set is selected exit:  false
[2026-06-06 20:23:38.085] [error] (AppEvents)              Render process gone, reason: killed
[2026-06-06 20:23:38.094] [info]  (ReportService)          Report log by process-crash
[2026-06-06 20:23:38.103] [info]  (ReportService)          Start upload log...
[2026-06-10 13:42:34.718] [info]  (AppService)           Main running...
[2026-06-10 13:42:34.908] [info]  (SystemService)        [App info]:
 {
  version: '1.17.6',
  installVersion: '1.17.6',
  electron: '41.6.1',
  node: '24.15.0',
  chromium: '146.0.7680.216',
  buildCode: '10010170062603261238',
  buildId: '1285965',
  buildJobId: '23743424',
  chid: 'official'
}
[2026-06-10 13:42:34.912] [info]  (SystemService)        [System info]:
 {
  osArch: 'x64',
  processArch: 'x64',
  platform: 'linux',
  osType: 'Linux',
  osRelease: '7.0.10',
  osVersoin: '#1-NixOS SMP PREEMPT_DYNAMIC Sat May 23 11:09:44 UTC 2026',
  endianness: 'LE',
  hostName: 'nixos',
  totalMemory: 24906383360,
  sysVersion: '10.0.26100.2605'
}
[2026-06-10 13:42:34.925] [info]  (SystemService)        [User info] { isLogin: true, mid: 3632306304583906, uname: 'void博博' }
[2026-06-10 13:42:34.927] [info]  (SystemService)        Initing app configs!
[2026-06-10 13:42:35.023] [info]  (SystemService)        Load inject code config.
[2026-06-10 13:42:35.036] [info]  (PlayerService)        Initing player exp.
[2026-06-10 13:42:35.037] [info]  (PlayerService)        Load player config.
[2026-06-10 13:42:35.073] [info]  (FfAbTestService)      Parse FF tree.
[2026-06-10 13:42:35.137] [info]  (NotificationService)  Notification:  true
[2026-06-10 13:42:35.138] [info]  (FfAbTestService)      FF: {"sidebar_game_entry":false,"sidebar_upload_hide_r":false,"sidebar_upload_toweb":false,"sidebar_upload_toappbrowser":true,"sidebar_selected_hide2_r":false,"enable_system_notification":true,"is_ugc_season_tab":true,"show_local_video_setting_r":true,"show_search_ad":true}
[2026-06-10 13:42:35.230] [info]  (AuthService)          Updating cookies!
[2026-06-10 13:42:35.246] [info]  (AuthService)          init buivd 43E3083959E5485BFFEE24C02606051331gCXK2AM+nB06Gla5fbTw
[2026-06-10 13:42:35.252] [info]  (AuthService)          buvidmark 1
[2026-06-10 13:42:35.263] [info]  (ReportService)        Initing log-report!
[2026-06-10 13:42:35.264] [info]  (FfAbTestService)      Fetch FF info.
[2026-06-10 13:42:35.268] [info]  (FfAbTestService)      Parse FF tree.
[2026-06-10 13:42:35.298] [info]  (FfAbTestService)      FF: {"sidebar_game_entry":false,"sidebar_upload_hide_r":false,"sidebar_upload_toweb":false,"sidebar_upload_toappbrowser":true,"sidebar_selected_hide2_r":false,"enable_system_notification":true,"is_ugc_season_tab":true,"show_local_video_setting_r":true,"show_search_ad":true}
[2026-06-10 13:42:35.369] [info]  (AppService)             Help server ready! 
[2026-06-10 13:42:35.370] [info]  (AuthService)            Updating cookies!
[2026-06-10 13:42:35.381] [info]  (AppService)             Creating windows!
[2026-06-10 13:42:35.524] [info]  (WindowFactory)          Main window created!
[2026-06-10 13:42:35.541] [info]  (TrayMenuService)        Creating app tray.
[2026-06-10 13:42:35.544] [info]  (TrayMenuService)        Creating app menu.
[2026-06-10 13:42:35.747] [error] (SystemService)          Fetch appConfig error! FetchError: request to https://api.bilibili.com/x/elec-frontend/config/appconfig failed, reason: getaddrinfo ENOTFOUND api.bilibili.com
    at ClientRequest.<anonymous> (/nix/store/8dfmgycajkrbbavbpxgffpkxqrmi7fkf-bilibili-1.17.6-2/opt/app.asar/node_modules/node-fetch/lib/index.js:1501:11)
    at ClientRequest.emit (node:events:509:28)
    at emitErrorEvent (node:_http_client:109:11)
    at TLSSocket.socketErrorListener (node:_http_client:593:5)
    at TLSSocket.emit (node:events:509:28)
    at emitErrorNT (node:internal/streams/destroy:170:8)
    at emitErrorCloseNT (node:internal/streams/destroy:129:3)
    at process.processTicksAndRejections (node:internal/process/task_queues:90:21)
[2026-06-10 13:42:35.748] [error] (SystemService)          Load inject code error: FetchError: request to https://api.bilibili.com/x/elec-frontend/config/injectcode failed, reason: getaddrinfo ENOTFOUND api.bilibili.com
    at ClientRequest.<anonymous> (/nix/store/8dfmgycajkrbbavbpxgffpkxqrmi7fkf-bilibili-1.17.6-2/opt/app.asar/node_modules/node-fetch/lib/index.js:1501:11)
    at ClientRequest.emit (node:events:509:28)
    at emitErrorEvent (node:_http_client:109:11)
    at TLSSocket.socketErrorListener (node:_http_client:593:5)
    at TLSSocket.emit (node:events:509:28)
    at emitErrorNT (node:internal/streams/destroy:170:8)
    at emitErrorCloseNT (node:internal/streams/destroy:129:3)
    at process.processTicksAndRejections (node:internal/process/task_queues:90:21)
[2026-06-10 13:42:35.749] [error] (PlayerService)          Load player config error: FetchError: request to https://api.bilibili.com/x/elec-frontend/config/playerconfig failed, reason: getaddrinfo ENOTFOUND api.bilibili.com
    at ClientRequest.<anonymous> (/nix/store/8dfmgycajkrbbavbpxgffpkxqrmi7fkf-bilibili-1.17.6-2/opt/app.asar/node_modules/node-fetch/lib/index.js:1501:11)
    at ClientRequest.emit (node:events:509:28)
    at emitErrorEvent (node:_http_client:109:11)
    at TLSSocket.socketErrorListener (node:_http_client:593:5)
    at TLSSocket.emit (node:events:509:28)
    at emitErrorNT (node:internal/streams/destroy:170:8)
    at emitErrorCloseNT (node:internal/streams/destroy:129:3)
    at process.processTicksAndRejections (node:internal/process/task_queues:90:21)
[2026-06-10 13:42:35.776] [info]  (ReportService)          Init log-report success!
[2026-06-10 13:42:35.777] [error] (FfAbTestService)        Fetch FF error: FetchError: request to https://api.bilibili.com/x/polymer/pc-electron/ff-version failed, reason: getaddrinfo ENOTFOUND api.bilibili.com
    at ClientRequest.<anonymous> (/nix/store/8dfmgycajkrbbavbpxgffpkxqrmi7fkf-bilibili-1.17.6-2/opt/app.asar/node_modules/node-fetch/lib/index.js:1501:11)
    at ClientRequest.emit (node:events:509:28)
    at emitErrorEvent (node:_http_client:109:11)
    at TLSSocket.socketErrorListener (node:_http_client:593:5)
    at TLSSocket.emit (node:events:509:28)
    at emitErrorNT (node:internal/streams/destroy:170:8)
    at emitErrorCloseNT (node:internal/streams/destroy:129:3)
    at process.processTicksAndRejections (node:internal/process/task_queues:90:21)
[2026-06-10 13:42:35.826] [info]  (SystemService)          NativeTheme updated, shouldUseDarkColors: false
[2026-06-10 13:42:35.925] [info]  (AuthService)            Updating cookies!
[2026-06-10 13:42:36.008] [info]  (AuthService)            Updating cookies!
[2026-06-10 13:42:36.094] [info]  (SystemService)          NativeTheme updated, shouldUseDarkColors: true
[2026-06-10 13:42:36.705] [info]  (AuthService)            Updating cookies!
[2026-06-10 13:42:36.735] [info]  (ConfigService)          Clearing...
[2026-06-10 13:42:36.738] [info]  (TrayMenuService)        Destoring app tray
[2026-06-10 13:42:36.739] [info]  (DownloadService)        Cancel downloading tasks!
[2026-06-10 13:42:36.739] [info]  (DownloadService)        Clear check download timer.
[2026-06-10 13:42:36.767] [info]  (ReportService)          Initing performance samples!
[2026-06-10 13:42:36.860] [info]  (WindowEvents)           Start close window:  mainWindow
[2026-06-10 13:42:36.860] [info]  (WindowEvents)           Main window closed!
[2026-06-10 13:42:37.163] [debug] (WindowService)          Splash window ready!
[2026-06-10 13:42:37.548] [info]  (WindowEvents)           App activated!
[2026-06-10 13:42:37.680] [info]  (AuthController)         set gaia fingerprint webgl
[2026-06-10 13:42:38.173] [info]  (WindowEvents)           App deactivated!
[2026-06-10 13:42:38.314] [info]  (ConfigService)          App quitting...
[2026-06-10 13:42:38.317] [info]  (AppEvents)              Good-bye!
[2026-06-10 13:42:38.557] [info]  (RenderProcess)          Activate page: HomeRecommends
[2026-06-10 13:42:38.720] [info]  (WindowService)          Main window ready!
[2026-06-10 13:42:38.721] [info]  (DownloadService)        Init DownloadURL Events
[2026-06-10 13:42:38.755] [info]  (AuthService)            Checking refresh BiliConf.
[2026-06-10 13:42:38.779] [info]  (AuthService)            Judge login status!
[2026-06-10 13:42:38.815] [warn]  (UpdateService)          APPIMAGE env is not defined, current application is not an AppImage
[2026-06-10 13:42:38.826] [info]  (AuthService)            System-fp ready!
[2026-06-10 13:42:38.898] [info]  (WindowEvents)           Register boss shortcut: Ctrl+Shift+C
[2026-06-10 13:42:38.898] [info]  (WindowEvents)           Is boss shortcut registered: true
[2026-06-10 13:42:38.898] [info]  (NotificationService)    Notification mainWindowReady
[2026-06-10 13:42:38.899] [info]  (DownloadService)        Init bili-download!
[2026-06-10 13:42:38.919] [info]  (DownloadService)        Download path: /home/shorin/视频/bilibili
[2026-06-10 13:42:38.969] [info]  (GameService)            Local game list: []
[2026-06-10 13:42:38.970] [info]  (SystemService)          Initing ffmpeg!
[2026-06-10 13:42:38.982] [info]  (ReportService)          Initing performance samples!
[2026-06-10 13:42:39.052] [info]  (WindowFactory)          Player window created!
[2026-06-10 13:42:39.066] [info]  (WindowEvents)           Startup timeline:  {"appReadyTime":null,"splashReadyTime":null,"decryptedTime":null,"bootstrapTime":null,"runCodeTime":null,"runCodeEndTime":null,"mainWindowReady":null}
[2026-06-10 13:42:39.084] [info]  (DownloadService)        Clear check download timer.
[2026-06-10 13:42:39.137] [info]  (DownloadService)        Check auto start download:  true
[2026-06-10 13:42:39.157] [error] (AuthService)            Checking refresh BiliConf error!
[2026-06-10 13:42:39.158] [error] (AuthService)            Judge login error! FetchError: request to https://api.bilibili.com/x/web-interface/nav failed, reason: getaddrinfo ENOTFOUND api.bilibili.com
    at ClientRequest.<anonymous> (/nix/store/8dfmgycajkrbbavbpxgffpkxqrmi7fkf-bilibili-1.17.6-2/opt/app.asar/node_modules/node-fetch/lib/index.js:1501:11)
    at ClientRequest.emit (node:events:509:28)
    at emitErrorEvent (node:_http_client:109:11)
    at TLSSocket.socketErrorListener (node:_http_client:593:5)
    at TLSSocket.emit (node:events:509:28)
    at emitErrorNT (node:internal/streams/destroy:170:8)
    at emitErrorCloseNT (node:internal/streams/destroy:129:3)
    at process.processTicksAndRejections (node:internal/process/task_queues:90:21)
[2026-06-10 13:42:39.372] [error] (WindowEvents)           Window failed to load: ERR_INTERNET_DISCONNECTED (Error code: -106, url: https://www.bilibili.com/blackboard/fe/activity-qpCzT2eJZD.html))
[2026-06-10 13:42:40.464] [info]  (WindowController)       Player window ready!
[2026-06-10 13:42:46.703] [info]  (AppService)           Main running...
[2026-06-10 13:42:46.781] [info]  (SystemService)        [App info]:
 {
  version: '1.17.6',
  installVersion: '1.17.6',
  electron: '41.6.1',
  node: '24.15.0',
  chromium: '146.0.7680.216',
  buildCode: '10010170062603261238',
  buildId: '1285965',
  buildJobId: '23743424',
  chid: 'official'
}
[2026-06-10 13:42:46.783] [info]  (SystemService)        [System info]:
 {
  osArch: 'x64',
  processArch: 'x64',
  platform: 'linux',
  osType: 'Linux',
  osRelease: '7.0.10',
  osVersoin: '#1-NixOS SMP PREEMPT_DYNAMIC Sat May 23 11:09:44 UTC 2026',
  endianness: 'LE',
  hostName: 'nixos',
  totalMemory: 24906383360,
  sysVersion: '10.0.26100.2605'
}
[2026-06-10 13:42:46.789] [info]  (SystemService)        [User info] { isLogin: true, mid: 3632306304583906, uname: 'void博博' }
[2026-06-10 13:42:46.790] [info]  (SystemService)        Initing app configs!
[2026-06-10 13:42:46.824] [info]  (SystemService)        Load inject code config.
[2026-06-10 13:42:46.828] [info]  (PlayerService)        Initing player exp.
[2026-06-10 13:42:46.829] [info]  (PlayerService)        Load player config.
[2026-06-10 13:42:46.840] [info]  (FfAbTestService)      Parse FF tree.
[2026-06-10 13:42:46.866] [info]  (NotificationService)  Notification:  true
[2026-06-10 13:42:46.866] [info]  (FfAbTestService)      FF: {"sidebar_game_entry":false,"sidebar_upload_hide_r":false,"sidebar_upload_toweb":false,"sidebar_upload_toappbrowser":true,"sidebar_selected_hide2_r":false,"enable_system_notification":true,"is_ugc_season_tab":true,"show_local_video_setting_r":true,"show_search_ad":true}
[2026-06-10 13:42:46.900] [info]  (AuthService)          Updating cookies!
[2026-06-10 13:42:46.908] [info]  (AuthService)          init buivd 43E3083959E5485BFFEE24C02606051331gCXK2AM+nB06Gla5fbTw
[2026-06-10 13:42:46.911] [info]  (AuthService)          buvidmark 1
[2026-06-10 13:42:46.919] [info]  (ReportService)        Initing log-report!
[2026-06-10 13:42:46.920] [info]  (FfAbTestService)      Fetch FF info.
[2026-06-10 13:42:46.925] [info]  (FfAbTestService)      Parse FF tree.
[2026-06-10 13:42:46.947] [info]  (FfAbTestService)      FF: {"sidebar_game_entry":false,"sidebar_upload_hide_r":false,"sidebar_upload_toweb":false,"sidebar_upload_toappbrowser":true,"sidebar_selected_hide2_r":false,"enable_system_notification":true,"is_ugc_season_tab":true,"show_local_video_setting_r":true,"show_search_ad":true}
[2026-06-10 13:42:47.001] [info]  (AppService)             Help server ready! 
[2026-06-10 13:42:47.001] [info]  (AuthService)            Updating cookies!
[2026-06-10 13:42:47.005] [info]  (AppService)             Creating windows!
[2026-06-10 13:42:47.048] [info]  (WindowFactory)          Main window created!
[2026-06-10 13:42:47.055] [info]  (TrayMenuService)        Creating app tray.
[2026-06-10 13:42:47.056] [info]  (TrayMenuService)        Creating app menu.
[2026-06-10 13:42:47.126] [error] (SystemService)          Fetch appConfig error! FetchError: request to https://api.bilibili.com/x/elec-frontend/config/appconfig failed, reason: getaddrinfo ENOTFOUND api.bilibili.com
    at ClientRequest.<anonymous> (/nix/store/8dfmgycajkrbbavbpxgffpkxqrmi7fkf-bilibili-1.17.6-2/opt/app.asar/node_modules/node-fetch/lib/index.js:1501:11)
    at ClientRequest.emit (node:events:509:28)
    at emitErrorEvent (node:_http_client:109:11)
    at TLSSocket.socketErrorListener (node:_http_client:593:5)
    at TLSSocket.emit (node:events:509:28)
    at emitErrorNT (node:internal/streams/destroy:170:8)
    at emitErrorCloseNT (node:internal/streams/destroy:129:3)
    at process.processTicksAndRejections (node:internal/process/task_queues:90:21)
[2026-06-10 13:42:47.127] [error] (SystemService)          Load inject code error: FetchError: request to https://api.bilibili.com/x/elec-frontend/config/injectcode failed, reason: getaddrinfo ENOTFOUND api.bilibili.com
    at ClientRequest.<anonymous> (/nix/store/8dfmgycajkrbbavbpxgffpkxqrmi7fkf-bilibili-1.17.6-2/opt/app.asar/node_modules/node-fetch/lib/index.js:1501:11)
    at ClientRequest.emit (node:events:509:28)
    at emitErrorEvent (node:_http_client:109:11)
    at TLSSocket.socketErrorListener (node:_http_client:593:5)
    at TLSSocket.emit (node:events:509:28)
    at emitErrorNT (node:internal/streams/destroy:170:8)
    at emitErrorCloseNT (node:internal/streams/destroy:129:3)
    at process.processTicksAndRejections (node:internal/process/task_queues:90:21)
[2026-06-10 13:42:47.127] [error] (PlayerService)          Load player config error: FetchError: request to https://api.bilibili.com/x/elec-frontend/config/playerconfig failed, reason: getaddrinfo ENOTFOUND api.bilibili.com
    at ClientRequest.<anonymous> (/nix/store/8dfmgycajkrbbavbpxgffpkxqrmi7fkf-bilibili-1.17.6-2/opt/app.asar/node_modules/node-fetch/lib/index.js:1501:11)
    at ClientRequest.emit (node:events:509:28)
    at emitErrorEvent (node:_http_client:109:11)
    at TLSSocket.socketErrorListener (node:_http_client:593:5)
    at TLSSocket.emit (node:events:509:28)
    at emitErrorNT (node:internal/streams/destroy:170:8)
    at emitErrorCloseNT (node:internal/streams/destroy:129:3)
    at process.processTicksAndRejections (node:internal/process/task_queues:90:21)
[2026-06-10 13:42:47.134] [info]  (ReportService)          Init log-report success!
[2026-06-10 13:42:47.135] [error] (FfAbTestService)        Fetch FF error: FetchError: request to https://api.bilibili.com/x/polymer/pc-electron/ff-version failed, reason: getaddrinfo ENOTFOUND api.bilibili.com
    at ClientRequest.<anonymous> (/nix/store/8dfmgycajkrbbavbpxgffpkxqrmi7fkf-bilibili-1.17.6-2/opt/app.asar/node_modules/node-fetch/lib/index.js:1501:11)
    at ClientRequest.emit (node:events:509:28)
    at emitErrorEvent (node:_http_client:109:11)
    at TLSSocket.socketErrorListener (node:_http_client:593:5)
    at TLSSocket.emit (node:events:509:28)
    at emitErrorNT (node:internal/streams/destroy:170:8)
    at emitErrorCloseNT (node:internal/streams/destroy:129:3)
    at process.processTicksAndRejections (node:internal/process/task_queues:90:21)
[2026-06-10 13:42:47.153] [info]  (SystemService)          NativeTheme updated, shouldUseDarkColors: false
[2026-06-10 13:42:47.218] [info]  (AuthService)            Updating cookies!
[2026-06-10 13:42:47.351] [info]  (SystemService)          NativeTheme updated, shouldUseDarkColors: true
[2026-06-10 13:42:47.788] [debug] (WindowService)          Splash window ready!
[2026-06-10 13:42:48.092] [info]  (WindowEvents)           App activated!
[2026-06-10 13:42:48.276] [info]  (AuthController)         set gaia fingerprint webgl
[2026-06-10 13:42:48.810] [info]  (RenderProcess)          Activate page: HomeRecommends
[2026-06-10 13:42:48.860] [info]  (WindowService)          Main window ready!
[2026-06-10 13:42:48.861] [info]  (DownloadService)        Init DownloadURL Events
[2026-06-10 13:42:48.896] [info]  (AuthService)            Checking refresh BiliConf.
[2026-06-10 13:42:48.921] [info]  (AuthService)            Judge login status!
[2026-06-10 13:42:48.956] [warn]  (UpdateService)          APPIMAGE env is not defined, current application is not an AppImage
[2026-06-10 13:42:48.967] [info]  (AuthService)            System-fp ready!
[2026-06-10 13:42:49.017] [info]  (WindowEvents)           Register boss shortcut: Ctrl+Shift+C
[2026-06-10 13:42:49.017] [info]  (WindowEvents)           Is boss shortcut registered: true
[2026-06-10 13:42:49.017] [info]  (NotificationService)    Notification mainWindowReady
[2026-06-10 13:42:49.017] [info]  (DownloadService)        Init bili-download!
[2026-06-10 13:42:49.025] [info]  (DownloadService)        Download path: /home/shorin/视频/bilibili
[2026-06-10 13:42:49.040] [info]  (GameService)            Local game list: []
[2026-06-10 13:42:49.040] [info]  (SystemService)          Initing ffmpeg!
[2026-06-10 13:42:49.044] [info]  (ReportService)          Initing performance samples!
[2026-06-10 13:42:49.057] [info]  (WindowFactory)          Player window created!
[2026-06-10 13:42:49.063] [info]  (WindowEvents)           Startup timeline:  {"appReadyTime":null,"splashReadyTime":null,"decryptedTime":null,"bootstrapTime":null,"runCodeTime":null,"runCodeEndTime":null,"mainWindowReady":null}
[2026-06-10 13:42:49.077] [info]  (DownloadService)        Clear check download timer.
[2026-06-10 13:42:49.131] [info]  (DownloadService)        Check auto start download:  true
[2026-06-10 13:42:49.143] [error] (AuthService)            Checking refresh BiliConf error!
[2026-06-10 13:42:49.144] [error] (AuthService)            Judge login error! FetchError: request to https://api.bilibili.com/x/web-interface/nav failed, reason: getaddrinfo ENOTFOUND api.bilibili.com
    at ClientRequest.<anonymous> (/nix/store/8dfmgycajkrbbavbpxgffpkxqrmi7fkf-bilibili-1.17.6-2/opt/app.asar/node_modules/node-fetch/lib/index.js:1501:11)
    at ClientRequest.emit (node:events:509:28)
    at emitErrorEvent (node:_http_client:109:11)
    at TLSSocket.socketErrorListener (node:_http_client:593:5)
    at TLSSocket.emit (node:events:509:28)
    at emitErrorNT (node:internal/streams/destroy:170:8)
    at emitErrorCloseNT (node:internal/streams/destroy:129:3)
    at process.processTicksAndRejections (node:internal/process/task_queues:90:21)
[2026-06-10 13:42:49.262] [error] (WindowEvents)           Window failed to load: ERR_INTERNET_DISCONNECTED (Error code: -106, url: https://www.bilibili.com/blackboard/fe/activity-qpCzT2eJZD.html))
[2026-06-10 13:42:49.716] [info]  (WindowController)       Search page ready!
[2026-06-10 13:42:50.302] [info]  (WindowController)       Player window ready!
[2026-06-10 13:42:51.533] [info]  (WindowEvents)           App deactivated!
[2026-06-10 13:43:12.252] [info]  (WindowEvents)           Focus on mainWindow!
[2026-06-10 13:43:12.479] [info]  (WindowEvents)           App activated!
[2026-06-10 13:43:15.914] [info]  (RenderProcess)          Activate page: HomeLive
[2026-06-10 13:43:16.864] [info]  (RenderProcess)          Activate page: HomeRecommends
[2026-06-10 13:43:19.570] [info]  (AuthService)            Updating cookies!
[2026-06-10 13:43:19.652] [info]  (AuthService)            Updating cookies!
[2026-06-10 13:43:19.838] [info]  (AuthService)            Updating cookies!
[2026-06-10 13:43:20.306] [info]  (AuthService)            Updating cookies!
[2026-06-10 13:43:21.607] [info]  (AuthService)            Updating cookies!
[2026-06-10 13:43:21.684] [info]  (AuthService)            Updating cookies!
[2026-06-10 13:43:21.785] [info]  (AuthService)            Updating cookies!
[2026-06-10 13:43:21.961] [info]  (AuthService)            Updating cookies!
[2026-06-10 13:43:22.940] [info]  (AuthService)            Updating cookies!
[2026-06-10 13:43:23.017] [info]  (AuthService)            Updating cookies!
[2026-06-10 13:43:23.057] [info]  (WindowController)       Open player window: {"type":"ugc","bvid":"BV1k77f62EHq","fromSpmid":"main.home-page-recommend.tianma.2-3-8.0","mediaList":null,"trackId":"web_pegasus_0.router-web-pegasus-2479516-sm4rx.1781070196106.1003"}
[2026-06-10 13:43:23.150] [info]  (AuthService)            Updating cookies!
[2026-06-10 13:43:23.268] [info]  (AuthService)            Updating cookies!
[2026-06-10 13:43:23.541] [info]  (AuthService)            Updating cookies!
[2026-06-10 13:43:23.617] [info]  (AuthService)            Updating cookies!
[2026-06-10 13:43:24.572] [info]  (WindowEvents)           Focus on mainWindow!
[2026-06-10 13:43:24.950] [info]  (WindowEvents)           Focus on playerWindow!
[2026-06-10 13:45:00.210] [info]  (WindowEvents)           Start close window:  playerWindow
[2026-06-10 13:45:00.278] [info]  (WindowEvents)           Start close window:  playerWindow
[2026-06-10 13:45:00.279] [info]  (WindowEvents)           Player window closed!
[2026-06-10 13:45:00.302] [info]  (WindowEvents)           Focus on mainWindow!
[2026-06-10 13:45:00.620] [info]  (WindowEvents)           Start close window:  mainWindow
[2026-06-10 13:45:00.621] [info]  (WindowEvents)           Main window closed!
[2026-06-10 13:45:00.841] [info]  (WindowEvents)           App deactivated!
[2026-06-10 13:45:04.169] [info]  (ConfigService)          Clearing...
[2026-06-10 13:45:04.171] [info]  (TrayMenuService)        Destoring app tray
[2026-06-10 13:45:04.171] [info]  (DownloadService)        Cancel downloading tasks!
[2026-06-10 13:45:04.174] [info]  (DownloadService)        Clear check download timer.
[2026-06-10 13:45:04.221] [info]  (ReportService)          Initing performance samples!
[2026-06-10 13:45:04.314] [info]  (WindowEvents)           Start close window:  mainWindow
[2026-06-10 13:45:04.315] [info]  (WindowEvents)           Main window closed!
[2026-06-10 13:45:04.347] [info]  (WindowEvents)           Start close window:  playerWindow
[2026-06-10 13:45:04.348] [info]  (WindowEvents)           Player window closed!
[2026-06-12 22:45:20.859] [info]  (AppService)           Main running...
[2026-06-12 22:45:24.595] [info]  (SystemService)        [App info]:
 {
  version: '1.17.6',
  installVersion: '1.17.6',
  electron: '41.6.1',
  node: '24.15.0',
  chromium: '146.0.7680.216',
  buildCode: '10010170062603261238',
  buildId: '1285965',
  buildJobId: '23743424',
  chid: 'official'
}
[2026-06-12 22:45:24.600] [info]  (SystemService)        [System info]:
 {
  osArch: 'x64',
  processArch: 'x64',
  platform: 'linux',
  osType: 'Linux',
  osRelease: '7.0.10',
  osVersoin: '#1-NixOS SMP PREEMPT_DYNAMIC Sat May 23 11:09:44 UTC 2026',
  endianness: 'LE',
  hostName: 'nixos',
  totalMemory: 24906395648,
  sysVersion: '10.0.26100.2605'
}
[2026-06-12 22:45:24.612] [info]  (SystemService)        [User info] { isLogin: true, mid: 3632306304583906, uname: 'void博博' }
[2026-06-12 22:45:24.613] [info]  (SystemService)        Initing app configs!
[2026-06-12 22:45:24.678] [info]  (SystemService)        Load inject code config.
[2026-06-12 22:45:24.687] [info]  (PlayerService)        Initing player exp.
[2026-06-12 22:45:24.687] [info]  (PlayerService)        Load player config.
[2026-06-12 22:45:24.712] [info]  (FfAbTestService)      Parse FF tree.
[2026-06-12 22:45:24.764] [info]  (NotificationService)  Notification:  true
[2026-06-12 22:45:24.764] [info]  (FfAbTestService)      FF: {"sidebar_game_entry":false,"sidebar_upload_hide_r":false,"sidebar_upload_toweb":false,"sidebar_upload_toappbrowser":true,"sidebar_selected_hide2_r":false,"enable_system_notification":true,"is_ugc_season_tab":true,"show_local_video_setting_r":true,"show_search_ad":true}
[2026-06-12 22:45:24.801] [info]  (AuthService)          Updating cookies!
[2026-06-12 22:45:24.809] [info]  (AuthService)          init buivd 43E3083959E5485BFFEE24C02606051331gCXK2AM+nB06Gla5fbTw
[2026-06-12 22:45:24.813] [info]  (AuthService)          buvidmark 1
[2026-06-12 22:45:24.820] [info]  (ReportService)        Initing log-report!
[2026-06-12 22:45:24.821] [info]  (FfAbTestService)      Fetch FF info.
[2026-06-12 22:45:24.825] [info]  (FfAbTestService)      Parse FF tree.
[2026-06-12 22:45:24.847] [info]  (FfAbTestService)      FF: {"sidebar_game_entry":false,"sidebar_upload_hide_r":false,"sidebar_upload_toweb":false,"sidebar_upload_toappbrowser":true,"sidebar_selected_hide2_r":false,"enable_system_notification":true,"is_ugc_season_tab":true,"show_local_video_setting_r":true,"show_search_ad":true}
[2026-06-12 22:45:24.901] [info]  (AppService)             Help server ready! 
[2026-06-12 22:45:24.901] [info]  (AuthService)            Updating cookies!
[2026-06-12 22:45:24.905] [info]  (AppService)             Creating windows!
[2026-06-12 22:45:25.024] [info]  (WindowFactory)          Main window created!
[2026-06-12 22:45:25.046] [info]  (TrayMenuService)        Creating app tray.
[2026-06-12 22:45:25.049] [info]  (TrayMenuService)        Creating app menu.
[2026-06-12 22:45:25.202] [info]  (ReportService)          Init log-report success!
[2026-06-12 22:45:25.221] [info]  (SystemService)          NativeTheme updated, shouldUseDarkColors: false
[2026-06-12 22:45:25.252] [info]  (AuthService)            Updating cookies!
[2026-06-12 22:45:25.336] [info]  (SystemService)          NativeTheme updated, shouldUseDarkColors: true
[2026-06-12 22:45:25.340] [info]  (SystemService)          NativeTheme updated, shouldUseDarkColors: true
[2026-06-12 22:45:25.340] [info]  (SystemService)          NativeTheme updated, shouldUseDarkColors: true
[2026-06-12 22:45:25.591] [info]  (NotificationService)    Notification conf updated: {"on":true,"initTime":10,"firstPush":720,"pushGap":2160,"dynamic":{"on":true,"probability":0.5},"live":{"on":true,"probability":0.5},"hotsSeries":{"on":true,"day":5,"hour":18}} false
[2026-06-12 22:45:25.601] [info]  (SystemService)          Fetch appConfig success!
[2026-06-12 22:45:25.603] [info]  (PlayerService)          Init player versions.
[2026-06-12 22:45:25.613] [info]  (FfAbTestService)        FF env, s-c prod
[2026-06-12 22:45:25.619] [info]  (FfAbTestService)        FF versions, l-r: 41375
[2026-06-12 22:45:25.871] [debug] (WindowService)          Splash window ready!
[2026-06-12 22:45:26.161] [info]  (WindowEvents)           App activated!
[2026-06-12 22:45:26.210] [info]  (AuthController)         set gaia fingerprint webgl
[2026-06-12 22:45:26.555] [info]  (WindowEvents)           App deactivated!
[2026-06-12 22:45:26.749] [info]  (WindowEvents)           Focus on mainWindow!
[2026-06-12 22:45:26.751] [info]  (RenderProcess)          Activate page: HomeRecommends
[2026-06-12 22:45:26.818] [info]  (WindowService)          Main window ready!
[2026-06-12 22:45:26.818] [info]  (DownloadService)        Init DownloadURL Events
[2026-06-12 22:45:26.845] [info]  (AuthService)            Checking refresh BiliConf.
[2026-06-12 22:45:26.862] [info]  (AuthService)            Judge login status!
[2026-06-12 22:45:26.882] [warn]  (UpdateService)          APPIMAGE env is not defined, current application is not an AppImage
[2026-06-12 22:45:26.882] [info]  (UpdateService)          Patch info: [{"v":"1.17.9","on":true,"s":"04c6fb8672","b":"0~299","bc":1000,"sv":"1.9.0","ev":"1.17.9","fix":0},{"v":"1.17.8","on":true,"s":"04c6fb8672","b":"0~999","bc":1000,"sv":"1.9.0","ev":"1.17.7","fix":0},{"v":"1.17.6","on":true,"s":"04c6fb8672","b":"0~999","bc":1000,"sv":"1.9.0","ev":"1.17.6","fix":0}]
[2026-06-12 22:45:26.887] [info]  (UpdateService)          Patch bucket: 816
[2026-06-12 22:45:26.892] [info]  (UpdateService)          Patch bucket: 816
[2026-06-12 22:45:26.892] [info]  (UpdateService)          Increment update bucket hit.
[2026-06-12 22:45:26.892] [info]  (UpdateService)          Fetch patch: 1.17.8 24961398
[2026-06-12 22:45:26.899] [info]  (AuthService)            Init system-fp!
[2026-06-12 22:45:26.916] [info]  (WindowEvents)           Register boss shortcut: Ctrl+Shift+C
[2026-06-12 22:45:26.916] [info]  (WindowEvents)           Is boss shortcut registered: true
[2026-06-12 22:45:26.916] [info]  (NotificationService)    Notification mainWindowReady
[2026-06-12 22:45:26.916] [info]  (DownloadService)        Init bili-download!
[2026-06-12 22:45:26.923] [info]  (DownloadService)        Download path: /home/shorin/视频/bilibili
[2026-06-12 22:45:26.938] [info]  (GameService)            Local game list: []
[2026-06-12 22:45:26.939] [info]  (SystemService)          Initing ffmpeg!
[2026-06-12 22:45:26.943] [info]  (ReportService)          Initing performance samples!
[2026-06-12 22:45:26.987] [info]  (WindowFactory)          Player window created!
[2026-06-12 22:45:26.992] [info]  (WindowEvents)           Startup timeline:  {"appReadyTime":null,"splashReadyTime":null,"decryptedTime":null,"bootstrapTime":null,"runCodeTime":null,"runCodeEndTime":null,"mainWindowReady":null}
[2026-06-12 22:45:26.997] [info]  (DownloadService)        Clear check download timer.
[2026-06-12 22:45:27.019] [info]  (DownloadService)        Check auto start download:  true
[2026-06-12 22:45:27.040] [info]  (WindowEvents)           App activated!
[2026-06-12 22:45:27.101] [info]  (AuthService)            Login status:  true
[2026-06-12 22:45:27.190] [info]  (AuthService)            Init system-fp success!
[2026-06-12 22:45:27.294] [info]  (AuthService)            Refresh BiliConf.
[2026-06-12 22:45:27.874] [info]  (AuthService)            Updating cookies!
[2026-06-12 22:45:27.881] [info]  (AuthService)            Confirm refesh bili.
[2026-06-12 22:45:28.131] [info]  (WindowEvents)           App deactivated!
[2026-06-12 22:45:28.388] [info]  (WindowController)       Player window ready!
[2026-06-12 22:45:28.411] [info]  (WindowController)       Search page ready!
[2026-06-12 22:45:52.329] [info]  (WindowEvents)           Focus on mainWindow!
[2026-06-12 22:45:52.535] [info]  (WindowEvents)           App activated!
[2026-06-12 22:45:53.406] [info]  (WindowEvents)           App deactivated!
[2026-06-12 22:45:53.751] [info]  (WindowEvents)           Focus on mainWindow!
[2026-06-12 22:45:53.963] [info]  (WindowEvents)           App activated!
[2026-06-12 22:45:54.309] [info]  (WindowEvents)           App deactivated!
[2026-06-12 22:45:56.823] [info]  (UpdateService)          Fetch patch success!
[2026-06-12 22:45:56.833] [error] (UpdateService)          download petch(1.17.8,24961398) error: Error: ENOENT: no such file or directory, open '/home/shorin/.config/bilibili/resource/update.zip'
    at Object.openSync (node:fs:561:18)
    at Object.func [as openSync] (node:electron/js2c/node_init:2:2630)
    at writeFileSync (node:fs:2428:35)
    at O.handleFetchPatch (/nix/store/8dfmgycajkrbbavbpxgffpkxqrmi7fkf-bilibili-1.17.6-2/opt/app.asar/main/app.js:1:460061)
    at process.processTicksAndRejections (node:internal/process/task_queues:104:5)
[2026-06-12 22:45:56.912] [info]  (WindowEvents)           Focus on mainWindow!
[2026-06-12 22:46:05.782] [info]  (WindowEvents)           Focus on mainWindow!
[2026-06-12 22:46:05.991] [info]  (WindowEvents)           App activated!
[2026-06-12 22:46:31.053] [info]  (RenderProcess)          Activate page: SpaceDynamic
[2026-06-12 22:46:44.050] [info]  (WindowEvents)           App deactivated!
[2026-06-12 22:46:44.417] [info]  (WindowEvents)           Focus on mainWindow!
[2026-06-12 22:46:44.623] [info]  (WindowEvents)           App activated!
[2026-06-12 22:46:46.197] [info]  (WindowEvents)           Start close window:  mainWindow
[2026-06-12 22:46:46.197] [info]  (WindowEvents)           Main window closed!
[2026-06-12 22:46:46.403] [info]  (WindowEvents)           App deactivated!
[2026-06-12 22:46:56.208] [info]  (AppService)           Main running...
[2026-06-12 22:46:58.471] [info]  (SystemService)        [App info]:
 {
  version: '1.17.6',
  installVersion: '1.17.6',
  electron: '41.6.1',
  node: '24.15.0',
  chromium: '146.0.7680.216',
  buildCode: '10010170062603261238',
  buildId: '1285965',
  buildJobId: '23743424',
  chid: 'official'
}
[2026-06-12 22:46:58.471] [info]  (SystemService)        [System info]:
 {
  osArch: 'x64',
  processArch: 'x64',
  platform: 'linux',
  osType: 'Linux',
  osRelease: '7.0.10',
  osVersoin: '#1-NixOS SMP PREEMPT_DYNAMIC Sat May 23 11:09:44 UTC 2026',
  endianness: 'LE',
  hostName: 'nixos',
  totalMemory: 24906395648,
  sysVersion: '10.0.26100.2605'
}
[2026-06-12 22:46:58.475] [info]  (SystemService)        [User info] { isLogin: true, mid: 3632306304583906, uname: 'void博博' }
[2026-06-12 22:46:58.475] [info]  (SystemService)        Initing app configs!
[2026-06-12 22:46:58.506] [info]  (SystemService)        Load inject code config.
[2026-06-12 22:46:58.510] [info]  (PlayerService)        Initing player exp.
[2026-06-12 22:46:58.511] [info]  (PlayerService)        Load player config.
[2026-06-12 22:46:58.523] [info]  (FfAbTestService)      Parse FF tree.
[2026-06-12 22:46:58.546] [info]  (NotificationService)  Notification:  true
[2026-06-12 22:46:58.546] [info]  (FfAbTestService)      FF: {"sidebar_game_entry":false,"sidebar_upload_hide_r":false,"sidebar_upload_toweb":false,"sidebar_upload_toappbrowser":true,"sidebar_selected_hide2_r":false,"enable_system_notification":true,"is_ugc_season_tab":true,"show_local_video_setting_r":true,"show_search_ad":true}
[2026-06-12 22:46:58.617] [info]  (AuthService)          Updating cookies!
[2026-06-12 22:46:58.628] [info]  (AuthService)          init buivd 43E3083959E5485BFFEE24C02606051331gCXK2AM+nB06Gla5fbTw
[2026-06-12 22:46:58.633] [info]  (AuthService)          buvidmark 1
[2026-06-12 22:46:58.641] [info]  (ReportService)        Initing log-report!
[2026-06-12 22:46:58.642] [info]  (FfAbTestService)      Fetch FF info.
[2026-06-12 22:46:58.646] [info]  (FfAbTestService)      Parse FF tree.
[2026-06-12 22:46:58.669] [info]  (FfAbTestService)      FF: {"sidebar_game_entry":false,"sidebar_upload_hide_r":false,"sidebar_upload_toweb":false,"sidebar_upload_toappbrowser":true,"sidebar_selected_hide2_r":false,"enable_system_notification":true,"is_ugc_season_tab":true,"show_local_video_setting_r":true,"show_search_ad":true}
[2026-06-12 22:46:58.725] [info]  (AppService)             Help server ready! Port: 22332
[2026-06-12 22:46:58.726] [info]  (AuthService)            Updating cookies!
[2026-06-12 22:46:58.730] [info]  (AppService)             Creating windows!
[2026-06-12 22:46:58.766] [info]  (WindowFactory)          Main window created!
[2026-06-12 22:46:58.771] [info]  (TrayMenuService)        Creating app tray.
[2026-06-12 22:46:58.771] [info]  (TrayMenuService)        Creating app menu.
[2026-06-12 22:46:58.883] [info]  (ReportService)          Init log-report success!
[2026-06-12 22:46:58.903] [info]  (SystemService)          NativeTheme updated, shouldUseDarkColors: false
[2026-06-12 22:46:58.932] [info]  (AuthService)            Updating cookies!
[2026-06-12 22:46:59.013] [info]  (SystemService)          NativeTheme updated, shouldUseDarkColors: true
[2026-06-12 22:46:59.018] [info]  (SystemService)          NativeTheme updated, shouldUseDarkColors: true
[2026-06-12 22:46:59.101] [info]  (PlayerService)          Init player versions.
[2026-06-12 22:46:59.143] [info]  (SystemService)          Fetch appConfig success!
[2026-06-12 22:46:59.170] [info]  (FfAbTestService)        FF env, s-c prod
[2026-06-12 22:46:59.174] [info]  (FfAbTestService)        FF versions, l-r: 41375
[2026-06-12 22:47:00.340] [debug] (WindowService)          Splash window ready!
[2026-06-12 22:47:00.488] [info]  (AuthController)         set gaia fingerprint webgl
[2026-06-12 22:47:00.618] [info]  (WindowEvents)           App activated!
[2026-06-12 22:47:00.906] [info]  (RenderProcess)          Activate page: HomeRecommends
[2026-06-12 22:47:00.940] [info]  (WindowService)          Main window ready!
[2026-06-12 22:47:00.940] [info]  (DownloadService)        Init DownloadURL Events
[2026-06-12 22:47:00.950] [info]  (AuthService)            Checking refresh BiliConf.
[2026-06-12 22:47:00.958] [info]  (AuthService)            Judge login status!
[2026-06-12 22:47:00.969] [warn]  (UpdateService)          APPIMAGE env is not defined, current application is not an AppImage
[2026-06-12 22:47:00.969] [info]  (UpdateService)          Patch info: [{"v":"1.17.9","on":true,"s":"04c6fb8672","b":"0~299","bc":1000,"sv":"1.9.0","ev":"1.17.9","fix":0},{"v":"1.17.8","on":true,"s":"04c6fb8672","b":"0~999","bc":1000,"sv":"1.9.0","ev":"1.17.7","fix":0},{"v":"1.17.6","on":true,"s":"04c6fb8672","b":"0~999","bc":1000,"sv":"1.9.0","ev":"1.17.6","fix":0}]
[2026-06-12 22:47:00.973] [info]  (UpdateService)          Patch bucket: 816
[2026-06-12 22:47:00.976] [info]  (UpdateService)          Patch bucket: 816
[2026-06-12 22:47:00.976] [info]  (UpdateService)          Increment update bucket hit.
[2026-06-12 22:47:00.977] [info]  (UpdateService)          Fetch patch: 1.17.8 24961398
[2026-06-12 22:47:00.984] [info]  (AuthService)            System-fp ready!
[2026-06-12 22:47:01.010] [info]  (WindowEvents)           Register boss shortcut: Ctrl+Shift+C
[2026-06-12 22:47:01.010] [info]  (WindowEvents)           Is boss shortcut registered: true
[2026-06-12 22:47:01.010] [info]  (NotificationService)    Notification mainWindowReady
[2026-06-12 22:47:01.010] [info]  (DownloadService)        Init bili-download!
[2026-06-12 22:47:01.018] [info]  (DownloadService)        Download path: /home/shorin/视频/bilibili
[2026-06-12 22:47:01.033] [info]  (GameService)            Local game list: []
[2026-06-12 22:47:01.033] [info]  (SystemService)          Initing ffmpeg!
[2026-06-12 22:47:01.037] [info]  (ReportService)          Initing performance samples!
[2026-06-12 22:47:01.050] [info]  (WindowFactory)          Player window created!
[2026-06-12 22:47:01.054] [info]  (WindowEvents)           Startup timeline:  {"appReadyTime":null,"splashReadyTime":null,"decryptedTime":null,"bootstrapTime":null,"runCodeTime":null,"runCodeEndTime":null,"mainWindowReady":null}
[2026-06-12 22:47:01.059] [info]  (DownloadService)        Clear check download timer.
[2026-06-12 22:47:01.075] [info]  (DownloadService)        Check auto start download:  true
[2026-06-12 22:47:01.172] [info]  (AuthService)            Login status:  true
[2026-06-12 22:47:01.488] [info]  (WindowController)       Search page ready!
[2026-06-12 22:47:01.703] [info]  (AuthService)            BiliConf valid!
[2026-06-12 22:47:01.751] [info]  (AuthService)            Updating cookies!
[2026-06-12 22:47:01.778] [info]  (AuthService)            Updating cookies!
[2026-06-12 22:47:01.882] [info]  (WindowController)       Player window ready!
[2026-06-12 22:47:02.163] [info]  (AuthService)            Updating cookies!
[2026-06-12 22:47:02.191] [info]  (AuthService)            Updating cookies!
[2026-06-12 22:47:02.448] [info]  (WindowEvents)           App deactivated!
[2026-06-12 22:47:02.743] [info]  (ConfigService)          Clearing...
[2026-06-12 22:47:02.744] [info]  (TrayMenuService)        Destoring app tray
[2026-06-12 22:47:02.744] [info]  (DownloadService)        Cancel downloading tasks!
[2026-06-12 22:47:02.744] [info]  (DownloadService)        Clear check download timer.
[2026-06-12 22:47:02.749] [info]  (WindowEvents)           Focus on mainWindow!
[2026-06-12 22:47:02.763] [info]  (ReportService)          Initing performance samples!
[2026-06-12 22:47:02.796] [info]  (WindowEvents)           Start close window:  mainWindow
[2026-06-12 22:47:02.796] [info]  (WindowEvents)           Main window closed!
[2026-06-12 22:47:02.808] [info]  (WindowEvents)           Start close window:  playerWindow
[2026-06-12 22:47:02.809] [info]  (ConfigController)       Set is selected exit:  false
[2026-06-12 22:47:02.834] [info]  (WindowEvents)           Start close window:  playerWindow
[2026-06-12 22:47:02.834] [info]  (WindowEvents)           Player window closed!
[2026-06-12 22:47:02.953] [info]  (WindowEvents)           App activated!
[2026-06-12 22:47:03.696] [info]  (WindowEvents)           App deactivated!
[2026-06-12 22:47:04.256] [info]  (WindowEvents)           Focus on mainWindow!
[2026-06-12 22:47:04.285] [info]  (ConfigService)          App quitting...
[2026-06-12 22:47:04.286] [info]  (AppEvents)              Good-bye!
[2026-06-12 22:47:04.461] [info]  (WindowEvents)           App activated!
[2026-06-12 22:47:12.604] [info]  (WindowEvents)           App deactivated!
[2026-06-12 22:47:13.740] [info]  (WindowEvents)           Focus on mainWindow!
[2026-06-12 22:47:13.943] [info]  (WindowEvents)           App activated!
[2026-06-12 22:47:16.266] [info]  (WindowEvents)           App deactivated!
[2026-06-12 22:47:16.390] [info]  (WindowEvents)           Focus on mainWindow!
[2026-06-12 22:47:16.602] [info]  (WindowEvents)           App activated!
[2026-06-12 22:47:17.026] [info]  (WindowEvents)           App deactivated!
[2026-06-12 22:47:17.856] [info]  (WindowEvents)           Focus on mainWindow!
[2026-06-12 22:47:18.085] [info]  (WindowEvents)           App activated!
[2026-06-12 22:47:19.151] [info]  (WindowEvents)           App deactivated!
[2026-06-12 22:47:29.475] [info]  (WindowEvents)           Focus on mainWindow!
[2026-06-12 22:47:29.568] [info]  (WindowController)       Open player window: {"type":"ugc","bvid":"BV1CyGk6xE4H","fromSpmid":"main.home-page-recommend.tianma.1-4-4.0","mediaList":null,"trackId":"web_pegasus_0.router-web-pegasus-2479516-sm4rx.1781275621059.331","cmFromTrackId":"pbaes.9f6NSbv5t4LH4Fxcvb3Y3STvNM9REpvszKcddF8U76roHH4mRnbymbSgvtfX75h2Cn8QoHwn_aikesJXPNBVrEZHIOT3KWl3CeVZ7Jd8Dc5L-U8O7f-kM4MQWAcbNp9eKDrbEBLqP7STGoEuP3ROiPCzm8ZlVhsv9aV52UQIBjh2Pl94GuIHimyRyXbQ0BhRXvAWh-NPs9fbfzAXSFThIA"}
[2026-06-12 22:47:29.679] [info]  (WindowEvents)           App activated!
[2026-06-12 22:47:31.763] [info]  (WindowEvents)           Start close window:  playerWindow
[2026-06-12 22:47:31.778] [info]  (WindowEvents)           Start close window:  playerWindow
[2026-06-12 22:47:31.779] [info]  (WindowEvents)           Player window closed!
[2026-06-12 22:47:31.785] [info]  (WindowEvents)           Focus on mainWindow!
[2026-06-12 22:47:33.644] [info]  (UpdateService)          Fetch patch success!
[2026-06-12 22:47:33.654] [error] (UpdateService)          download petch(1.17.8,24961398) error: Error: ENOENT: no such file or directory, open '/home/shorin/.config/bilibili/resource/update.zip'
    at Object.openSync (node:fs:561:18)
    at Object.func [as openSync] (node:electron/js2c/node_init:2:2630)
    at writeFileSync (node:fs:2428:35)
    at O.handleFetchPatch (/nix/store/8dfmgycajkrbbavbpxgffpkxqrmi7fkf-bilibili-1.17.6-2/opt/app.asar/main/app.js:1:460061)
    at process.processTicksAndRejections (node:internal/process/task_queues:104:5)
[2026-06-12 22:47:34.277] [info]  (WindowEvents)           Focus on mainWindow!
[2026-06-12 22:47:36.052] [info]  (WindowEvents)           Start close window:  mainWindow
[2026-06-12 22:47:36.070] [info]  (WindowEvents)           Start close window:  mainWindow
[2026-06-12 22:47:36.070] [info]  (WindowEvents)           Main window closed!
[2026-06-12 22:47:36.275] [info]  (WindowEvents)           App deactivated!
[2026-06-12 22:47:58.380] [info]  (AppService)           Main running...
[2026-06-12 22:47:58.466] [info]  (SystemService)        [App info]:
 {
  version: '1.17.6',
  installVersion: '1.17.6',
  electron: '41.6.1',
  node: '24.15.0',
  chromium: '146.0.7680.216',
  buildCode: '10010170062603261238',
  buildId: '1285965',
  buildJobId: '23743424',
  chid: 'official'
}
[2026-06-12 22:47:58.470] [info]  (SystemService)        [System info]:
 {
  osArch: 'x64',
  processArch: 'x64',
  platform: 'linux',
  osType: 'Linux',
  osRelease: '7.0.10',
  osVersoin: '#1-NixOS SMP PREEMPT_DYNAMIC Sat May 23 11:09:44 UTC 2026',
  endianness: 'LE',
  hostName: 'nixos',
  totalMemory: 24906395648,
  sysVersion: '10.0.26100.2605'
}
[2026-06-12 22:47:58.482] [info]  (SystemService)        [User info] { isLogin: true, mid: 3632306304583906, uname: 'void博博' }
[2026-06-12 22:47:58.483] [info]  (SystemService)        Initing app configs!
[2026-06-12 22:47:58.556] [info]  (SystemService)        Load inject code config.
[2026-06-12 22:47:58.562] [info]  (PlayerService)        Initing player exp.
[2026-06-12 22:47:58.562] [info]  (PlayerService)        Load player config.
[2026-06-12 22:47:58.574] [info]  (FfAbTestService)      Parse FF tree.
[2026-06-12 22:47:58.597] [info]  (NotificationService)  Notification:  true
[2026-06-12 22:47:58.597] [info]  (FfAbTestService)      FF: {"sidebar_game_entry":false,"sidebar_upload_hide_r":false,"sidebar_upload_toweb":false,"sidebar_upload_toappbrowser":true,"sidebar_selected_hide2_r":false,"enable_system_notification":true,"is_ugc_season_tab":true,"show_local_video_setting_r":true,"show_search_ad":true}
[2026-06-12 22:47:58.628] [info]  (AuthService)          Updating cookies!
[2026-06-12 22:47:58.636] [info]  (AuthService)          init buivd 43E3083959E5485BFFEE24C02606051331gCXK2AM+nB06Gla5fbTw
[2026-06-12 22:47:58.639] [info]  (AuthService)          buvidmark 1
[2026-06-12 22:47:58.648] [info]  (ReportService)        Initing log-report!
[2026-06-12 22:47:58.649] [info]  (FfAbTestService)      Fetch FF info.
[2026-06-12 22:47:58.653] [info]  (FfAbTestService)      Parse FF tree.
[2026-06-12 22:47:58.675] [info]  (FfAbTestService)      FF: {"sidebar_game_entry":false,"sidebar_upload_hide_r":false,"sidebar_upload_toweb":false,"sidebar_upload_toappbrowser":true,"sidebar_selected_hide2_r":false,"enable_system_notification":true,"is_ugc_season_tab":true,"show_local_video_setting_r":true,"show_search_ad":true}
[2026-06-12 22:47:58.748] [info]  (AppService)             Help server ready! 
[2026-06-12 22:47:58.749] [info]  (AuthService)            Updating cookies!
[2026-06-12 22:47:58.762] [info]  (AppService)             Creating windows!
[2026-06-12 22:47:58.860] [info]  (WindowFactory)          Main window created!
[2026-06-12 22:47:58.872] [info]  (TrayMenuService)        Creating app tray.
[2026-06-12 22:47:58.873] [info]  (TrayMenuService)        Creating app menu.
[2026-06-12 22:47:58.966] [info]  (ReportService)          Init log-report success!
[2026-06-12 22:47:58.992] [info]  (SystemService)          NativeTheme updated, shouldUseDarkColors: false
[2026-06-12 22:47:59.092] [info]  (AuthService)            Updating cookies!
[2026-06-12 22:47:59.245] [info]  (SystemService)          NativeTheme updated, shouldUseDarkColors: true
[2026-06-12 22:47:59.300] [info]  (PlayerService)          Init player versions.
[2026-06-12 22:47:59.307] [info]  (FfAbTestService)        FF env, s-c prod
[2026-06-12 22:47:59.318] [info]  (FfAbTestService)        FF versions, l-r: 41375
[2026-06-12 22:47:59.322] [info]  (SystemService)          Fetch appConfig success!
[2026-06-12 22:47:59.666] [debug] (WindowService)          Splash window ready!
[2026-06-12 22:47:59.967] [info]  (AuthController)         set gaia fingerprint webgl
[2026-06-12 22:48:00.099] [info]  (WindowEvents)           App activated!
[2026-06-12 22:48:00.635] [info]  (RenderProcess)          Activate page: HomeRecommends
[2026-06-12 22:48:00.733] [info]  (WindowService)          Main window ready!
[2026-06-12 22:48:00.733] [info]  (DownloadService)        Init DownloadURL Events
[2026-06-12 22:48:00.777] [info]  (AuthService)            Checking refresh BiliConf.
[2026-06-12 22:48:00.803] [info]  (AuthService)            Judge login status!
[2026-06-12 22:48:00.841] [warn]  (UpdateService)          APPIMAGE env is not defined, current application is not an AppImage
[2026-06-12 22:48:00.841] [info]  (UpdateService)          Patch info: [{"v":"1.17.9","on":true,"s":"04c6fb8672","b":"0~299","bc":1000,"sv":"1.9.0","ev":"1.17.9","fix":0},{"v":"1.17.8","on":true,"s":"04c6fb8672","b":"0~999","bc":1000,"sv":"1.9.0","ev":"1.17.7","fix":0},{"v":"1.17.6","on":true,"s":"04c6fb8672","b":"0~999","bc":1000,"sv":"1.9.0","ev":"1.17.6","fix":0}]
[2026-06-12 22:48:00.853] [info]  (UpdateService)          Patch bucket: 816
[2026-06-12 22:48:00.865] [info]  (UpdateService)          Patch bucket: 816
[2026-06-12 22:48:00.865] [info]  (UpdateService)          Increment update bucket hit.
[2026-06-12 22:48:00.866] [info]  (UpdateService)          Fetch patch: 1.17.8 24961398
[2026-06-12 22:48:00.890] [info]  (AuthService)            System-fp ready!
[2026-06-12 22:48:00.939] [info]  (WindowEvents)           Register boss shortcut: Ctrl+Shift+C
[2026-06-12 22:48:00.939] [info]  (WindowEvents)           Is boss shortcut registered: true
[2026-06-12 22:48:00.939] [info]  (NotificationService)    Notification mainWindowReady
[2026-06-12 22:48:00.940] [info]  (DownloadService)        Init bili-download!
[2026-06-12 22:48:00.947] [info]  (DownloadService)        Download path: /home/shorin/视频/bilibili
[2026-06-12 22:48:00.962] [info]  (GameService)            Local game list: []
[2026-06-12 22:48:00.962] [info]  (SystemService)          Initing ffmpeg!
[2026-06-12 22:48:00.966] [info]  (ReportService)          Initing performance samples!
[2026-06-12 22:48:00.979] [info]  (WindowFactory)          Player window created!
[2026-06-12 22:48:00.983] [info]  (WindowEvents)           Startup timeline:  {"appReadyTime":null,"splashReadyTime":null,"decryptedTime":null,"bootstrapTime":null,"runCodeTime":null,"runCodeEndTime":null,"mainWindowReady":null}
[2026-06-12 22:48:00.988] [info]  (DownloadService)        Clear check download timer.
[2026-06-12 22:48:01.003] [info]  (DownloadService)        Check auto start download:  true
[2026-06-12 22:48:01.095] [info]  (AuthService)            Login status:  true
[2026-06-12 22:48:01.202] [info]  (AuthService)            BiliConf valid!
[2026-06-12 22:48:01.603] [info]  (WindowController)       Search page ready!
[2026-06-12 22:48:02.185] [info]  (WindowController)       Player window ready!
[2026-06-12 22:48:19.490] [info]  (RenderProcess)          Activate page: SearchPage
[2026-06-12 22:48:22.246] [info]  (WindowController)       Open main window page:  { page: 'SpacePage', meta: { mid: 3546904904337681 } }
[2026-06-12 22:48:22.724] [info]  (RenderProcess)          Activate page: SpaceDynamic
[2026-06-12 22:48:24.260] [info]  (WindowController)       Open player window: {"bvid":"BV1fKE166Eh6","type":"ugc","fromSpmid":"main.space-dynamic.0.0.pv"}
[2026-06-12 22:48:24.626] [info]  (WindowEvents)           Focus on mainWindow!
[2026-06-12 22:48:25.002] [info]  (WindowEvents)           Focus on playerWindow!
[2026-06-12 22:48:25.301] [info]  (WindowEvents)           Focus on mainWindow!
[2026-06-12 22:48:25.992] [info]  (WindowEvents)           Focus on playerWindow!
[2026-06-12 22:48:33.954] [info]  (UpdateService)          Fetch patch success!
[2026-06-12 22:48:33.980] [error] (UpdateService)          download petch(1.17.8,24961398) error: Error: ENOENT: no such file or directory, open '/home/shorin/.config/bilibili/resource/update.zip'
    at Object.openSync (node:fs:561:18)
    at Object.func [as openSync] (node:electron/js2c/node_init:2:2630)
    at writeFileSync (node:fs:2428:35)
    at O.handleFetchPatch (/nix/store/8dfmgycajkrbbavbpxgffpkxqrmi7fkf-bilibili-1.17.6-2/opt/app.asar/main/app.js:1:460061)
    at process.processTicksAndRejections (node:internal/process/task_queues:104:5)
[2026-06-12 22:49:33.814] [info]  (WindowController)       Open main window page:  {
  page: 'SpacePage',
  meta: {
    mid: '3546904904337681',
    fromOuterSpmId: 'main.play-detail.0.0.pv'
  }
}
[2026-06-12 22:49:34.884] [info]  (WindowController)       Open main window page:  {
  page: 'SpacePage',
  meta: {
    mid: '3546904904337681',
    fromOuterSpmId: 'main.play-detail.0.0.pv'
  }
}
[2026-06-12 22:49:35.707] [info]  (WindowEvents)           Start close window:  playerWindow
[2026-06-12 22:49:35.767] [info]  (WindowEvents)           Start close window:  playerWindow
[2026-06-12 22:49:35.768] [info]  (WindowEvents)           Player window closed!
[2026-06-12 22:49:35.785] [info]  (WindowEvents)           Focus on mainWindow!
[2026-06-12 22:49:37.864] [info]  (WindowController)       Open player window: {"bvid":"BV1mdEq6NE2r","type":"ugc","fromSpmid":"main.space-dynamic.0.0.pv"}
[2026-06-12 22:49:37.919] [info]  (WindowEvents)           Focus on playerWindow!
[2026-06-12 22:49:39.909] [info]  (WindowEvents)           Focus on mainWindow!
[2026-06-12 22:49:40.543] [info]  (WindowEvents)           Focus on playerWindow!
[2026-06-12 23:02:58.810] [info]  (SystemService)          Fetch appConfig success!
[2026-06-12 23:12:55.248] [info]  (WindowEvents)           Start close window:  playerWindow
[2026-06-12 23:12:55.296] [info]  (WindowEvents)           Start close window:  playerWindow
[2026-06-12 23:12:55.297] [info]  (WindowEvents)           Player window closed!
[2026-06-12 23:12:55.340] [info]  (WindowEvents)           Focus on mainWindow!
[2026-06-12 23:12:55.419] [info]  (WindowEvents)           Start close window:  mainWindow
[2026-06-12 23:12:55.420] [info]  (WindowEvents)           Main window closed!
[2026-06-12 23:12:55.558] [info]  (WindowEvents)           App deactivated!
[2026-06-12 23:12:57.478] [error] (AppEvents)              App child-process-gone, reason: {
  type: 'Utility',
  reason: 'killed',
  name: 'Network Service',
  serviceName: 'network.mojom.NetworkService',
  exitCode: 15
}
[2026-06-14 12:19:49.682] [info]  (AppService)           Main running...
[2026-06-14 12:19:53.577] [info]  (SystemService)        [App info]:
 {
  version: '1.17.6',
  installVersion: '1.17.6',
  electron: '41.6.1',
  node: '24.15.0',
  chromium: '146.0.7680.216',
  buildCode: '10010170062603261238',
  buildId: '1285965',
  buildJobId: '23743424',
  chid: 'official'
}
[2026-06-14 12:19:53.580] [info]  (SystemService)        [System info]:
 {
  osArch: 'x64',
  processArch: 'x64',
  platform: 'linux',
  osType: 'Linux',
  osRelease: '7.0.10',
  osVersoin: '#1-NixOS SMP PREEMPT_DYNAMIC Sat May 23 11:09:44 UTC 2026',
  endianness: 'LE',
  hostName: 'nixos',
  totalMemory: 24906395648,
  sysVersion: '10.0.26100.2605'
}
[2026-06-14 12:19:53.587] [info]  (SystemService)        [User info] { isLogin: true, mid: 3632306304583906, uname: 'void博博' }
[2026-06-14 12:19:53.588] [info]  (SystemService)        Initing app configs!
[2026-06-14 12:19:53.643] [info]  (SystemService)        Load inject code config.
[2026-06-14 12:19:53.651] [info]  (PlayerService)        Initing player exp.
[2026-06-14 12:19:53.651] [info]  (PlayerService)        Load player config.
[2026-06-14 12:19:53.673] [info]  (FfAbTestService)      Parse FF tree.
[2026-06-14 12:19:53.720] [info]  (NotificationService)  Notification:  true
[2026-06-14 12:19:53.720] [info]  (FfAbTestService)      FF: {"sidebar_game_entry":false,"sidebar_upload_hide_r":false,"sidebar_upload_toweb":false,"sidebar_upload_toappbrowser":true,"sidebar_selected_hide2_r":false,"enable_system_notification":true,"is_ugc_season_tab":true,"show_local_video_setting_r":true,"show_search_ad":true}
[2026-06-14 12:19:53.759] [info]  (AuthService)          Updating cookies!
[2026-06-14 12:19:53.768] [info]  (AuthService)          init buivd 43E3083959E5485BFFEE24C02606051331gCXK2AM+nB06Gla5fbTw
[2026-06-14 12:19:53.772] [info]  (AuthService)          buvidmark 1
[2026-06-14 12:19:53.780] [info]  (ReportService)        Initing log-report!
[2026-06-14 12:19:53.780] [info]  (FfAbTestService)      Fetch FF info.
[2026-06-14 12:19:53.784] [info]  (FfAbTestService)      Parse FF tree.
[2026-06-14 12:19:53.806] [info]  (FfAbTestService)      FF: {"sidebar_game_entry":false,"sidebar_upload_hide_r":false,"sidebar_upload_toweb":false,"sidebar_upload_toappbrowser":true,"sidebar_selected_hide2_r":false,"enable_system_notification":true,"is_ugc_season_tab":true,"show_local_video_setting_r":true,"show_search_ad":true}
[2026-06-14 12:19:53.862] [info]  (AppService)             Help server ready! 
[2026-06-14 12:19:53.863] [info]  (AuthService)            Updating cookies!
[2026-06-14 12:19:53.871] [info]  (AppService)             Creating windows!
[2026-06-14 12:19:53.992] [info]  (WindowFactory)          Main window created!
[2026-06-14 12:19:54.006] [info]  (TrayMenuService)        Creating app tray.
[2026-06-14 12:19:54.008] [info]  (TrayMenuService)        Creating app menu.
[2026-06-14 12:19:54.155] [info]  (ReportService)          Init log-report success!
[2026-06-14 12:19:54.175] [info]  (SystemService)          NativeTheme updated, shouldUseDarkColors: false
[2026-06-14 12:19:54.230] [info]  (AuthService)            Updating cookies!
[2026-06-14 12:19:54.377] [info]  (SystemService)          Fetch appConfig success!
[2026-06-14 12:19:54.378] [info]  (PlayerService)          Init player versions.
[2026-06-14 12:19:54.382] [info]  (FfAbTestService)        FF env, s-c prod
[2026-06-14 12:19:54.385] [info]  (FfAbTestService)        FF versions, l-r: 41375
[2026-06-14 12:19:54.387] [info]  (SystemService)          NativeTheme updated, shouldUseDarkColors: true
[2026-06-14 12:19:54.390] [info]  (SystemService)          NativeTheme updated, shouldUseDarkColors: true
[2026-06-14 12:19:54.873] [debug] (WindowService)          Splash window ready!
[2026-06-14 12:19:55.143] [info]  (WindowEvents)           App activated!
[2026-06-14 12:19:55.169] [info]  (AuthController)         set gaia fingerprint webgl
[2026-06-14 12:19:55.722] [info]  (RenderProcess)          Activate page: HomeRecommends
[2026-06-14 12:19:55.793] [info]  (WindowService)          Main window ready!
[2026-06-14 12:19:55.794] [info]  (DownloadService)        Init DownloadURL Events
[2026-06-14 12:19:55.825] [info]  (AuthService)            Checking refresh BiliConf.
[2026-06-14 12:19:55.838] [info]  (AuthService)            Judge login status!
[2026-06-14 12:19:55.859] [warn]  (UpdateService)          APPIMAGE env is not defined, current application is not an AppImage
[2026-06-14 12:19:55.860] [info]  (UpdateService)          Patch info: [{"v":"1.17.9","on":true,"s":"04c6fb8672","b":"0~299","bc":1000,"sv":"1.9.0","ev":"1.17.9","fix":0},{"v":"1.17.8","on":true,"s":"04c6fb8672","b":"0~999","bc":1000,"sv":"1.9.0","ev":"1.17.7","fix":0},{"v":"1.17.6","on":true,"s":"04c6fb8672","b":"0~999","bc":1000,"sv":"1.9.0","ev":"1.17.6","fix":0}]
[2026-06-14 12:19:55.867] [info]  (UpdateService)          Patch bucket: 816
[2026-06-14 12:19:55.873] [info]  (UpdateService)          Patch bucket: 816
[2026-06-14 12:19:55.874] [info]  (UpdateService)          Increment update bucket hit.
[2026-06-14 12:19:55.874] [info]  (UpdateService)          Fetch patch: 1.17.8 24961398
[2026-06-14 12:19:55.888] [info]  (AuthService)            System-fp ready!
[2026-06-14 12:19:55.938] [info]  (WindowEvents)           Register boss shortcut: Ctrl+Shift+C
[2026-06-14 12:19:55.938] [info]  (WindowEvents)           Is boss shortcut registered: true
[2026-06-14 12:19:55.938] [info]  (NotificationService)    Notification mainWindowReady
[2026-06-14 12:19:55.938] [info]  (DownloadService)        Init bili-download!
[2026-06-14 12:19:55.946] [info]  (DownloadService)        Download path: /home/shorin/视频/bilibili
[2026-06-14 12:19:55.961] [info]  (GameService)            Local game list: []
[2026-06-14 12:19:55.961] [info]  (SystemService)          Initing ffmpeg!
[2026-06-14 12:19:55.965] [info]  (ReportService)          Initing performance samples!
[2026-06-14 12:19:55.998] [info]  (WindowFactory)          Player window created!
[2026-06-14 12:19:56.007] [info]  (WindowEvents)           Startup timeline:  {"appReadyTime":null,"splashReadyTime":null,"decryptedTime":null,"bootstrapTime":null,"runCodeTime":null,"runCodeEndTime":null,"mainWindowReady":null}
[2026-06-14 12:19:56.017] [info]  (DownloadService)        Clear check download timer.
[2026-06-14 12:19:56.054] [info]  (DownloadService)        Check auto start download:  true
[2026-06-14 12:19:56.175] [info]  (AuthService)            Login status:  true
[2026-06-14 12:19:56.228] [info]  (AuthService)            BiliConf valid!
[2026-06-14 12:19:56.917] [info]  (WindowController)       Search page ready!
[2026-06-14 12:19:57.390] [info]  (WindowController)       Player window ready!
[2026-06-14 12:20:00.072] [info]  (UpdateService)          Fetch patch success!
[2026-06-14 12:20:00.097] [error] (UpdateService)          download petch(1.17.8,24961398) error: Error: ENOENT: no such file or directory, open '/home/shorin/.config/bilibili/resource/update.zip'
    at Object.openSync (node:fs:561:18)
    at Object.func [as openSync] (node:electron/js2c/node_init:2:2630)
    at writeFileSync (node:fs:2428:35)
    at O.handleFetchPatch (/nix/store/8dfmgycajkrbbavbpxgffpkxqrmi7fkf-bilibili-1.17.6-2/opt/app.asar/main/app.js:1:460061)
    at process.processTicksAndRejections (node:internal/process/task_queues:104:5)
[2026-06-14 12:20:01.501] [info]  (WindowController)       Open player window: {"type":"ugc","bvid":"BV1vBJn6iExC","fromSpmid":"main.home-page-recommend.tianma.1-1-1.0","mediaList":null,"trackId":"web_pegasus_0.router-web-pegasus-2479516-f6fct.1781410795879.500"}
[2026-06-14 12:20:20.456] [info]  (WindowController)       One Time fullscreen!
[2026-06-14 12:22:47.078] [info]  (WindowController)       One Time fullscreen!
[2026-06-14 12:24:08.536] [info]  (WindowEvents)           Start close window:  playerWindow
[2026-06-14 12:24:08.617] [info]  (WindowEvents)           Start close window:  playerWindow
[2026-06-14 12:24:08.618] [info]  (WindowEvents)           Player window closed!
[2026-06-14 12:24:08.639] [info]  (WindowEvents)           Focus on mainWindow!
[2026-06-14 12:24:10.034] [info]  (WindowController)       Open player window: {"type":"ugc","bvid":"BV1HzLw6EEuq","fromSpmid":"main.home-page-recommend.tianma.1-3-3.0","mediaList":null,"trackId":"web_pegasus_0.router-web-pegasus-2479516-f6fct.1781410795879.500"}
[2026-06-14 12:24:10.048] [info]  (WindowEvents)           Focus on playerWindow!
[2026-06-14 12:24:32.375] [info]  (WindowEvents)           Focus on mainWindow!
[2026-06-14 12:24:33.551] [info]  (WindowEvents)           App deactivated!
[2026-06-14 12:24:41.397] [info]  (WindowEvents)           Focus on playerWindow!
[2026-06-14 12:24:41.616] [info]  (WindowEvents)           App activated!
[2026-06-14 12:24:55.166] [info]  (WindowController)       One Time fullscreen!
[2026-06-14 12:32:35.646] [info]  (WindowEvents)           App deactivated!
[2026-06-14 12:32:35.964] [info]  (WindowEvents)           Focus on playerWindow!
[2026-06-14 12:32:36.195] [info]  (WindowEvents)           App activated!
[2026-06-14 12:32:47.278] [info]  (WindowEvents)           Start close window:  playerWindow
[2026-06-14 12:32:47.322] [info]  (WindowEvents)           Start close window:  playerWindow
[2026-06-14 12:32:47.322] [info]  (WindowEvents)           Player window closed!
[2026-06-14 12:32:47.535] [info]  (WindowEvents)           App deactivated!
[2026-06-14 12:32:48.277] [info]  (WindowEvents)           Focus on mainWindow!
[2026-06-14 12:32:48.542] [info]  (WindowEvents)           App activated!
[2026-06-14 12:32:58.094] [info]  (RenderProcess)          Activate page: SearchPage
[2026-06-14 12:33:06.768] [info]  (WindowController)       Open player window: {"type":"ugc","bvid":"BV1z341187Y9","fromSpmid":"main.search-result.0.0.pv","trackId":"9484503323158709041"}
[2026-06-14 12:33:06.793] [info]  (WindowEvents)           Focus on playerWindow!
[2026-06-14 12:33:54.965] [info]  (WindowEvents)           Start close window:  playerWindow
[2026-06-14 12:33:55.016] [info]  (WindowEvents)           Start close window:  playerWindow
[2026-06-14 12:33:55.016] [info]  (WindowEvents)           Player window closed!
[2026-06-14 12:33:55.031] [info]  (WindowEvents)           Focus on mainWindow!
[2026-06-14 12:33:59.486] [info]  (WindowController)       Open player window: {"type":"ugc","bvid":"BV1iRUDBtEnZ","fromSpmid":"main.search-result.0.0.pv","trackId":"9484503323158709041"}
[2026-06-14 12:33:59.535] [info]  (WindowEvents)           Focus on playerWindow!
[2026-06-14 12:34:13.368] [info]  (WindowEvents)           Start close window:  playerWindow
[2026-06-14 12:34:13.416] [info]  (WindowEvents)           Start close window:  playerWindow
[2026-06-14 12:34:13.417] [info]  (WindowEvents)           Player window closed!
[2026-06-14 12:34:13.431] [info]  (WindowEvents)           Focus on mainWindow!
[2026-06-14 12:34:14.052] [info]  (WindowController)       Open player window: {"type":"ugc","bvid":"BV1NpbjzCE6r","fromSpmid":"main.search-result.0.0.pv","trackId":"9484503323158709041"}
[2026-06-14 12:34:14.086] [info]  (WindowEvents)           Focus on playerWindow!
[2026-06-14 12:34:18.942] [info]  (WindowEvents)           Start close window:  playerWindow
[2026-06-14 12:34:18.991] [info]  (WindowEvents)           Start close window:  playerWindow
[2026-06-14 12:34:18.992] [info]  (WindowEvents)           Player window closed!
[2026-06-14 12:34:19.014] [info]  (WindowEvents)           Focus on mainWindow!
[2026-06-14 12:34:26.080] [info]  (WindowEvents)           App deactivated!
[2026-06-14 12:34:28.185] [info]  (WindowEvents)           Focus on mainWindow!
[2026-06-14 12:34:28.401] [info]  (WindowEvents)           App activated!
[2026-06-14 12:34:33.317] [info]  (RenderProcess)          Activate page: HomeRecommends
[2026-06-14 12:34:43.271] [info]  (WindowEvents)           Start close window:  mainWindow
[2026-06-14 12:34:43.272] [info]  (WindowEvents)           Main window closed!
[2026-06-14 12:34:43.500] [info]  (WindowEvents)           App deactivated!
[2026-06-14 12:34:54.270] [info]  (SystemService)          Fetch appConfig success!
[2026-06-14 12:49:49.633] [info]  (PlayerService)          Load player config.
[2026-06-14 12:49:49.649] [info]  (SystemService)          Load inject code config.
[2026-06-14 12:49:49.857] [info]  (PlayerService)          Init player versions.
[2026-06-14 12:49:53.851] [info]  (SystemService)          Fetch appConfig success!
[2026-06-14 12:52:10.138] [info]  (WindowEvents)           Focus on mainWindow!
[2026-06-14 12:52:10.402] [info]  (WindowEvents)           App activated!
[2026-06-14 12:52:17.987] [info]  (WindowController)       Open player window: {"type":"ugc","bvid":"BV1vHoSB6Eqw","fromSpmid":"main.home-page-recommend.tianma.2-1-6.0","mediaList":null,"trackId":"web_pegasus_0.router-web-pegasus-2479516-f6fct.1781410795879.500"}
[2026-06-14 12:52:18.003] [info]  (WindowEvents)           Focus on playerWindow!
[2026-06-14 12:52:19.682] [info]  (WindowEvents)           App deactivated!
[2026-06-14 12:52:22.539] [info]  (WindowEvents)           Focus on playerWindow!
[2026-06-14 12:52:22.761] [info]  (WindowEvents)           App activated!
[2026-06-14 12:52:32.706] [info]  (WindowEvents)           App deactivated!
[2026-06-14 12:52:46.788] [info]  (WindowEvents)           Focus on playerWindow!
[2026-06-14 12:52:47.021] [info]  (WindowEvents)           App activated!
[2026-06-14 12:53:49.298] [info]  (WindowEvents)           App deactivated!
[2026-06-14 12:53:56.163] [info]  (WindowEvents)           Focus on playerWindow!
[2026-06-14 12:53:56.381] [info]  (WindowEvents)           App activated!
[2026-06-14 12:56:29.588] [info]  (WindowEvents)           Start close window:  playerWindow
[2026-06-14 12:56:29.638] [info]  (WindowEvents)           Start close window:  playerWindow
[2026-06-14 12:56:29.638] [info]  (WindowEvents)           Player window closed!
[2026-06-14 12:56:29.858] [info]  (WindowEvents)           App deactivated!
[2026-06-14 13:00:26.171] [info]  (WindowEvents)           Focus on mainWindow!
[2026-06-14 13:00:26.386] [info]  (WindowEvents)           App activated!
[2026-06-14 13:00:37.886] [info]  (WindowController)       Open player window: {"type":"ugc","bvid":"BV1DSLz6KEB3","fromSpmid":"main.home-page-recommend.tianma.7-1-31.0","mediaList":null,"trackId":"web_pegasus_0.router-web-pegasus-2479516-f6fct.1781413233826.786"}
[2026-06-14 13:00:37.901] [info]  (WindowEvents)           Focus on playerWindow!
[2026-06-14 13:00:39.814] [info]  (WindowEvents)           App deactivated!
[2026-06-14 13:00:41.094] [info]  (WindowEvents)           Focus on playerWindow!
[2026-06-14 13:00:41.307] [info]  (WindowEvents)           App activated!
[2026-06-14 13:03:18.153] [info]  (WindowEvents)           App deactivated!
[2026-06-14 13:03:49.185] [info]  (WindowEvents)           Focus on playerWindow!
[2026-06-14 13:03:49.414] [info]  (WindowEvents)           App activated!
[2026-06-14 13:04:53.942] [info]  (SystemService)          Fetch appConfig success!
[2026-06-14 13:06:37.301] [info]  (WindowEvents)           Start close window:  playerWindow
[2026-06-14 13:06:37.359] [info]  (WindowEvents)           Start close window:  playerWindow
[2026-06-14 13:06:37.359] [info]  (WindowEvents)           Player window closed!
[2026-06-14 13:06:37.399] [info]  (WindowEvents)           Focus on mainWindow!
[2026-06-14 13:06:37.560] [info]  (WindowEvents)           Start close window:  mainWindow
[2026-06-14 13:06:37.561] [info]  (WindowEvents)           Main window closed!
[2026-06-14 13:06:37.581] [info]  (WindowEvents)           App deactivated!
[2026-06-14 13:09:15.637] [info]  (AppService)           Main running...
[2026-06-14 13:09:19.252] [info]  (WindowEvents)           Focus on mainWindow!
[2026-06-14 13:09:19.472] [info]  (WindowEvents)           App activated!
[2026-06-14 13:09:21.213] [info]  (SystemService)        [App info]:
 {
  version: '1.17.6',
  installVersion: '1.17.6',
  electron: '41.6.1',
  node: '24.15.0',
  chromium: '146.0.7680.216',
  buildCode: '10010170062603261238',
  buildId: '1285965',
  buildJobId: '23743424',
  chid: 'official'
}
[2026-06-14 13:09:21.215] [info]  (SystemService)        [System info]:
 {
  osArch: 'x64',
  processArch: 'x64',
  platform: 'linux',
  osType: 'Linux',
  osRelease: '7.0.10',
  osVersoin: '#1-NixOS SMP PREEMPT_DYNAMIC Sat May 23 11:09:44 UTC 2026',
  endianness: 'LE',
  hostName: 'nixos',
  totalMemory: 24906395648,
  sysVersion: '10.0.26100.2605'
}
[2026-06-14 13:09:21.226] [info]  (SystemService)        [User info] { isLogin: true, mid: 3632306304583906, uname: 'void博博' }
[2026-06-14 13:09:21.227] [info]  (SystemService)        Initing app configs!
[2026-06-14 13:09:21.301] [info]  (SystemService)        Load inject code config.
[2026-06-14 13:09:21.309] [info]  (PlayerService)        Initing player exp.
[2026-06-14 13:09:21.310] [info]  (PlayerService)        Load player config.
[2026-06-14 13:09:21.327] [info]  (FfAbTestService)      Parse FF tree.
[2026-06-14 13:09:21.351] [info]  (NotificationService)  Notification:  true
[2026-06-14 13:09:21.352] [info]  (FfAbTestService)      FF: {"sidebar_game_entry":false,"sidebar_upload_hide_r":false,"sidebar_upload_toweb":false,"sidebar_upload_toappbrowser":true,"sidebar_selected_hide2_r":false,"enable_system_notification":true,"is_ugc_season_tab":true,"show_local_video_setting_r":true,"show_search_ad":true}
[2026-06-14 13:09:21.382] [info]  (AuthService)          Updating cookies!
[2026-06-14 13:09:21.389] [info]  (AuthService)          init buivd 43E3083959E5485BFFEE24C02606051331gCXK2AM+nB06Gla5fbTw
[2026-06-14 13:09:21.393] [info]  (AuthService)          buvidmark 1
[2026-06-14 13:09:21.402] [info]  (ReportService)        Initing log-report!
[2026-06-14 13:09:21.403] [info]  (FfAbTestService)      Fetch FF info.
[2026-06-14 13:09:21.407] [info]  (FfAbTestService)      Parse FF tree.
[2026-06-14 13:09:21.429] [info]  (FfAbTestService)      FF: {"sidebar_game_entry":false,"sidebar_upload_hide_r":false,"sidebar_upload_toweb":false,"sidebar_upload_toappbrowser":true,"sidebar_selected_hide2_r":false,"enable_system_notification":true,"is_ugc_season_tab":true,"show_local_video_setting_r":true,"show_search_ad":true}
[2026-06-14 13:09:21.503] [info]  (AppService)             Help server ready! Port: 22332
[2026-06-14 13:09:21.504] [info]  (AuthService)            Updating cookies!
[2026-06-14 13:09:21.516] [info]  (AppService)             Creating windows!
[2026-06-14 13:09:21.602] [info]  (WindowFactory)          Main window created!
[2026-06-14 13:09:21.614] [info]  (TrayMenuService)        Creating app tray.
[2026-06-14 13:09:21.616] [info]  (TrayMenuService)        Creating app menu.
[2026-06-14 13:09:21.816] [info]  (ReportService)          Init log-report success!
[2026-06-14 13:09:21.833] [info]  (SystemService)          NativeTheme updated, shouldUseDarkColors: false
[2026-06-14 13:09:21.861] [info]  (AuthService)            Updating cookies!
[2026-06-14 13:09:21.969] [info]  (FfAbTestService)        FF env, s-c prod
[2026-06-14 13:09:21.972] [info]  (FfAbTestService)        FF versions, l-r: 41375
[2026-06-14 13:09:21.974] [info]  (SystemService)          Fetch appConfig success!
[2026-06-14 13:09:21.974] [info]  (PlayerService)          Init player versions.
[2026-06-14 13:09:21.975] [info]  (SystemService)          NativeTheme updated, shouldUseDarkColors: true
[2026-06-14 13:09:21.979] [info]  (SystemService)          NativeTheme updated, shouldUseDarkColors: true
[2026-06-14 13:09:22.389] [info]  (WindowEvents)           App deactivated!
[2026-06-14 13:09:22.475] [debug] (WindowService)          Splash window ready!
[2026-06-14 13:09:22.794] [info]  (WindowEvents)           App activated!
[2026-06-14 13:09:22.828] [info]  (AuthController)         set gaia fingerprint webgl
[2026-06-14 13:09:23.365] [info]  (WindowEvents)           App deactivated!
[2026-06-14 13:09:23.382] [info]  (RenderProcess)          Activate page: HomeRecommends
[2026-06-14 13:09:23.465] [info]  (WindowService)          Main window ready!
[2026-06-14 13:09:23.465] [info]  (DownloadService)        Init DownloadURL Events
[2026-06-14 13:09:23.500] [info]  (AuthService)            Checking refresh BiliConf.
[2026-06-14 13:09:23.520] [info]  (AuthService)            Judge login status!
[2026-06-14 13:09:23.552] [warn]  (UpdateService)          APPIMAGE env is not defined, current application is not an AppImage
[2026-06-14 13:09:23.552] [info]  (UpdateService)          Patch info: [{"v":"1.17.9","on":true,"s":"04c6fb8672","b":"0~299","bc":1000,"sv":"1.9.0","ev":"1.17.9","fix":0},{"v":"1.17.8","on":true,"s":"04c6fb8672","b":"0~999","bc":1000,"sv":"1.9.0","ev":"1.17.7","fix":0},{"v":"1.17.6","on":true,"s":"04c6fb8672","b":"0~999","bc":1000,"sv":"1.9.0","ev":"1.17.6","fix":0}]
[2026-06-14 13:09:23.561] [info]  (UpdateService)          Patch bucket: 816
[2026-06-14 13:09:23.569] [info]  (UpdateService)          Patch bucket: 816
[2026-06-14 13:09:23.569] [info]  (UpdateService)          Increment update bucket hit.
[2026-06-14 13:09:23.569] [info]  (UpdateService)          Fetch patch: 1.17.8 24961398
[2026-06-14 13:09:23.581] [info]  (AuthService)            System-fp ready!
[2026-06-14 13:09:23.607] [info]  (WindowEvents)           Register boss shortcut: Ctrl+Shift+C
[2026-06-14 13:09:23.607] [info]  (WindowEvents)           Is boss shortcut registered: true
[2026-06-14 13:09:23.607] [info]  (NotificationService)    Notification mainWindowReady
[2026-06-14 13:09:23.607] [info]  (DownloadService)        Init bili-download!
[2026-06-14 13:09:23.614] [info]  (DownloadService)        Download path: /home/shorin/视频/bilibili
[2026-06-14 13:09:23.629] [info]  (GameService)            Local game list: []
[2026-06-14 13:09:23.630] [info]  (SystemService)          Initing ffmpeg!
[2026-06-14 13:09:23.633] [info]  (ReportService)          Initing performance samples!
[2026-06-14 13:09:23.647] [info]  (WindowFactory)          Player window created!
[2026-06-14 13:09:23.650] [info]  (WindowEvents)           Startup timeline:  {"appReadyTime":null,"splashReadyTime":null,"decryptedTime":null,"bootstrapTime":null,"runCodeTime":null,"runCodeEndTime":null,"mainWindowReady":null}
[2026-06-14 13:09:23.655] [info]  (DownloadService)        Clear check download timer.
[2026-06-14 13:09:23.670] [info]  (DownloadService)        Check auto start download:  true
[2026-06-14 13:09:23.851] [info]  (WindowEvents)           Focus on mainWindow!
[2026-06-14 13:09:23.853] [info]  (ConfigService)          Clearing...
[2026-06-14 13:09:23.854] [info]  (TrayMenuService)        Destoring app tray
[2026-06-14 13:09:23.854] [info]  (DownloadService)        Cancel downloading tasks!
[2026-06-14 13:09:23.854] [info]  (DownloadService)        Clear check download timer.
[2026-06-14 13:09:23.864] [info]  (ReportService)          Initing performance samples!
[2026-06-14 13:09:23.939] [info]  (WindowEvents)           Start close window:  mainWindow
[2026-06-14 13:09:23.939] [info]  (WindowEvents)           Main window closed!
[2026-06-14 13:09:23.975] [info]  (WindowEvents)           Start close window:  playerWindow
[2026-06-14 13:09:23.976] [info]  (WindowEvents)           Player window closed!
[2026-06-14 13:09:23.989] [info]  (AuthService)            Login status:  true
[2026-06-14 13:09:24.075] [info]  (AuthService)            BiliConf valid!
[2026-06-14 13:09:24.229] [info]  (WindowController)       Search page ready!
[2026-06-14 13:09:24.266] [info]  (ConfigController)       Set is selected exit:  false
[2026-06-14 13:09:24.450] [info]  (WindowEvents)           Focus on mainWindow!
[2026-06-14 13:09:24.655] [info]  (WindowEvents)           App activated!
[2026-06-14 13:09:24.686] [info]  (AuthService)            Updating cookies!
[2026-06-14 13:09:24.719] [info]  (AuthService)            Updating cookies!
[2026-06-14 13:09:24.929] [info]  (AuthService)            Updating cookies!
[2026-06-14 13:09:24.988] [info]  (AuthService)            Updating cookies!
[2026-06-14 13:09:25.402] [info]  (ConfigService)          App quitting...
[2026-06-14 13:09:25.405] [info]  (AppEvents)              Good-bye!
[2026-06-14 13:09:25.482] [info]  (WindowEvents)           App deactivated!
[2026-06-14 13:09:25.885] [info]  (WindowEvents)           Focus on mainWindow!
[2026-06-14 13:09:26.097] [info]  (WindowEvents)           App activated!
[2026-06-14 13:09:27.390] [info]  (WindowEvents)           App deactivated!
[2026-06-14 13:09:27.511] [info]  (WindowEvents)           Focus on mainWindow!
[2026-06-14 13:09:27.729] [info]  (WindowEvents)           App activated!
[2026-06-14 13:09:32.065] [info]  (RenderProcess)          Activate page: HomeLive
[2026-06-14 13:09:32.551] [info]  (RenderProcess)          Activate page: HomeHot
[2026-06-14 13:09:34.919] [info]  (WindowController)       Open player window: {"type":"ugc","bvid":"BV1CeEC6CEPX","fromSpmid":"main.home-page-hot.0.0.pv","mediaList":null}
[2026-06-14 13:09:34.943] [info]  (WindowEvents)           Focus on playerWindow!
[2026-06-14 13:09:39.949] [info]  (WindowController)       One Time fullscreen!
[2026-06-14 13:09:44.812] [info]  (WindowController)       Mini player window!
[2026-06-14 13:09:44.912] [info]  (WindowController)       Pin player window!
[2026-06-14 13:10:09.635] [info]  (WindowEvents)           App deactivated!
[2026-06-14 13:10:24.728] [info]  (WindowEvents)           Focus on playerWindow!
[2026-06-14 13:10:24.956] [info]  (WindowEvents)           App activated!
[2026-06-14 13:10:27.087] [info]  (WindowEvents)           App deactivated!
[2026-06-14 13:10:38.063] [info]  (WindowEvents)           Focus on playerWindow!
[2026-06-14 13:10:38.276] [info]  (WindowEvents)           App activated!
[2026-06-14 13:11:14.162] [info]  (WindowEvents)           Start close window:  playerWindow
[2026-06-14 13:11:14.200] [info]  (WindowEvents)           Start close window:  playerWindow
[2026-06-14 13:11:14.201] [info]  (WindowEvents)           Player window closed!
[2026-06-14 13:11:14.475] [info]  (WindowEvents)           App deactivated!
[2026-06-14 13:11:14.476] [info]  (WindowController)       Unmini player window!
[2026-06-14 13:11:14.976] [info]  (WindowController)       Unpin player window!
[2026-06-14 13:11:32.996] [info]  (WindowEvents)           Focus on mainWindow!
[2026-06-14 13:11:33.216] [info]  (WindowEvents)           App activated!
[2026-06-14 13:11:41.208] [info]  (WindowController)       Open player window: {"type":"ugc","bvid":"BV1J9EB6xEAB","fromSpmid":"main.home-page-hot.0.0.pv","mediaList":null}
[2026-06-14 13:11:41.224] [info]  (WindowEvents)           Focus on playerWindow!
[2026-06-14 13:11:43.357] [info]  (WindowController)       Stretch player window!
[2026-06-14 13:12:28.628] [info]  (WindowEvents)           Start close window:  playerWindow
[2026-06-14 13:12:28.671] [info]  (WindowEvents)           Start close window:  playerWindow
[2026-06-14 13:12:28.672] [info]  (WindowEvents)           Player window closed!
[2026-06-14 13:12:28.797] [info]  (WindowEvents)           Focus on mainWindow!
[2026-06-14 13:12:29.840] [info]  (WindowEvents)           App deactivated!
[2026-06-14 13:12:41.423] [info]  (WindowEvents)           Focus on mainWindow!
[2026-06-14 13:13:14.585] [info]  (WindowEvents)           Focus on mainWindow!
[2026-06-14 13:13:14.805] [info]  (WindowEvents)           App activated!
[2026-06-14 13:13:32.344] [info]  (RenderProcess)          Activate page: HomeRecommends
[2026-06-14 13:13:34.267] [info]  (WindowController)       Open player window: {"type":"ugc","bvid":"BV1fmE16kE5r","fromSpmid":"main.home-page-recommend.tianma.1-1-1.0","mediaList":null,"trackId":"web_pegasus_0.router-web-pegasus-2479516-sm4rx.1781414012439.583"}
[2026-06-14 13:13:34.279] [info]  (WindowEvents)           Focus on playerWindow!
[2026-06-14 13:13:35.422] [info]  (WindowEvents)           App deactivated!
[2026-06-14 13:13:39.956] [info]  (WindowEvents)           Focus on playerWindow!
[2026-06-14 13:13:40.179] [info]  (WindowEvents)           App activated!
[2026-06-14 13:14:23.398] [info]  (WindowEvents)           App deactivated!
[2026-06-14 13:14:24.368] [info]  (WindowEvents)           Focus on playerWindow!
[2026-06-14 13:14:24.594] [info]  (WindowEvents)           App activated!
[2026-06-14 13:15:03.583] [info]  (WindowEvents)           App deactivated!
[2026-06-14 13:15:06.049] [info]  (WindowEvents)           Focus on playerWindow!
[2026-06-14 13:15:06.282] [info]  (WindowEvents)           App activated!
[2026-06-14 13:16:32.296] [info]  (WindowEvents)           App deactivated!
[2026-06-14 13:16:46.515] [info]  (WindowEvents)           Focus on playerWindow!
[2026-06-14 13:16:46.734] [info]  (WindowEvents)           App activated!
[2026-06-14 13:16:47.108] [info]  (WindowEvents)           App deactivated!
[2026-06-14 13:17:04.866] [info]  (WindowEvents)           Focus on playerWindow!
[2026-06-14 13:17:05.088] [info]  (WindowEvents)           App activated!
[2026-06-14 13:17:07.210] [info]  (WindowEvents)           Focus on mainWindow!
[2026-06-14 13:17:11.480] [info]  (WindowEvents)           Focus on playerWindow!
[2026-06-14 13:17:11.612] [info]  (WindowEvents)           Start close window:  playerWindow
[2026-06-14 13:17:11.646] [info]  (WindowEvents)           Start close window:  playerWindow
[2026-06-14 13:17:11.646] [info]  (WindowEvents)           Player window closed!
[2026-06-14 13:17:11.721] [info]  (WindowEvents)           Focus on mainWindow!
[2026-06-14 13:17:15.041] [info]  (WindowController)       Open player window: {"type":"ugc","bvid":"BV1wJEd6kEdP","fromSpmid":"main.home-page-recommend.tianma.3-3-13.0","mediaList":null,"trackId":"web_pegasus_0.router-web-pegasus-2479516-sm4rx.1781414012439.583"}
[2026-06-14 13:17:15.056] [info]  (WindowEvents)           Focus on playerWindow!
[2026-06-14 13:18:20.119] [info]  (WindowEvents)           Start close window:  playerWindow
[2026-06-14 13:18:20.160] [info]  (WindowEvents)           Start close window:  playerWindow
[2026-06-14 13:18:20.161] [info]  (WindowEvents)           Player window closed!
[2026-06-14 13:18:20.260] [info]  (WindowEvents)           Focus on mainWindow!
[2026-06-14 13:18:42.319] [info]  (WindowController)       Open player window: {"type":"ugc","bvid":"BV1hsG76AENT","fromSpmid":"main.home-page-recommend.tianma.7-1-31.0","mediaList":null,"trackId":"web_pegasus_0.router-web-pegasus-2479516-sm4rx.1781414313010.902"}
[2026-06-14 13:18:42.333] [info]  (WindowEvents)           Focus on playerWindow!
[2026-06-14 13:18:43.621] [info]  (WindowEvents)           App deactivated!
[2026-06-14 13:18:44.366] [info]  (WindowEvents)           Focus on playerWindow!
[2026-06-14 13:18:48.801] [info]  (WindowEvents)           Focus on playerWindow!
[2026-06-14 13:18:49.020] [info]  (WindowEvents)           App activated!
[2026-06-14 13:18:49.295] [info]  (WindowEvents)           App deactivated!
[2026-06-14 13:18:50.593] [info]  (WindowEvents)           Focus on playerWindow!
[2026-06-14 13:18:50.814] [info]  (WindowEvents)           App activated!
[2026-06-14 13:18:53.501] [info]  (WindowEvents)           App deactivated!
[2026-06-14 13:18:56.047] [info]  (ReportService)          Initing performance samples!
[2026-06-14 13:19:20.829] [info]  (WindowEvents)           Focus on playerWindow!
[2026-06-14 13:19:22.605] [info]  (WindowEvents)           Focus on playerWindow!
[2026-06-14 13:19:27.188] [info]  (WindowEvents)           Focus on playerWindow!
[2026-06-14 13:19:29.468] [info]  (WindowEvents)           Focus on playerWindow!
[2026-06-14 13:19:29.694] [info]  (WindowEvents)           App activated!
[2026-06-14 13:19:49.633] [info]  (PlayerService)          Load player config.
[2026-06-14 13:19:49.653] [info]  (SystemService)          Load inject code config.
[2026-06-14 13:19:49.756] [info]  (PlayerService)          Init player versions.
[2026-06-14 13:19:53.782] [info]  (SystemService)          Fetch appConfig success!
[2026-06-14 13:20:01.596] [info]  (WindowEvents)           Start close window:  playerWindow
[2026-06-14 13:20:01.654] [info]  (WindowEvents)           Start close window:  playerWindow
[2026-06-14 13:20:01.654] [info]  (WindowEvents)           Player window closed!
[2026-06-14 13:20:01.711] [info]  (WindowEvents)           Focus on mainWindow!
[2026-06-14 13:20:02.595] [info]  (WindowEvents)           Start close window:  mainWindow
[2026-06-14 13:20:02.621] [info]  (WindowEvents)           Start close window:  mainWindow
[2026-06-14 13:20:02.622] [info]  (WindowEvents)           Main window closed!
[2026-06-14 13:20:02.841] [info]  (WindowEvents)           App deactivated!
[2026-06-14 13:23:02.108] [info]  (WindowEvents)           Focus on mainWindow!
[2026-06-14 13:23:02.328] [info]  (WindowEvents)           App activated!
[2026-06-14 13:23:07.463] [info]  (WindowController)       Open player window: {"type":"ugc","bvid":"BV1zaVL6CEVP","fromSpmid":"main.home-page-recommend.tianma.7-4-34.0","mediaList":null,"trackId":"web_pegasus_0.router-web-pegasus-2479516-sm4rx.1781414313010.902"}
[2026-06-14 13:23:07.487] [info]  (WindowEvents)           Focus on playerWindow!
[2026-06-14 13:23:20.800] [info]  (WindowController)       One Time fullscreen!
[2026-06-14 13:24:48.011] [info]  (WindowEvents)           Start close window:  playerWindow
[2026-06-14 13:24:48.306] [info]  (WindowEvents)           Start close window:  playerWindow
[2026-06-14 13:24:48.361] [info]  (WindowEvents)           Start close window:  playerWindow
[2026-06-14 13:24:48.362] [info]  (WindowEvents)           Player window closed!
[2026-06-14 13:24:48.511] [info]  (WindowEvents)           Focus on mainWindow!
[2026-06-14 13:24:48.514] [info]  (WindowEvents)           Start close window:  playerWindow
[2026-06-14 13:24:48.514] [info]  (WindowEvents)           Player window closed!
[2026-06-14 13:24:48.821] [info]  (WindowEvents)           Start close window:  mainWindow
[2026-06-14 13:24:48.821] [info]  (WindowEvents)           Main window closed!
[2026-06-14 13:24:49.070] [info]  (WindowEvents)           App deactivated!
[2026-06-14 13:33:15.324] [info]  (ConfigService)          Clearing...
[2026-06-14 13:33:15.326] [info]  (TrayMenuService)        Destoring app tray
[2026-06-14 13:33:15.327] [info]  (DownloadService)        Cancel downloading tasks!
[2026-06-14 13:33:15.327] [info]  (DownloadService)        Clear check download timer.
[2026-06-14 13:33:15.354] [info]  (ReportService)          Initing performance samples!
[2026-06-21 16:27:26.644] [info]  (AppService)           Main running...
[2026-06-21 16:27:31.302] [info]  (SystemService)        [App info]:
 {
  version: '1.17.6',
  installVersion: '1.17.6',
  electron: '41.6.1',
  node: '24.15.0',
  chromium: '146.0.7680.216',
  buildCode: '10010170062603261238',
  buildId: '1285965',
  buildJobId: '23743424',
  chid: 'official'
}
[2026-06-21 16:27:31.305] [info]  (SystemService)        [System info]:
 {
  osArch: 'x64',
  processArch: 'x64',
  platform: 'linux',
  osType: 'Linux',
  osRelease: '7.0.10',
  osVersoin: '#1-NixOS SMP PREEMPT_DYNAMIC Sat May 23 11:09:44 UTC 2026',
  endianness: 'LE',
  hostName: 'nixos',
  totalMemory: 24906391552,
  sysVersion: '10.0.26100.2605'
}
[2026-06-21 16:27:31.313] [info]  (SystemService)        [User info] { isLogin: true, mid: 3632306304583906, uname: 'void博博' }
[2026-06-21 16:27:31.314] [info]  (SystemService)        Initing app configs!
[2026-06-21 16:27:31.372] [info]  (SystemService)        Load inject code config.
[2026-06-21 16:27:31.380] [info]  (PlayerService)        Initing player exp.
[2026-06-21 16:27:31.381] [info]  (PlayerService)        Load player config.
[2026-06-21 16:27:31.402] [info]  (FfAbTestService)      Parse FF tree.
[2026-06-21 16:27:31.442] [info]  (NotificationService)  Notification:  true
[2026-06-21 16:27:31.442] [info]  (FfAbTestService)      FF: {"sidebar_game_entry":false,"sidebar_upload_hide_r":false,"sidebar_upload_toweb":false,"sidebar_upload_toappbrowser":true,"sidebar_selected_hide2_r":false,"enable_system_notification":true,"is_ugc_season_tab":true,"show_local_video_setting_r":true,"show_search_ad":true}
[2026-06-21 16:27:31.476] [info]  (AuthService)          Updating cookies!
[2026-06-21 16:27:31.485] [info]  (AuthService)          init buivd 43E3083959E5485BFFEE24C02606051331gCXK2AM+nB06Gla5fbTw
[2026-06-21 16:27:31.488] [info]  (AuthService)          buvidmark 1
[2026-06-21 16:27:31.496] [info]  (ReportService)        Initing log-report!
[2026-06-21 16:27:31.497] [info]  (FfAbTestService)      Fetch FF info.
[2026-06-21 16:27:31.501] [info]  (FfAbTestService)      Parse FF tree.
[2026-06-21 16:27:31.522] [info]  (FfAbTestService)      FF: {"sidebar_game_entry":false,"sidebar_upload_hide_r":false,"sidebar_upload_toweb":false,"sidebar_upload_toappbrowser":true,"sidebar_selected_hide2_r":false,"enable_system_notification":true,"is_ugc_season_tab":true,"show_local_video_setting_r":true,"show_search_ad":true}
[2026-06-21 16:27:31.575] [info]  (AppService)             Help server ready! 
[2026-06-21 16:27:31.575] [info]  (AuthService)            Updating cookies!
[2026-06-21 16:27:31.579] [info]  (AppService)             Creating windows!
[2026-06-21 16:27:31.703] [info]  (WindowFactory)          Main window created!
[2026-06-21 16:27:31.718] [info]  (TrayMenuService)        Creating app tray.
[2026-06-21 16:27:31.719] [info]  (TrayMenuService)        Creating app menu.
[2026-06-21 16:27:31.903] [info]  (ReportService)          Init log-report success!
[2026-06-21 16:27:31.922] [info]  (SystemService)          NativeTheme updated, shouldUseDarkColors: false
[2026-06-21 16:27:31.975] [info]  (AuthService)            Updating cookies!
[2026-06-21 16:27:32.042] [info]  (AuthService)            Updating cookies!
[2026-06-21 16:27:32.157] [info]  (SystemService)          NativeTheme updated, shouldUseDarkColors: true
[2026-06-21 16:27:32.161] [info]  (SystemService)          NativeTheme updated, shouldUseDarkColors: true
[2026-06-21 16:27:32.161] [info]  (SystemService)          NativeTheme updated, shouldUseDarkColors: true
[2026-06-21 16:27:32.460] [info]  (AuthService)            Updating cookies!
[2026-06-21 16:27:32.601] [info]  (FfAbTestService)        FF env, s-c prod
[2026-06-21 16:27:32.613] [info]  (FfAbTestService)        FF versions, l-r: 41375
[2026-06-21 16:27:32.615] [info]  (PlayerService)          Init player versions.
[2026-06-21 16:27:32.649] [info]  (NotificationService)    Notification conf updated: {"on":true,"initTime":10,"firstPush":720,"pushGap":2160,"dynamic":{"on":true,"probability":0.5},"live":{"on":true,"probability":0.5},"hotsSeries":{"on":true,"day":5,"hour":18}} false
[2026-06-21 16:27:32.658] [info]  (SystemService)          Fetch appConfig success!
[2026-06-21 16:27:32.751] [debug] (WindowService)          Splash window ready!
[2026-06-21 16:27:32.987] [info]  (AuthController)         set gaia fingerprint webgl
[2026-06-21 16:27:33.101] [info]  (WindowEvents)           App activated!
[2026-06-21 16:27:33.459] [info]  (RenderProcess)          Activate page: HomeRecommends
[2026-06-21 16:27:33.534] [info]  (WindowService)          Main window ready!
[2026-06-21 16:27:33.534] [info]  (DownloadService)        Init DownloadURL Events
[2026-06-21 16:27:33.558] [info]  (AuthService)            Checking refresh BiliConf.
[2026-06-21 16:27:33.571] [info]  (AuthService)            Judge login status!
[2026-06-21 16:27:33.585] [warn]  (UpdateService)          APPIMAGE env is not defined, current application is not an AppImage
[2026-06-21 16:27:33.586] [info]  (UpdateService)          Patch info: [{"v":"1.17.9","on":true,"s":"04c6fb8672","b":"0~999","bc":1000,"sv":"1.9.0","ev":"1.17.9","fix":0},{"v":"1.17.8","on":true,"s":"04c6fb8672","b":"0~999","bc":1000,"sv":"1.9.0","ev":"1.17.7","fix":0},{"v":"1.17.6","on":true,"s":"04c6fb8672","b":"0~999","bc":1000,"sv":"1.9.0","ev":"1.17.6","fix":0}]
[2026-06-21 16:27:33.589] [info]  (UpdateService)          Patch bucket: 816
[2026-06-21 16:27:33.589] [info]  (UpdateService)          Increment update bucket hit.
[2026-06-21 16:27:33.589] [info]  (UpdateService)          Fetch patch: 1.17.9 25026105
[2026-06-21 16:27:33.597] [info]  (AuthService)            Init system-fp!
[2026-06-21 16:27:33.613] [info]  (WindowEvents)           Register boss shortcut: Ctrl+Shift+C
[2026-06-21 16:27:33.614] [info]  (WindowEvents)           Is boss shortcut registered: true
[2026-06-21 16:27:33.614] [info]  (NotificationService)    Notification mainWindowReady
[2026-06-21 16:27:33.614] [info]  (DownloadService)        Init bili-download!
[2026-06-21 16:27:33.621] [info]  (DownloadService)        Download path: /home/shorin/视频/bilibili
[2026-06-21 16:27:33.637] [info]  (GameService)            Local game list: []
[2026-06-21 16:27:33.637] [info]  (SystemService)          Initing ffmpeg!
[2026-06-21 16:27:33.641] [info]  (ReportService)          Initing performance samples!
[2026-06-21 16:27:33.656] [info]  (WindowFactory)          Player window created!
[2026-06-21 16:27:33.671] [info]  (WindowEvents)           Startup timeline:  {"appReadyTime":null,"splashReadyTime":null,"decryptedTime":null,"bootstrapTime":null,"runCodeTime":null,"runCodeEndTime":null,"mainWindowReady":null}
[2026-06-21 16:27:33.675] [info]  (DownloadService)        Clear check download timer.
[2026-06-21 16:27:33.692] [info]  (DownloadService)        Check auto start download:  true
[2026-06-21 16:27:33.836] [info]  (AuthService)            Init system-fp success!
[2026-06-21 16:27:33.985] [info]  (AuthService)            Login status:  true
[2026-06-21 16:27:34.357] [info]  (WindowController)       Search page ready!
[2026-06-21 16:27:34.402] [info]  (AuthService)            Refresh BiliConf.
[2026-06-21 16:27:34.790] [info]  (WindowController)       Player window ready!
[2026-06-21 16:27:35.306] [info]  (AuthService)            Updating cookies!
[2026-06-21 16:27:35.321] [info]  (AuthService)            Confirm refesh bili.
[2026-06-21 16:27:35.755] [info]  (AuthService)            Updating cookies!
[2026-06-21 16:27:35.809] [info]  (AuthService)            Updating cookies!
[2026-06-21 16:27:35.856] [info]  (AuthService)            Updating cookies!
[2026-06-21 16:27:35.889] [info]  (AuthService)            Updating cookies!
[2026-06-21 16:27:36.335] [info]  (AuthService)            Updating cookies!
[2026-06-21 16:27:36.394] [info]  (AuthService)            Updating cookies!
[2026-06-21 16:27:41.941] [info]  (RenderProcess)          Activate page: SearchPage
[2026-06-21 16:27:48.015] [info]  (WindowEvents)           App deactivated!
[2026-06-21 16:28:04.803] [info]  (WindowEvents)           Focus on mainWindow!
[2026-06-21 16:28:05.021] [info]  (WindowEvents)           App activated!
[2026-06-21 16:28:06.097] [info]  (WindowEvents)           App deactivated!
[2026-06-21 16:28:42.954] [info]  (UpdateService)          Fetch patch success!
[2026-06-21 16:28:42.978] [error] (UpdateService)          download petch(1.17.9,25026105) error: Error: ENOENT: no such file or directory, open '/home/shorin/.config/bilibili/resource/update.zip'
    at Object.openSync (node:fs:561:18)
    at Object.func [as openSync] (node:electron/js2c/node_init:2:2630)
    at writeFileSync (node:fs:2428:35)
    at O.handleFetchPatch (/nix/store/8dfmgycajkrbbavbpxgffpkxqrmi7fkf-bilibili-1.17.6-2/opt/app.asar/main/app.js:1:460061)
    at process.processTicksAndRejections (node:internal/process/task_queues:104:5)
[2026-06-21 16:30:23.684] [info]  (WindowEvents)           Focus on mainWindow!
[2026-06-21 16:30:23.917] [info]  (WindowEvents)           App activated!
[2026-06-21 16:30:33.632] [info]  (WindowController)       Open player window: {"type":"ugc","bvid":"BV1Hu4m1M71e","fromSpmid":"main.search-result.0.0.pv","trackId":"13773498898246509798"}
[2026-06-21 16:32:19.978] [info]  (WindowEvents)           App deactivated!
[2026-06-21 16:42:32.738] [info]  (SystemService)          Fetch appConfig success!
[2026-06-21 16:57:26.609] [info]  (PlayerService)          Load player config.
[2026-06-21 16:57:26.622] [info]  (SystemService)          Load inject code config.
[2026-06-21 16:57:28.578] [info]  (PlayerService)          Init player versions.
[2026-06-21 16:57:31.526] [info]  (SystemService)          Fetch appConfig success!
[2026-06-21 17:12:32.191] [info]  (SystemService)          Fetch appConfig success!
[2026-06-21 17:14:06.330] [info]  (WindowEvents)           Focus on playerWindow!
[2026-06-21 17:14:06.373] [info]  (WindowEvents)           Focus on mainWindow!
[2026-06-21 17:14:06.395] [info]  (WindowEvents)           Focus on playerWindow!
[2026-06-21 17:14:06.596] [info]  (WindowEvents)           App activated!
[2026-06-21 17:14:07.965] [info]  (WindowEvents)           App deactivated!
[2026-06-21 17:14:10.315] [info]  (ConfigService)          Clearing...
[2026-06-21 17:14:10.317] [info]  (TrayMenuService)        Destoring app tray
[2026-06-21 17:14:10.317] [info]  (DownloadService)        Cancel downloading tasks!
[2026-06-21 17:14:10.320] [info]  (DownloadService)        Clear check download timer.
[2026-06-21 17:14:10.356] [info]  (ReportService)          Initing performance samples!
[2026-06-21 17:14:10.620] [info]  (WindowEvents)           Start close window:  mainWindow
[2026-06-21 17:14:10.621] [info]  (WindowEvents)           Main window closed!
[2026-06-21 17:14:10.661] [info]  (WindowEvents)           Start close window:  playerWindow
[2026-06-21 17:14:10.663] [info]  (ConfigController)       Set is selected exit:  false
[2026-06-21 17:14:10.724] [info]  (WindowEvents)           Start close window:  playerWindow
[2026-06-21 17:14:10.726] [info]  (WindowEvents)           Player window closed!
[2026-06-21 17:14:11.106] [info]  (TrayMenuService)        Creating app tray.
[2026-06-21 17:14:11.220] [info]  (WindowEvents)           Focus on mainWindow!
[2026-06-21 17:14:11.223] [info]  (WindowEvents)           Focus on playerWindow!
[2026-06-21 17:14:11.232] [info]  (WindowEvents)           Focus on mainWindow!
[2026-06-21 17:14:11.234] [info]  (WindowEvents)           Focus on playerWindow!
[2026-06-21 17:14:11.490] [info]  (WindowEvents)           App activated!
[2026-06-21 17:14:12.083] [info]  (ConfigService)          App quitting...
[2026-06-21 17:14:12.084] [info]  (AppEvents)              Good-bye!
[2026-06-27 16:56:31.848] [info]  (AppService)           Main running...
[2026-06-27 16:56:35.491] [info]  (SystemService)        [App info]:
 {
  version: '1.17.6',
  installVersion: '1.17.6',
  electron: '41.7.2',
  node: '24.15.0',
  chromium: '146.0.7680.216',
  buildCode: '10010170062603261238',
  buildId: '1285965',
  buildJobId: '23743424',
  chid: 'official'
}
[2026-06-27 16:56:35.494] [info]  (SystemService)        [System info]:
 {
  osArch: 'x64',
  processArch: 'x64',
  platform: 'linux',
  osType: 'Linux',
  osRelease: '7.1.0',
  osVersoin: '#1-NixOS SMP PREEMPT_DYNAMIC Sun Jun 14 14:58:38 UTC 2026',
  endianness: 'LE',
  hostName: 'nixos',
  totalMemory: 24905646080,
  sysVersion: '10.0.26100.2605'
}
[2026-06-27 16:56:35.501] [info]  (SystemService)        [User info] { isLogin: true, mid: 3632306304583906, uname: 'void博博' }
[2026-06-27 16:56:35.502] [info]  (SystemService)        Initing app configs!
[2026-06-27 16:56:35.560] [info]  (SystemService)        Load inject code config.
[2026-06-27 16:56:35.568] [info]  (PlayerService)        Initing player exp.
[2026-06-27 16:56:35.568] [info]  (PlayerService)        Load player config.
[2026-06-27 16:56:35.589] [info]  (FfAbTestService)      Parse FF tree.
[2026-06-27 16:56:35.629] [info]  (NotificationService)  Notification:  true
[2026-06-27 16:56:35.629] [info]  (FfAbTestService)      FF: {"sidebar_game_entry":false,"sidebar_upload_hide_r":false,"sidebar_upload_toweb":false,"sidebar_upload_toappbrowser":true,"sidebar_selected_hide2_r":false,"enable_system_notification":true,"is_ugc_season_tab":true,"show_local_video_setting_r":true,"show_search_ad":true}
[2026-06-27 16:56:35.665] [info]  (AuthService)          Updating cookies!
[2026-06-27 16:56:35.674] [info]  (AuthService)          init buivd 43E3083959E5485BFFEE24C02606051331gCXK2AM+nB06Gla5fbTw
[2026-06-27 16:56:35.678] [info]  (AuthService)          buvidmark 1
[2026-06-27 16:56:35.686] [info]  (ReportService)        Initing log-report!
[2026-06-27 16:56:35.686] [info]  (FfAbTestService)      Fetch FF info.
[2026-06-27 16:56:35.690] [info]  (FfAbTestService)      Parse FF tree.
[2026-06-27 16:56:35.712] [info]  (FfAbTestService)      FF: {"sidebar_game_entry":false,"sidebar_upload_hide_r":false,"sidebar_upload_toweb":false,"sidebar_upload_toappbrowser":true,"sidebar_selected_hide2_r":false,"enable_system_notification":true,"is_ugc_season_tab":true,"show_local_video_setting_r":true,"show_search_ad":true}
[2026-06-27 16:56:35.766] [info]  (AppService)             Help server ready! 
[2026-06-27 16:56:35.766] [info]  (AuthService)            Updating cookies!
[2026-06-27 16:56:35.770] [info]  (AppService)             Creating windows!
[2026-06-27 16:56:35.877] [info]  (WindowFactory)          Main window created!
[2026-06-27 16:56:35.890] [info]  (TrayMenuService)        Creating app tray.
[2026-06-27 16:56:35.892] [info]  (TrayMenuService)        Creating app menu.
[2026-06-27 16:56:36.055] [info]  (ReportService)          Init log-report success!
[2026-06-27 16:56:36.087] [info]  (SystemService)          NativeTheme updated, shouldUseDarkColors: false
[2026-06-27 16:56:36.138] [info]  (AuthService)            Updating cookies!
[2026-06-27 16:56:36.212] [info]  (AuthService)            Updating cookies!
[2026-06-27 16:56:36.319] [info]  (SystemService)          NativeTheme updated, shouldUseDarkColors: true
[2026-06-27 16:56:36.323] [info]  (SystemService)          NativeTheme updated, shouldUseDarkColors: true
[2026-06-27 16:56:36.323] [info]  (SystemService)          NativeTheme updated, shouldUseDarkColors: true
[2026-06-27 16:56:36.737] [info]  (AuthService)            Updating cookies!
[2026-06-27 16:56:36.992] [debug] (WindowService)          Splash window ready!
[2026-06-27 16:56:37.252] [info]  (AuthController)         set gaia fingerprint webgl
[2026-06-27 16:56:37.310] [info]  (WindowEvents)           App activated!
[2026-06-27 16:56:37.689] [info]  (RenderProcess)          Activate page: HomeRecommends
[2026-06-27 16:56:37.784] [info]  (WindowService)          Main window ready!
[2026-06-27 16:56:37.784] [info]  (DownloadService)        Init DownloadURL Events
[2026-06-27 16:56:37.806] [info]  (AuthService)            Checking refresh BiliConf.
[2026-06-27 16:56:37.823] [info]  (AuthService)            Judge login status!
[2026-06-27 16:56:37.849] [warn]  (UpdateService)          APPIMAGE env is not defined, current application is not an AppImage
[2026-06-27 16:56:37.857] [info]  (AuthService)            System-fp ready!
[2026-06-27 16:56:37.905] [info]  (WindowEvents)           Register boss shortcut: Ctrl+Shift+C
[2026-06-27 16:56:37.905] [info]  (WindowEvents)           Is boss shortcut registered: true
[2026-06-27 16:56:37.905] [info]  (NotificationService)    Notification mainWindowReady
[2026-06-27 16:56:37.906] [info]  (DownloadService)        Init bili-download!
[2026-06-27 16:56:37.916] [info]  (DownloadService)        Download path: /home/shorin/视频/bilibili
[2026-06-27 16:56:37.932] [info]  (GameService)            Local game list: []
[2026-06-27 16:56:37.932] [info]  (SystemService)          Initing ffmpeg!
[2026-06-27 16:56:37.936] [info]  (ReportService)          Initing performance samples!
[2026-06-27 16:56:37.948] [info]  (WindowFactory)          Player window created!
[2026-06-27 16:56:37.957] [info]  (WindowEvents)           Startup timeline:  {"appReadyTime":null,"splashReadyTime":null,"decryptedTime":null,"bootstrapTime":null,"runCodeTime":null,"runCodeEndTime":null,"mainWindowReady":null}
[2026-06-27 16:56:37.967] [info]  (DownloadService)        Clear check download timer.
[2026-06-27 16:56:38.009] [info]  (DownloadService)        Check auto start download:  true
[2026-06-27 16:56:38.735] [info]  (WindowController)       Search page ready!
[2026-06-27 16:56:39.075] [info]  (WindowController)       Player window ready!
[2026-06-27 16:56:49.774] [info]  (WindowEvents)           Start close window:  mainWindow
[2026-06-27 16:56:49.807] [info]  (WindowEvents)           Start close window:  mainWindow
[2026-06-27 16:56:49.807] [info]  (WindowEvents)           Main window closed!
[2026-06-27 16:56:50.026] [info]  (WindowEvents)           App deactivated!
[2026-06-27 16:57:00.588] [error] (SystemService)          Fetch appConfig error! FetchError: request to https://api.bilibili.com/x/elec-frontend/config/appconfig failed, reason: getaddrinfo EAI_AGAIN api.bilibili.com
    at ClientRequest.<anonymous> (/nix/store/aykd97ma3npvhqp7zf7lgyrfhjybb1zh-bilibili-1.17.6-2/opt/app.asar/node_modules/node-fetch/lib/index.js:1501:11)
    at ClientRequest.emit (node:events:509:28)
    at emitErrorEvent (node:_http_client:109:11)
    at TLSSocket.socketErrorListener (node:_http_client:593:5)
    at TLSSocket.emit (node:events:509:28)
    at emitErrorNT (node:internal/streams/destroy:170:8)
    at emitErrorCloseNT (node:internal/streams/destroy:129:3)
    at process.processTicksAndRejections (node:internal/process/task_queues:90:21)
[2026-06-27 16:57:00.594] [error] (SystemService)          Load inject code error: FetchError: request to https://api.bilibili.com/x/elec-frontend/config/injectcode failed, reason: getaddrinfo EAI_AGAIN api.bilibili.com
    at ClientRequest.<anonymous> (/nix/store/aykd97ma3npvhqp7zf7lgyrfhjybb1zh-bilibili-1.17.6-2/opt/app.asar/node_modules/node-fetch/lib/index.js:1501:11)
    at ClientRequest.emit (node:events:509:28)
    at emitErrorEvent (node:_http_client:109:11)
    at TLSSocket.socketErrorListener (node:_http_client:593:5)
    at TLSSocket.emit (node:events:509:28)
    at emitErrorNT (node:internal/streams/destroy:170:8)
    at emitErrorCloseNT (node:internal/streams/destroy:129:3)
    at process.processTicksAndRejections (node:internal/process/task_queues:90:21)
[2026-06-27 16:57:07.983] [info]  (WindowEvents)           Focus on mainWindow!
[2026-06-27 16:57:08.202] [info]  (WindowEvents)           App activated!
[2026-06-27 16:57:10.363] [info]  (WindowEvents)           App deactivated!
[2026-06-27 16:57:10.814] [info]  (WindowEvents)           Focus on mainWindow!
[2026-06-27 16:57:10.816] [info]  (ConfigService)          Clearing...
[2026-06-27 16:57:10.818] [info]  (TrayMenuService)        Destoring app tray
[2026-06-27 16:57:10.819] [info]  (DownloadService)        Cancel downloading tasks!
[2026-06-27 16:57:10.819] [info]  (DownloadService)        Clear check download timer.
[2026-06-27 16:57:10.855] [info]  (ReportService)          Initing performance samples!
[2026-06-27 16:57:10.971] [info]  (WindowEvents)           Start close window:  mainWindow
[2026-06-27 16:57:10.972] [info]  (WindowEvents)           Main window closed!
[2026-06-27 16:57:11.009] [info]  (WindowEvents)           Start close window:  playerWindow
[2026-06-27 16:57:11.015] [info]  (ConfigController)       Set is selected exit:  false
[2026-06-27 16:57:11.094] [info]  (WindowEvents)           Start close window:  playerWindow
[2026-06-27 16:57:11.095] [info]  (WindowEvents)           Player window closed!
[2026-06-27 16:57:12.170] [info]  (TrayMenuService)        Creating app tray.
[2026-06-27 16:57:12.195] [info]  (WindowEvents)           Focus on mainWindow!
[2026-06-27 16:57:12.415] [info]  (WindowEvents)           App activated!
[2026-06-27 16:57:12.430] [info]  (ConfigService)          App quitting...
[2026-06-27 16:57:12.433] [info]  (AppEvents)              Good-bye!
[2026-07-04 15:05:29.407] [info]  (AppService)           Main running...
[2026-07-04 15:05:29.496] [info]  (SystemService)        [App info]:
 {
  version: '1.17.6',
  installVersion: '1.17.6',
  electron: '41.7.2',
  node: '24.15.0',
  chromium: '146.0.7680.216',
  buildCode: '10010170062603261238',
  buildId: '1285965',
  buildJobId: '23743424',
  chid: 'official'
}
[2026-07-04 15:05:29.498] [info]  (SystemService)        [System info]:
 {
  osArch: 'x64',
  processArch: 'x64',
  platform: 'linux',
  osType: 'Linux',
  osRelease: '7.1.0',
  osVersoin: '#1-NixOS SMP PREEMPT_DYNAMIC Sun Jun 14 14:58:38 UTC 2026',
  endianness: 'LE',
  hostName: 'nixos',
  totalMemory: 24905650176,
  sysVersion: '10.0.26100.2605'
}
[2026-07-04 15:05:29.503] [info]  (SystemService)        [User info] { isLogin: true, mid: 3632306304583906, uname: 'void博博' }
[2026-07-04 15:05:29.503] [info]  (SystemService)        Initing app configs!
[2026-07-04 15:05:29.577] [info]  (SystemService)        Load inject code config.
[2026-07-04 15:05:29.588] [info]  (PlayerService)        Initing player exp.
[2026-07-04 15:05:29.589] [info]  (PlayerService)        Load player config.
[2026-07-04 15:05:29.614] [info]  (FfAbTestService)      Parse FF tree.
[2026-07-04 15:05:29.659] [info]  (NotificationService)  Notification:  true
[2026-07-04 15:05:29.660] [info]  (FfAbTestService)      FF: {"sidebar_game_entry":false,"sidebar_upload_hide_r":false,"sidebar_upload_toweb":false,"sidebar_upload_toappbrowser":true,"sidebar_selected_hide2_r":false,"enable_system_notification":true,"is_ugc_season_tab":true,"show_local_video_setting_r":true,"show_search_ad":true}
[2026-07-04 15:05:29.698] [info]  (AuthService)          Updating cookies!
[2026-07-04 15:05:29.707] [info]  (AuthService)          init buivd 43E3083959E5485BFFEE24C02606051331gCXK2AM+nB06Gla5fbTw
[2026-07-04 15:05:29.711] [info]  (AuthService)          buvidmark 1
[2026-07-04 15:05:29.720] [info]  (ReportService)        Initing log-report!
[2026-07-04 15:05:29.721] [info]  (FfAbTestService)      Fetch FF info.
[2026-07-04 15:05:29.726] [info]  (FfAbTestService)      Parse FF tree.
[2026-07-04 15:05:29.752] [info]  (FfAbTestService)      FF: {"sidebar_game_entry":false,"sidebar_upload_hide_r":false,"sidebar_upload_toweb":false,"sidebar_upload_toappbrowser":true,"sidebar_selected_hide2_r":false,"enable_system_notification":true,"is_ugc_season_tab":true,"show_local_video_setting_r":true,"show_search_ad":true}
[2026-07-04 15:05:29.815] [info]  (AppService)             Help server ready! 
[2026-07-04 15:05:29.815] [info]  (AuthService)            Updating cookies!
[2026-07-04 15:05:29.820] [info]  (AppService)             Creating windows!
[2026-07-04 15:05:29.928] [info]  (WindowFactory)          Main window created!
[2026-07-04 15:05:29.941] [info]  (TrayMenuService)        Creating app tray.
[2026-07-04 15:05:29.942] [info]  (TrayMenuService)        Creating app menu.
[2026-07-04 15:05:30.079] [info]  (ReportService)          Init log-report success!
[2026-07-04 15:05:30.118] [info]  (SystemService)          NativeTheme updated, shouldUseDarkColors: false
[2026-07-04 15:05:30.184] [info]  (AuthService)            Updating cookies!
[2026-07-04 15:05:30.306] [info]  (SystemService)          NativeTheme updated, shouldUseDarkColors: true
[2026-07-04 15:05:30.324] [info]  (SystemService)          Fetch appConfig success!
[2026-07-04 15:05:30.325] [info]  (PlayerService)          Init player versions.
[2026-07-04 15:05:30.346] [info]  (FfAbTestService)        FF env, s-c prod
[2026-07-04 15:05:30.354] [info]  (FfAbTestService)        FF versions, l-r: 41375
[2026-07-04 15:05:30.928] [debug] (WindowService)          Splash window ready!
[2026-07-04 15:05:31.272] [info]  (WindowEvents)           App activated!
[2026-07-04 15:05:31.394] [info]  (AuthController)         set gaia fingerprint webgl
[2026-07-04 15:05:31.965] [info]  (RenderProcess)          Activate page: HomeRecommends
[2026-07-04 15:05:32.078] [info]  (WindowService)          Main window ready!
[2026-07-04 15:05:32.079] [info]  (DownloadService)        Init DownloadURL Events
[2026-07-04 15:05:32.100] [info]  (AuthService)            Checking refresh BiliConf.
[2026-07-04 15:05:32.114] [info]  (AuthService)            Judge login status!
[2026-07-04 15:05:32.136] [warn]  (UpdateService)          APPIMAGE env is not defined, current application is not an AppImage
[2026-07-04 15:05:32.136] [info]  (UpdateService)          Patch info: [{"v":"1.17.9","on":true,"s":"04c6fb8672","b":"0~999","bc":1000,"sv":"1.9.0","ev":"1.17.9","fix":0},{"v":"1.17.8","on":true,"s":"04c6fb8672","b":"0~999","bc":1000,"sv":"1.9.0","ev":"1.17.7","fix":0},{"v":"1.17.6","on":true,"s":"04c6fb8672","b":"0~999","bc":1000,"sv":"1.9.0","ev":"1.17.6","fix":0}]
[2026-07-04 15:05:32.144] [info]  (UpdateService)          Patch bucket: 816
[2026-07-04 15:05:32.144] [info]  (UpdateService)          Increment update bucket hit.
[2026-07-04 15:05:32.144] [info]  (UpdateService)          Fetch patch: 1.17.9 25026105
[2026-07-04 15:05:32.159] [info]  (AuthService)            Init system-fp!
[2026-07-04 15:05:32.193] [info]  (WindowEvents)           Register boss shortcut: Ctrl+Shift+C
[2026-07-04 15:05:32.193] [info]  (WindowEvents)           Is boss shortcut registered: true
[2026-07-04 15:05:32.193] [info]  (NotificationService)    Notification mainWindowReady
[2026-07-04 15:05:32.194] [info]  (DownloadService)        Init bili-download!
[2026-07-04 15:05:32.212] [info]  (DownloadService)        Download path: /home/shorin/视频/bilibili
[2026-07-04 15:05:32.248] [info]  (GameService)            Local game list: []
[2026-07-04 15:05:32.248] [info]  (SystemService)          Initing ffmpeg!
[2026-07-04 15:05:32.256] [info]  (ReportService)          Initing performance samples!
[2026-07-04 15:05:32.275] [info]  (WindowFactory)          Player window created!
[2026-07-04 15:05:32.283] [info]  (WindowEvents)           Startup timeline:  {"appReadyTime":null,"splashReadyTime":null,"decryptedTime":null,"bootstrapTime":null,"runCodeTime":null,"runCodeEndTime":null,"mainWindowReady":null}
[2026-07-04 15:05:32.291] [info]  (DownloadService)        Clear check download timer.
[2026-07-04 15:05:32.310] [info]  (DownloadService)        Check auto start download:  true
[2026-07-04 15:05:32.428] [info]  (AuthService)            Login status:  true
[2026-07-04 15:05:32.466] [info]  (AuthService)            Init system-fp success!
[2026-07-04 15:05:32.544] [info]  (AuthService)            Refresh BiliConf.
[2026-07-04 15:05:33.107] [info]  (AuthService)            Updating cookies!
[2026-07-04 15:05:33.128] [info]  (AuthService)            Confirm refesh bili.
[2026-07-04 15:05:33.290] [info]  (WindowController)       Search page ready!
[2026-07-04 15:05:33.477] [info]  (WindowController)       Player window ready!
[2026-07-04 15:05:33.596] [info]  (AuthService)            Updating cookies!
[2026-07-04 15:05:33.635] [info]  (AuthService)            Updating cookies!
[2026-07-04 15:05:34.023] [info]  (AuthService)            Updating cookies!
[2026-07-04 15:05:34.093] [info]  (AuthService)            Updating cookies!
[2026-07-04 15:05:34.257] [info]  (AuthService)            Updating cookies!
[2026-07-04 15:05:34.286] [info]  (AuthService)            Updating cookies!
[2026-07-04 15:05:38.604] [info]  (UpdateService)          Fetch patch success!
[2026-07-04 15:05:38.628] [error] (UpdateService)          download petch(1.17.9,25026105) error: Error: ENOENT: no such file or directory, open '/home/shorin/.config/bilibili/resource/update.zip'
    at Object.openSync (node:fs:561:18)
    at Object.func [as openSync] (node:electron/js2c/node_init:2:2630)
    at writeFileSync (node:fs:2428:35)
    at O.handleFetchPatch (/nix/store/aykd97ma3npvhqp7zf7lgyrfhjybb1zh-bilibili-1.17.6-2/opt/app.asar/main/app.js:1:460061)
    at process.processTicksAndRejections (node:internal/process/task_queues:104:5)
[2026-07-04 15:05:41.633] [info]  (RenderProcess)          Activate page: SearchPage
[2026-07-04 15:05:46.059] [info]  (WindowController)       Open player window: {"type":"ugc","bvid":"BV1NSC5BtEem","fromSpmid":"main.search-result.0.0.pv","trackId":"7125790010870258972"}
[2026-07-04 15:05:46.421] [info]  (WindowEvents)           Focus on mainWindow!
[2026-07-04 15:05:47.039] [info]  (WindowEvents)           Focus on playerWindow!
[2026-07-04 15:05:47.683] [info]  (WindowEvents)           Focus on mainWindow!
[2026-07-04 15:05:48.160] [info]  (WindowEvents)           Focus on playerWindow!
[2026-07-04 15:05:48.498] [info]  (WindowEvents)           Focus on mainWindow!
[2026-07-04 15:05:48.700] [info]  (WindowEvents)           Focus on playerWindow!
[2026-07-04 15:05:48.805] [info]  (WindowEvents)           Focus on mainWindow!
[2026-07-04 15:05:48.888] [info]  (WindowEvents)           Focus on playerWindow!
[2026-07-04 15:05:49.318] [info]  (WindowEvents)           Focus on mainWindow!
[2026-07-04 15:05:49.380] [info]  (WindowEvents)           Focus on playerWindow!
[2026-07-04 15:05:49.547] [info]  (WindowEvents)           Focus on mainWindow!
[2026-07-04 15:05:49.631] [info]  (WindowEvents)           Focus on playerWindow!
[2026-07-04 15:05:49.728] [info]  (WindowEvents)           Focus on mainWindow!
[2026-07-04 15:05:50.027] [info]  (WindowEvents)           Focus on playerWindow!
[2026-07-04 15:05:50.155] [info]  (WindowEvents)           Focus on mainWindow!
[2026-07-04 15:05:50.502] [info]  (WindowEvents)           Focus on playerWindow!
[2026-07-04 15:05:50.610] [info]  (WindowEvents)           Focus on mainWindow!
[2026-07-04 15:05:50.806] [info]  (WindowEvents)           Focus on playerWindow!
[2026-07-04 15:05:51.549] [info]  (WindowEvents)           Focus on mainWindow!
[2026-07-04 15:05:51.877] [info]  (WindowEvents)           Focus on playerWindow!
[2026-07-04 15:05:57.299] [info]  (WindowEvents)           Focus on mainWindow!
[2026-07-04 15:06:00.829] [info]  (WindowEvents)           Focus on playerWindow!
[2026-07-04 15:06:01.965] [info]  (WindowEvents)           Focus on mainWindow!
[2026-07-04 15:06:02.521] [info]  (WindowEvents)           Focus on playerWindow!
[2026-07-04 15:06:03.390] [info]  (WindowEvents)           Start close window:  playerWindow
[2026-07-04 15:06:03.431] [info]  (WindowEvents)           Start close window:  playerWindow
[2026-07-04 15:06:03.432] [info]  (WindowEvents)           Player window closed!
[2026-07-04 15:06:03.444] [info]  (WindowEvents)           Focus on mainWindow!
[2026-07-04 15:06:08.662] [info]  (WindowEvents)           App deactivated!
[2026-07-04 15:06:09.351] [info]  (WindowEvents)           Focus on mainWindow!
[2026-07-04 15:06:09.566] [info]  (WindowEvents)           App activated!
[2026-07-04 15:06:09.895] [info]  (WindowEvents)           App deactivated!
[2026-07-04 15:06:13.483] [info]  (WindowEvents)           Focus on mainWindow!
[2026-07-04 15:06:13.699] [info]  (WindowEvents)           App activated!
[2026-07-04 15:06:16.006] [info]  (WindowController)       Open main window page:  {
  page: 'SpacePage',
  meta: { mid: 34842921, fromOuterSpmId: 'main.search-result.0.0.pv' }
}
[2026-07-04 15:06:16.252] [info]  (RenderProcess)          Activate page: SpaceDynamic
[2026-07-04 15:06:19.501] [info]  (RenderProcess)          Activate page: SpaceVideo
[2026-07-04 15:06:53.016] [info]  (WindowController)       Open player window: {"type":"ugc","bvid":"BV1rF2mBDEJe","fromSpmid":"main.space-seasons-series.0.0.pv","mediaList":null}
[2026-07-04 15:06:53.052] [info]  (WindowEvents)           Focus on playerWindow!
[2026-07-04 15:06:56.032] [info]  (WindowEvents)           App deactivated!
[2026-07-04 15:07:07.537] [info]  (WindowEvents)           Focus on playerWindow!
[2026-07-04 15:07:07.757] [info]  (WindowEvents)           App activated!
[2026-07-04 15:07:09.281] [info]  (WindowEvents)           Start close window:  playerWindow
[2026-07-04 15:07:09.325] [info]  (WindowEvents)           Start close window:  playerWindow
[2026-07-04 15:07:09.325] [info]  (WindowEvents)           Player window closed!
[2026-07-04 15:07:09.339] [info]  (WindowEvents)           Focus on mainWindow!
[2026-07-04 15:07:11.790] [info]  (RenderProcess)          Activate page: SpaceVideo
[2026-07-04 15:07:14.089] [info]  (RenderProcess)          Activate page: HomeRecommends
[2026-07-04 15:07:17.742] [info]  (RenderProcess)          Activate page: SearchPage
[2026-07-04 15:07:22.394] [info]  (WindowEvents)           App deactivated!
[2026-07-04 15:07:22.903] [info]  (WindowEvents)           Focus on mainWindow!
[2026-07-04 15:07:23.125] [info]  (WindowEvents)           App activated!
[2026-07-04 15:07:27.173] [info]  (WindowController)       Open player window: {"type":"ugc","bvid":"BV1qLksBqE3G","fromSpmid":"main.search-result.0.0.pv","trackId":"4875760970080276098"}
[2026-07-04 15:07:27.223] [info]  (WindowEvents)           Focus on playerWindow!
[2026-07-04 15:07:30.941] [info]  (WindowEvents)           Focus on playerWindow!
[2026-07-04 15:07:32.149] [info]  (WindowEvents)           App deactivated!
[2026-07-04 15:07:40.629] [info]  (WindowEvents)           Focus on playerWindow!
[2026-07-04 15:07:40.848] [info]  (WindowEvents)           App activated!
[2026-07-04 15:07:55.272] [info]  (WindowEvents)           Focus on mainWindow!
[2026-07-04 15:07:55.274] [info]  (WindowEvents)           Focus on playerWindow!
[2026-07-04 15:07:56.840] [info]  (WindowEvents)           Focus on playerWindow!
[2026-07-04 15:07:57.504] [info]  (WindowEvents)           Focus on mainWindow!
[2026-07-04 15:07:57.506] [info]  (WindowEvents)           Focus on playerWindow!
[2026-07-04 15:07:58.274] [info]  (WindowEvents)           App deactivated!
[2026-07-04 15:07:58.738] [info]  (WindowEvents)           Focus on playerWindow!
[2026-07-04 15:07:58.961] [info]  (WindowEvents)           App activated!
[2026-07-04 15:08:00.808] [info]  (WindowEvents)           App deactivated!
[2026-07-04 15:08:01.444] [info]  (WindowEvents)           Focus on playerWindow!
[2026-07-04 15:08:01.651] [info]  (WindowEvents)           App activated!
[2026-07-04 15:08:04.211] [info]  (WindowEvents)           App deactivated!
[2026-07-04 15:08:05.202] [info]  (WindowEvents)           Focus on playerWindow!
[2026-07-04 15:08:05.448] [info]  (WindowEvents)           App activated!
[2026-07-04 15:08:08.327] [info]  (WindowEvents)           App deactivated!
[2026-07-04 15:08:29.818] [info]  (WindowEvents)           Focus on playerWindow!
[2026-07-04 15:08:30.031] [info]  (WindowEvents)           App activated!
[2026-07-04 15:08:32.966] [info]  (WindowEvents)           App deactivated!
[2026-07-04 15:08:33.606] [info]  (WindowEvents)           Focus on playerWindow!
[2026-07-04 15:08:33.824] [info]  (WindowEvents)           App activated!
[2026-07-04 15:08:34.099] [info]  (WindowEvents)           App deactivated!
[2026-07-04 15:08:35.149] [info]  (WindowEvents)           Focus on playerWindow!
[2026-07-04 15:08:35.362] [info]  (WindowEvents)           App activated!
[2026-07-04 15:08:45.748] [info]  (WindowEvents)           App deactivated!
[2026-07-04 15:09:48.183] [info]  (WindowEvents)           Focus on playerWindow!
[2026-07-04 15:09:48.401] [info]  (WindowEvents)           App activated!
[2026-07-04 15:09:52.402] [info]  (WindowEvents)           App deactivated!
[2026-07-04 15:11:14.908] [info]  (WindowEvents)           Focus on playerWindow!
[2026-07-04 15:11:15.123] [info]  (WindowEvents)           App activated!
[2026-07-04 15:11:16.914] [info]  (WindowEvents)           App deactivated!
[2026-07-04 15:11:23.288] [info]  (WindowEvents)           Focus on playerWindow!
[2026-07-04 15:11:23.508] [info]  (WindowEvents)           App activated!
[2026-07-04 15:11:44.785] [info]  (WindowEvents)           App deactivated!
[2026-07-04 15:12:48.402] [info]  (WindowEvents)           Focus on playerWindow!
[2026-07-04 15:12:48.615] [info]  (WindowEvents)           App activated!
[2026-07-04 15:15:25.748] [info]  (WindowEvents)           App deactivated!
[2026-07-04 15:15:27.614] [info]  (WindowEvents)           Focus on playerWindow!
[2026-07-04 15:15:27.828] [info]  (WindowEvents)           App activated!
[2026-07-04 15:15:50.670] [info]  (WindowEvents)           App deactivated!
[2026-07-04 15:15:53.334] [info]  (WindowEvents)           Focus on playerWindow!
[2026-07-04 15:15:53.551] [info]  (WindowEvents)           App activated!
[2026-07-04 15:20:30.526] [info]  (SystemService)          Fetch appConfig success!
[2026-07-04 15:20:35.618] [info]  (WindowEvents)           App deactivated!
[2026-07-04 15:20:53.797] [info]  (WindowEvents)           Focus on playerWindow!
[2026-07-04 15:20:54.015] [info]  (WindowEvents)           App activated!
[2026-07-04 15:20:54.232] [info]  (WindowEvents)           App deactivated!
[2026-07-04 15:21:08.069] [info]  (WindowEvents)           Focus on playerWindow!
[2026-07-04 15:21:08.284] [info]  (WindowEvents)           App activated!
[2026-07-04 15:21:08.545] [info]  (WindowEvents)           App deactivated!
[2026-07-04 15:21:19.855] [info]  (WindowEvents)           Focus on playerWindow!
[2026-07-04 15:21:20.068] [info]  (WindowEvents)           App activated!
[2026-07-04 15:21:20.286] [info]  (WindowEvents)           App deactivated!
[2026-07-04 15:21:33.851] [info]  (WindowEvents)           Focus on playerWindow!
[2026-07-04 15:21:34.065] [info]  (WindowEvents)           App activated!
[2026-07-04 15:21:34.357] [info]  (WindowEvents)           App deactivated!
[2026-07-04 15:22:42.972] [info]  (WindowEvents)           Focus on playerWindow!
[2026-07-04 15:22:43.188] [info]  (WindowEvents)           App activated!
[2026-07-04 15:22:44.494] [info]  (WindowEvents)           Focus on playerWindow!
[2026-07-04 15:22:45.875] [info]  (WindowEvents)           Focus on mainWindow!
[2026-07-04 15:22:46.327] [info]  (WindowEvents)           App deactivated!
[2026-07-04 15:22:46.541] [info]  (WindowEvents)           Focus on mainWindow!
[2026-07-04 15:22:46.763] [info]  (WindowEvents)           App activated!
[2026-07-04 15:22:48.984] [info]  (WindowEvents)           App deactivated!
[2026-07-04 15:22:49.788] [info]  (WindowEvents)           Focus on playerWindow!
[2026-07-04 15:22:50.000] [info]  (WindowEvents)           App activated!
[2026-07-04 15:22:51.462] [info]  (WindowEvents)           App deactivated!
[2026-07-04 15:23:09.740] [info]  (WindowEvents)           Focus on playerWindow!
[2026-07-04 15:23:09.960] [info]  (WindowEvents)           App activated!
[2026-07-04 15:23:20.365] [info]  (WindowEvents)           App deactivated!
[2026-07-04 15:24:40.973] [info]  (WindowEvents)           Focus on playerWindow!
[2026-07-04 15:24:41.186] [info]  (WindowEvents)           App activated!
[2026-07-04 15:28:15.548] [info]  (WindowEvents)           Start close window:  playerWindow
[2026-07-04 15:28:17.242] [info]  (WindowEvents)           Start close window:  playerWindow
[2026-07-04 15:28:17.863] [info]  (WindowEvents)           Start close window:  playerWindow
[2026-07-04 15:28:18.197] [info]  (WindowEvents)           Start close window:  playerWindow
[2026-07-04 15:28:20.228] [info]  (WindowEvents)           Start close window:  playerWindow
[2026-07-04 15:28:21.881] [info]  (WindowEvents)           Focus on mainWindow!
[2026-07-04 15:28:22.732] [info]  (WindowEvents)           Focus on playerWindow!
[2026-07-04 15:28:23.223] [info]  (WindowEvents)           Start close window:  playerWindow
[2026-07-04 15:28:23.590] [info]  (WindowEvents)           Start close window:  playerWindow
[2026-07-04 15:28:23.750] [info]  (WindowEvents)           Focus on mainWindow!
[2026-07-04 15:28:24.420] [info]  (WindowEvents)           Start close window:  mainWindow
[2026-07-04 15:28:24.421] [info]  (WindowEvents)           Main window closed!
[2026-07-04 15:28:24.637] [info]  (WindowEvents)           App deactivated!
[2026-07-04 15:28:24.936] [info]  (WindowEvents)           Focus on playerWindow!
[2026-07-04 15:28:25.149] [info]  (WindowEvents)           App activated!
[2026-07-04 15:28:26.158] [info]  (WindowEvents)           Start close window:  playerWindow
[2026-07-04 15:28:26.344] [info]  (WindowEvents)           Start close window:  playerWindow
[2026-07-04 15:28:27.824] [info]  (WindowEvents)           App deactivated!
[2026-07-04 15:28:27.849] [info]  (WindowEvents)           Start close window:  playerWindow
[2026-07-04 15:28:27.850] [info]  (WindowEvents)           Player window closed!
[2026-07-04 15:28:27.869] [info]  (WindowEvents)           Start close window:  playerWindow
[2026-07-04 15:28:27.869] [info]  (WindowEvents)           Player window closed!
[2026-07-04 15:28:27.884] [info]  (WindowEvents)           Start close window:  playerWindow
[2026-07-04 15:28:27.884] [info]  (WindowEvents)           Player window closed!
[2026-07-04 15:28:27.897] [info]  (WindowEvents)           Start close window:  playerWindow
[2026-07-04 15:28:27.897] [info]  (WindowEvents)           Player window closed!
[2026-07-04 15:28:27.910] [info]  (WindowEvents)           Start close window:  playerWindow
[2026-07-04 15:28:27.910] [info]  (WindowEvents)           Player window closed!
[2026-07-04 15:28:27.922] [info]  (WindowEvents)           Start close window:  playerWindow
[2026-07-04 15:28:27.922] [info]  (WindowEvents)           Player window closed!
[2026-07-04 15:28:27.935] [info]  (WindowEvents)           Start close window:  playerWindow
[2026-07-04 15:28:27.935] [info]  (WindowEvents)           Player window closed!
[2026-07-04 15:28:27.947] [info]  (WindowEvents)           Start close window:  playerWindow
[2026-07-04 15:28:27.947] [info]  (WindowEvents)           Player window closed!
[2026-07-04 15:28:27.959] [info]  (WindowEvents)           Start close window:  playerWindow
[2026-07-04 15:28:27.960] [info]  (WindowEvents)           Player window closed!
[2026-07-04 15:29:07.138] [error] (AppEvents)              App child-process-gone, reason: {
  type: 'Utility',
  reason: 'killed',
  name: 'Network Service',
  serviceName: 'network.mojom.NetworkService',
  exitCode: 15
}
[2026-07-04 16:26:10.844] [info]  (AppService)           Main running...
[2026-07-04 16:26:15.596] [info]  (SystemService)        [App info]:
 {
  version: '1.17.6',
  installVersion: '1.17.6',
  electron: '41.7.2',
  node: '24.15.0',
  chromium: '146.0.7680.216',
  buildCode: '10010170062603261238',
  buildId: '1285965',
  buildJobId: '23743424',
  chid: 'official'
}
[2026-07-04 16:26:15.598] [info]  (SystemService)        [System info]:
 {
  osArch: 'x64',
  processArch: 'x64',
  platform: 'linux',
  osType: 'Linux',
  osRelease: '7.1.0',
  osVersoin: '#1-NixOS SMP PREEMPT_DYNAMIC Sun Jun 14 14:58:38 UTC 2026',
  endianness: 'LE',
  hostName: 'nixos',
  totalMemory: 24905629696,
  sysVersion: '10.0.26100.2605'
}
[2026-07-04 16:26:15.612] [info]  (SystemService)        [User info] { isLogin: true, mid: 3632306304583906, uname: 'void博博' }
[2026-07-04 16:26:15.613] [info]  (SystemService)        Initing app configs!
[2026-07-04 16:26:15.711] [info]  (SystemService)        Load inject code config.
[2026-07-04 16:26:15.717] [info]  (PlayerService)        Initing player exp.
[2026-07-04 16:26:15.718] [info]  (PlayerService)        Load player config.
[2026-07-04 16:26:15.731] [info]  (FfAbTestService)      Parse FF tree.
[2026-07-04 16:26:15.755] [info]  (NotificationService)  Notification:  true
[2026-07-04 16:26:15.755] [info]  (FfAbTestService)      FF: {"sidebar_game_entry":false,"sidebar_upload_hide_r":false,"sidebar_upload_toweb":false,"sidebar_upload_toappbrowser":true,"sidebar_selected_hide2_r":false,"enable_system_notification":true,"is_ugc_season_tab":true,"show_local_video_setting_r":true,"show_search_ad":true}
[2026-07-04 16:26:15.786] [info]  (AuthService)          Updating cookies!
[2026-07-04 16:26:15.794] [info]  (AuthService)          init buivd 43E3083959E5485BFFEE24C02606051331gCXK2AM+nB06Gla5fbTw
[2026-07-04 16:26:15.797] [info]  (AuthService)          buvidmark 1
[2026-07-04 16:26:15.805] [info]  (ReportService)        Initing log-report!
[2026-07-04 16:26:15.806] [info]  (FfAbTestService)      Fetch FF info.
[2026-07-04 16:26:15.810] [info]  (FfAbTestService)      Parse FF tree.
[2026-07-04 16:26:15.832] [info]  (FfAbTestService)      FF: {"sidebar_game_entry":false,"sidebar_upload_hide_r":false,"sidebar_upload_toweb":false,"sidebar_upload_toappbrowser":true,"sidebar_selected_hide2_r":false,"enable_system_notification":true,"is_ugc_season_tab":true,"show_local_video_setting_r":true,"show_search_ad":true}
[2026-07-04 16:26:15.887] [info]  (AppService)             Help server ready! 
[2026-07-04 16:26:15.887] [info]  (AuthService)            Updating cookies!
[2026-07-04 16:26:15.891] [info]  (AppService)             Creating windows!
[2026-07-04 16:26:16.012] [info]  (WindowFactory)          Main window created!
[2026-07-04 16:26:16.024] [info]  (TrayMenuService)        Creating app tray.
[2026-07-04 16:26:16.026] [info]  (TrayMenuService)        Creating app menu.
[2026-07-04 16:26:16.217] [info]  (ReportService)          Init log-report success!
[2026-07-04 16:26:16.235] [info]  (SystemService)          NativeTheme updated, shouldUseDarkColors: false
[2026-07-04 16:26:16.301] [info]  (AuthService)            Updating cookies!
[2026-07-04 16:26:16.428] [info]  (SystemService)          NativeTheme updated, shouldUseDarkColors: true
[2026-07-04 16:26:16.431] [info]  (SystemService)          NativeTheme updated, shouldUseDarkColors: true
[2026-07-04 16:26:16.968] [debug] (WindowService)          Splash window ready!
[2026-07-04 16:26:17.188] [info]  (AuthController)         set gaia fingerprint webgl
[2026-07-04 16:26:17.717] [info]  (RenderProcess)          Activate page: HomeRecommends
[2026-07-04 16:26:17.808] [info]  (WindowService)          Main window ready!
[2026-07-04 16:26:17.809] [info]  (DownloadService)        Init DownloadURL Events
[2026-07-04 16:26:17.833] [info]  (AuthService)            Checking refresh BiliConf.
[2026-07-04 16:26:17.855] [info]  (AuthService)            Judge login status!
[2026-07-04 16:26:17.890] [warn]  (UpdateService)          APPIMAGE env is not defined, current application is not an AppImage
[2026-07-04 16:26:17.897] [info]  (AuthService)            System-fp ready!
[2026-07-04 16:26:17.936] [info]  (WindowEvents)           Register boss shortcut: Ctrl+Shift+C
[2026-07-04 16:26:17.936] [info]  (WindowEvents)           Is boss shortcut registered: true
[2026-07-04 16:26:17.936] [info]  (NotificationService)    Notification mainWindowReady
[2026-07-04 16:26:17.936] [info]  (DownloadService)        Init bili-download!
[2026-07-04 16:26:17.943] [info]  (DownloadService)        Download path: /home/shorin/视频/bilibili
[2026-07-04 16:26:17.958] [info]  (GameService)            Local game list: []
[2026-07-04 16:26:17.959] [info]  (SystemService)          Initing ffmpeg!
[2026-07-04 16:26:17.963] [info]  (ReportService)          Initing performance samples!
[2026-07-04 16:26:17.987] [info]  (WindowFactory)          Player window created!
[2026-07-04 16:26:17.991] [info]  (WindowEvents)           Startup timeline:  {"appReadyTime":null,"splashReadyTime":null,"decryptedTime":null,"bootstrapTime":null,"runCodeTime":null,"runCodeEndTime":null,"mainWindowReady":null}
[2026-07-04 16:26:17.995] [info]  (DownloadService)        Clear check download timer.
[2026-07-04 16:26:18.010] [info]  (DownloadService)        Check auto start download:  true
[2026-07-04 16:26:18.346] [info]  (WindowController)       Search page ready!
[2026-07-04 16:26:18.876] [info]  (WindowController)       Player window ready!
[2026-07-04 16:26:21.906] [info]  (WindowEvents)           App activated!
[2026-07-04 16:26:30.532] [info]  (WindowEvents)           Start close window:  mainWindow
[2026-07-04 16:26:30.580] [info]  (WindowEvents)           Start close window:  mainWindow
[2026-07-04 16:26:30.581] [info]  (WindowEvents)           Main window closed!
[2026-07-04 16:26:30.802] [info]  (WindowEvents)           App deactivated!
[2026-07-04 16:26:40.737] [error] (SystemService)          Fetch appConfig error! FetchError: request to https://api.bilibili.com/x/elec-frontend/config/appconfig failed, reason: getaddrinfo EAI_AGAIN api.bilibili.com
    at ClientRequest.<anonymous> (/nix/store/aykd97ma3npvhqp7zf7lgyrfhjybb1zh-bilibili-1.17.6-2/opt/app.asar/node_modules/node-fetch/lib/index.js:1501:11)
    at ClientRequest.emit (node:events:509:28)
    at emitErrorEvent (node:_http_client:109:11)
    at TLSSocket.socketErrorListener (node:_http_client:593:5)
    at TLSSocket.emit (node:events:509:28)
    at emitErrorNT (node:internal/streams/destroy:170:8)
    at emitErrorCloseNT (node:internal/streams/destroy:129:3)
    at process.processTicksAndRejections (node:internal/process/task_queues:90:21)
[2026-07-04 16:26:40.742] [error] (SystemService)          Load inject code error: FetchError: request to https://api.bilibili.com/x/elec-frontend/config/injectcode failed, reason: getaddrinfo EAI_AGAIN api.bilibili.com
    at ClientRequest.<anonymous> (/nix/store/aykd97ma3npvhqp7zf7lgyrfhjybb1zh-bilibili-1.17.6-2/opt/app.asar/node_modules/node-fetch/lib/index.js:1501:11)
    at ClientRequest.emit (node:events:509:28)
    at emitErrorEvent (node:_http_client:109:11)
    at TLSSocket.socketErrorListener (node:_http_client:593:5)
    at TLSSocket.emit (node:events:509:28)
    at emitErrorNT (node:internal/streams/destroy:170:8)
    at emitErrorCloseNT (node:internal/streams/destroy:129:3)
    at process.processTicksAndRejections (node:internal/process/task_queues:90:21)
[2026-07-04 16:27:00.755] [error] (PlayerService)          Load player config error: FetchError: request to https://api.bilibili.com/x/elec-frontend/config/playerconfig failed, reason: getaddrinfo EAI_AGAIN api.bilibili.com
    at ClientRequest.<anonymous> (/nix/store/aykd97ma3npvhqp7zf7lgyrfhjybb1zh-bilibili-1.17.6-2/opt/app.asar/node_modules/node-fetch/lib/index.js:1501:11)
    at ClientRequest.emit (node:events:509:28)
    at emitErrorEvent (node:_http_client:109:11)
    at TLSSocket.socketErrorListener (node:_http_client:593:5)
    at TLSSocket.emit (node:events:509:28)
    at emitErrorNT (node:internal/streams/destroy:170:8)
    at emitErrorCloseNT (node:internal/streams/destroy:129:3)
    at process.processTicksAndRejections (node:internal/process/task_queues:90:21)
[2026-07-04 16:27:00.763] [error] (FfAbTestService)        Fetch FF error: FetchError: request to https://api.bilibili.com/x/polymer/pc-electron/ff-version failed, reason: getaddrinfo EAI_AGAIN api.bilibili.com
    at ClientRequest.<anonymous> (/nix/store/aykd97ma3npvhqp7zf7lgyrfhjybb1zh-bilibili-1.17.6-2/opt/app.asar/node_modules/node-fetch/lib/index.js:1501:11)
    at ClientRequest.emit (node:events:509:28)
    at emitErrorEvent (node:_http_client:109:11)
    at TLSSocket.socketErrorListener (node:_http_client:593:5)
    at TLSSocket.emit (node:events:509:28)
    at emitErrorNT (node:internal/streams/destroy:170:8)
    at emitErrorCloseNT (node:internal/streams/destroy:129:3)
    at process.processTicksAndRejections (node:internal/process/task_queues:90:21)
[2026-07-04 16:27:02.689] [error] (WindowEvents)           Window failed to load: ERR_NAME_NOT_RESOLVED (Error code: -105, url: https://www.bilibili.com/blackboard/fe/activity-qpCzT2eJZD.html))
[2026-07-04 16:27:40.794] [error] (AuthService)            Checking refresh BiliConf error!
[2026-07-04 16:27:40.888] [error] (AuthService)            Judge login error! FetchError: request to https://api.bilibili.com/x/web-interface/nav failed, reason: getaddrinfo EAI_AGAIN api.bilibili.com
    at ClientRequest.<anonymous> (/nix/store/aykd97ma3npvhqp7zf7lgyrfhjybb1zh-bilibili-1.17.6-2/opt/app.asar/node_modules/node-fetch/lib/index.js:1501:11)
    at ClientRequest.emit (node:events:509:28)
    at emitErrorEvent (node:_http_client:109:11)
    at TLSSocket.socketErrorListener (node:_http_client:593:5)
    at TLSSocket.emit (node:events:509:28)
    at emitErrorNT (node:internal/streams/destroy:170:8)
    at emitErrorCloseNT (node:internal/streams/destroy:129:3)
    at process.processTicksAndRejections (node:internal/process/task_queues:90:21)
[2026-07-12 14:47:02.683] [info]  (AppService)           Main running...
[2026-07-12 14:47:02.785] [info]  (SystemService)        [App info]:
 {
  version: '1.17.6',
  installVersion: '1.17.6',
  electron: '41.7.2',
  node: '24.15.0',
  chromium: '146.0.7680.216',
  buildCode: '10010170062603261238',
  buildId: '1285965',
  buildJobId: '23743424',
  chid: 'official'
}
[2026-07-12 14:47:02.788] [info]  (SystemService)        [System info]:
 {
  osArch: 'x64',
  processArch: 'x64',
  platform: 'linux',
  osType: 'Linux',
  osRelease: '7.1.0',
  osVersoin: '#1-NixOS SMP PREEMPT_DYNAMIC Sun Jun 14 14:58:38 UTC 2026',
  endianness: 'LE',
  hostName: 'nixos',
  totalMemory: 24905637888,
  sysVersion: '10.0.26100.2605'
}
[2026-07-12 14:47:02.799] [info]  (SystemService)        [User info] { isLogin: true, mid: 3632306304583906, uname: 'void博博' }
[2026-07-12 14:47:02.800] [info]  (SystemService)        Initing app configs!
[2026-07-12 14:47:02.878] [info]  (SystemService)        Load inject code config.
[2026-07-12 14:47:02.887] [info]  (PlayerService)        Initing player exp.
[2026-07-12 14:47:02.887] [info]  (PlayerService)        Load player config.
[2026-07-12 14:47:02.904] [info]  (FfAbTestService)      Parse FF tree.
[2026-07-12 14:47:02.932] [info]  (NotificationService)  Notification:  true
[2026-07-12 14:47:02.932] [info]  (FfAbTestService)      FF: {"sidebar_game_entry":false,"sidebar_upload_hide_r":false,"sidebar_upload_toweb":false,"sidebar_upload_toappbrowser":true,"sidebar_selected_hide2_r":false,"enable_system_notification":true,"is_ugc_season_tab":true,"show_local_video_setting_r":true,"show_search_ad":true}
[2026-07-12 14:47:02.965] [info]  (AuthService)          Updating cookies!
[2026-07-12 14:47:02.972] [info]  (AuthService)          init buivd 43E3083959E5485BFFEE24C02606051331gCXK2AM+nB06Gla5fbTw
[2026-07-12 14:47:02.976] [info]  (AuthService)          buvidmark 1
[2026-07-12 14:47:02.984] [info]  (ReportService)        Initing log-report!
[2026-07-12 14:47:02.985] [info]  (FfAbTestService)      Fetch FF info.
[2026-07-12 14:47:02.990] [info]  (FfAbTestService)      Parse FF tree.
[2026-07-12 14:47:03.016] [info]  (FfAbTestService)      FF: {"sidebar_game_entry":false,"sidebar_upload_hide_r":false,"sidebar_upload_toweb":false,"sidebar_upload_toappbrowser":true,"sidebar_selected_hide2_r":false,"enable_system_notification":true,"is_ugc_season_tab":true,"show_local_video_setting_r":true,"show_search_ad":true}
[2026-07-12 14:47:03.079] [info]  (AppService)             Help server ready! 
[2026-07-12 14:47:03.080] [info]  (AuthService)            Updating cookies!
[2026-07-12 14:47:03.087] [info]  (AppService)             Creating windows!
[2026-07-12 14:47:03.213] [info]  (WindowFactory)          Main window created!
[2026-07-12 14:47:03.229] [info]  (TrayMenuService)        Creating app tray.
[2026-07-12 14:47:03.231] [info]  (TrayMenuService)        Creating app menu.
[2026-07-12 14:47:03.389] [info]  (ReportService)          Init log-report success!
[2026-07-12 14:47:03.427] [info]  (SystemService)          NativeTheme updated, shouldUseDarkColors: false
[2026-07-12 14:47:03.495] [info]  (AuthService)            Updating cookies!
[2026-07-12 14:47:03.548] [info]  (AuthService)            Updating cookies!
[2026-07-12 14:47:03.662] [info]  (PlayerService)          Init player versions.
[2026-07-12 14:47:03.665] [info]  (SystemService)          Fetch appConfig success!
[2026-07-12 14:47:03.674] [info]  (FfAbTestService)        FF env, s-c prod
[2026-07-12 14:47:03.682] [info]  (FfAbTestService)        FF versions, l-r: 41375
[2026-07-12 14:47:03.689] [info]  (SystemService)          NativeTheme updated, shouldUseDarkColors: true
[2026-07-12 14:47:04.167] [info]  (AuthService)            Updating cookies!
[2026-07-12 14:47:04.400] [debug] (WindowService)          Splash window ready!
[2026-07-12 14:47:04.674] [info]  (AuthController)         set gaia fingerprint webgl
[2026-07-12 14:47:04.760] [info]  (WindowEvents)           App activated!
[2026-07-12 14:47:05.244] [info]  (RenderProcess)          Activate page: HomeRecommends
[2026-07-12 14:47:05.346] [info]  (WindowService)          Main window ready!
[2026-07-12 14:47:05.347] [info]  (DownloadService)        Init DownloadURL Events
[2026-07-12 14:47:05.368] [info]  (AuthService)            Checking refresh BiliConf.
[2026-07-12 14:47:05.381] [info]  (AuthService)            Judge login status!
[2026-07-12 14:47:05.402] [warn]  (UpdateService)          APPIMAGE env is not defined, current application is not an AppImage
[2026-07-12 14:47:05.402] [info]  (UpdateService)          Patch info: [{"v":"1.17.9","on":true,"s":"04c6fb8672","b":"0~999","bc":1000,"sv":"1.9.0","ev":"1.17.9","fix":0},{"v":"1.17.8","on":true,"s":"04c6fb8672","b":"0~999","bc":1000,"sv":"1.9.0","ev":"1.17.7","fix":0},{"v":"1.17.6","on":true,"s":"04c6fb8672","b":"0~999","bc":1000,"sv":"1.9.0","ev":"1.17.6","fix":0}]
[2026-07-12 14:47:05.410] [info]  (UpdateService)          Patch bucket: 816
[2026-07-12 14:47:05.410] [info]  (UpdateService)          Increment update bucket hit.
[2026-07-12 14:47:05.410] [info]  (UpdateService)          Fetch patch: 1.17.9 25026105
[2026-07-12 14:47:05.424] [info]  (AuthService)            Init system-fp!
[2026-07-12 14:47:05.458] [info]  (WindowEvents)           Register boss shortcut: Ctrl+Shift+C
[2026-07-12 14:47:05.459] [info]  (WindowEvents)           Is boss shortcut registered: true
[2026-07-12 14:47:05.459] [info]  (NotificationService)    Notification mainWindowReady
[2026-07-12 14:47:05.460] [info]  (DownloadService)        Init bili-download!
[2026-07-12 14:47:05.475] [info]  (DownloadService)        Download path: /home/shorin/视频/bilibili
[2026-07-12 14:47:05.501] [info]  (GameService)            Local game list: []
[2026-07-12 14:47:05.501] [info]  (SystemService)          Initing ffmpeg!
[2026-07-12 14:47:05.508] [info]  (ReportService)          Initing performance samples!
[2026-07-12 14:47:05.523] [info]  (WindowFactory)          Player window created!
[2026-07-12 14:47:05.540] [info]  (WindowEvents)           Startup timeline:  {"appReadyTime":null,"splashReadyTime":null,"decryptedTime":null,"bootstrapTime":null,"runCodeTime":null,"runCodeEndTime":null,"mainWindowReady":null}
[2026-07-12 14:47:05.545] [info]  (DownloadService)        Clear check download timer.
[2026-07-12 14:47:05.561] [info]  (DownloadService)        Check auto start download:  true
[2026-07-12 14:47:05.715] [info]  (AuthService)            Init system-fp success!
[2026-07-12 14:47:05.839] [info]  (AuthService)            Login status:  true
[2026-07-12 14:47:05.901] [info]  (AuthService)            Refresh BiliConf.
[2026-07-12 14:47:06.432] [info]  (AuthService)            Updating cookies!
[2026-07-12 14:47:06.439] [info]  (AuthService)            Confirm refesh bili.
[2026-07-12 14:47:06.865] [info]  (WindowController)       Search page ready!
[2026-07-12 14:47:06.869] [info]  (WindowController)       Player window ready!
[2026-07-12 14:47:07.133] [info]  (AuthService)            Updating cookies!
[2026-07-12 14:47:07.186] [info]  (AuthService)            Updating cookies!
[2026-07-12 14:47:07.281] [info]  (AuthService)            Updating cookies!
[2026-07-12 14:47:07.353] [info]  (AuthService)            Updating cookies!
[2026-07-12 14:47:19.427] [info]  (UpdateService)          Fetch patch success!
[2026-07-12 14:47:19.439] [error] (UpdateService)          download petch(1.17.9,25026105) error: Error: ENOENT: no such file or directory, open '/home/shorin/.config/bilibili/resource/update.zip'
    at Object.openSync (node:fs:561:18)
    at Object.func [as openSync] (node:electron/js2c/node_init:2:2630)
    at writeFileSync (node:fs:2428:35)
    at O.handleFetchPatch (/nix/store/aykd97ma3npvhqp7zf7lgyrfhjybb1zh-bilibili-1.17.6-2/opt/app.asar/main/app.js:1:460061)
    at process.processTicksAndRejections (node:internal/process/task_queues:104:5)
[2026-07-12 14:47:22.377] [info]  (WindowController)       Open player window: {"type":"ugc","bvid":"BV1saMw6BEak","fromSpmid":"main.home-page-recommend.tianma.3-5-15.0","mediaList":null,"trackId":"web_pegasus_0.router-web-pegasus-2479516-f6fct.1783838825327.90"}
[2026-07-12 14:47:40.015] [info]  (WindowEvents)           App deactivated!
[2026-07-12 14:47:42.545] [info]  (WindowEvents)           Focus on playerWindow!
[2026-07-12 14:47:42.763] [info]  (WindowEvents)           App activated!
[2026-07-12 14:49:53.906] [info]  (WindowEvents)           App deactivated!
[2026-07-12 14:49:55.439] [info]  (WindowEvents)           Focus on playerWindow!
[2026-07-12 14:49:55.654] [info]  (WindowEvents)           App activated!
[2026-07-12 14:50:29.201] [info]  (WindowEvents)           App deactivated!
[2026-07-12 14:50:29.992] [info]  (WindowEvents)           Focus on playerWindow!
[2026-07-12 14:50:30.210] [info]  (WindowEvents)           App activated!
[2026-07-12 14:50:48.885] [info]  (WindowEvents)           App deactivated!
[2026-07-12 14:50:50.547] [info]  (WindowEvents)           Focus on playerWindow!
[2026-07-12 14:50:50.765] [info]  (WindowEvents)           App activated!
[2026-07-12 14:51:02.971] [info]  (WindowEvents)           App deactivated!
[2026-07-12 14:51:04.743] [info]  (WindowEvents)           Focus on playerWindow!
[2026-07-12 14:51:04.961] [info]  (WindowEvents)           App activated!
[2026-07-12 14:51:20.447] [info]  (WindowEvents)           Start close window:  playerWindow
[2026-07-12 14:51:20.489] [info]  (WindowEvents)           Start close window:  playerWindow
[2026-07-12 14:51:20.490] [info]  (WindowEvents)           Player window closed!
[2026-07-12 14:51:20.512] [info]  (WindowEvents)           Focus on mainWindow!
[2026-07-12 14:51:23.952] [info]  (WindowController)       Open player window: {"type":"ugc","bvid":"BV192KQ6WEmh","fromSpmid":"main.home-page-recommend.tianma.6-1-26.0","mediaList":null,"trackId":"web_pegasus_0.router-web-pegasus-2479516-f6fct.1783838825327.90"}
[2026-07-12 14:51:23.992] [info]  (WindowEvents)           Focus on playerWindow!
[2026-07-12 14:51:48.342] [info]  (WindowEvents)           App deactivated!
[2026-07-12 14:51:50.881] [info]  (WindowEvents)           Focus on playerWindow!
[2026-07-12 14:51:51.096] [info]  (WindowEvents)           App activated!
[2026-07-12 14:52:05.071] [info]  (WindowEvents)           Start close window:  playerWindow
[2026-07-12 14:52:05.129] [info]  (WindowEvents)           Start close window:  playerWindow
[2026-07-12 14:52:05.130] [info]  (WindowEvents)           Player window closed!
[2026-07-12 14:52:05.174] [info]  (WindowEvents)           Focus on mainWindow!
[2026-07-12 14:52:06.812] [info]  (WindowController)       Open player window: {"type":"ugc","bvid":"BV1qbMc6DEK9","fromSpmid":"main.home-page-recommend.tianma.7-2-32.0","mediaList":null,"trackId":"web_pegasus_0.router-web-pegasus-2479516-f6fct.1783838839566.530"}
[2026-07-12 14:52:06.862] [info]  (WindowEvents)           Focus on playerWindow!
[2026-07-12 14:52:12.572] [info]  (WindowEvents)           Start close window:  playerWindow
[2026-07-12 14:52:12.608] [info]  (WindowEvents)           Start close window:  playerWindow
[2026-07-12 14:52:12.609] [info]  (WindowEvents)           Player window closed!
[2026-07-12 14:52:12.621] [info]  (WindowEvents)           Focus on mainWindow!
[2026-07-12 14:52:13.851] [info]  (WindowController)       Open player window: {"type":"ugc","bvid":"BV1qbMc6DEK9","fromSpmid":"main.home-page-recommend.tianma.7-2-32.0","mediaList":null,"trackId":"web_pegasus_0.router-web-pegasus-2479516-f6fct.1783838839566.530"}
[2026-07-12 14:52:13.888] [info]  (WindowEvents)           Focus on playerWindow!
[2026-07-12 14:52:15.164] [info]  (WindowEvents)           Start close window:  playerWindow
[2026-07-12 14:52:15.218] [info]  (WindowEvents)           Start close window:  playerWindow
[2026-07-12 14:52:15.219] [info]  (WindowEvents)           Player window closed!
[2026-07-12 14:52:15.243] [info]  (WindowEvents)           Focus on mainWindow!
[2026-07-12 14:52:22.708] [info]  (WindowController)       Open player window: {"type":"ugc","bvid":"BV1fpNA6QEkt","fromSpmid":"main.home-page-recommend.tianma.8-2-37.0","mediaList":null,"trackId":"web_pegasus_0.router-web-pegasus-2479516-f6fct.1783838839566.530"}
[2026-07-12 14:52:22.746] [info]  (WindowEvents)           Focus on playerWindow!
[2026-07-12 14:52:26.258] [info]  (WindowEvents)           App deactivated!
[2026-07-12 14:52:26.875] [info]  (WindowEvents)           Focus on playerWindow!
[2026-07-12 14:52:27.092] [info]  (WindowEvents)           App activated!
[2026-07-12 14:53:09.604] [info]  (WindowEvents)           App deactivated!
[2026-07-12 14:53:12.095] [info]  (WindowEvents)           Focus on playerWindow!
[2026-07-12 14:53:12.314] [info]  (WindowEvents)           App activated!
[2026-07-12 14:54:16.928] [info]  (WindowEvents)           Start close window:  playerWindow
[2026-07-12 14:54:18.725] [info]  (WindowEvents)           Start close window:  playerWindow
[2026-07-12 14:54:19.835] [info]  (WindowEvents)           Start close window:  playerWindow
[2026-07-12 14:54:20.615] [info]  (WindowEvents)           Start close window:  playerWindow
[2026-07-12 14:54:20.616] [info]  (WindowEvents)           Player window closed!
[2026-07-12 14:54:20.659] [info]  (WindowEvents)           Start close window:  playerWindow
[2026-07-12 14:54:20.659] [info]  (WindowEvents)           Player window closed!
[2026-07-12 14:54:20.700] [info]  (WindowEvents)           Start close window:  playerWindow
[2026-07-12 14:54:20.700] [info]  (WindowEvents)           Player window closed!
[2026-07-12 14:54:20.745] [info]  (WindowEvents)           Focus on mainWindow!
[2026-07-12 14:54:31.108] [info]  (WindowController)       Open player window: {"type":"ugc","bvid":"BV1xtTj6CEu4","fromSpmid":"main.home-page-recommend.tianma.13-3-63.0","mediaList":null,"trackId":"web_pegasus_0.router-web-pegasus-2479516-sm4rx.1783839262147.847"}
[2026-07-12 14:54:31.147] [info]  (WindowEvents)           Focus on playerWindow!
[2026-07-12 14:54:50.652] [info]  (WindowEvents)           Start close window:  playerWindow
[2026-07-12 14:54:50.702] [info]  (WindowEvents)           Start close window:  playerWindow
[2026-07-12 14:54:50.702] [info]  (WindowEvents)           Player window closed!
[2026-07-12 14:54:50.730] [info]  (WindowEvents)           Focus on mainWindow!
[2026-07-12 14:55:15.064] [info]  (WindowController)       Open player window: {"type":"ugc","bvid":"BV1TJM86nEMr","fromSpmid":"main.home-page-recommend.tianma.16-3-78.0","mediaList":null,"trackId":"web_pegasus_0.router-web-pegasus-2479516-692vf.1783839292130.28"}
[2026-07-12 14:55:15.109] [info]  (WindowEvents)           Focus on playerWindow!
[2026-07-12 14:55:16.471] [info]  (WindowEvents)           App deactivated!
[2026-07-12 14:55:23.410] [info]  (WindowEvents)           Focus on playerWindow!
[2026-07-12 14:55:23.636] [info]  (WindowEvents)           App activated!
[2026-07-12 14:55:24.054] [info]  (WindowEvents)           App deactivated!
[2026-07-12 14:55:24.093] [info]  (WindowEvents)           Focus on playerWindow!
[2026-07-12 14:55:24.313] [info]  (WindowEvents)           App activated!
[2026-07-12 14:57:18.508] [info]  (WindowEvents)           App deactivated!
[2026-07-12 14:57:29.040] [info]  (WindowEvents)           Focus on playerWindow!
[2026-07-12 14:57:29.258] [info]  (WindowEvents)           App activated!
[2026-07-12 14:57:55.885] [info]  (WindowEvents)           App deactivated!
[2026-07-12 14:57:56.417] [info]  (WindowEvents)           Focus on playerWindow!
[2026-07-12 14:57:56.635] [info]  (WindowEvents)           App activated!
[2026-07-12 14:57:56.898] [info]  (WindowEvents)           App deactivated!
[2026-07-12 14:58:00.126] [info]  (WindowEvents)           Focus on playerWindow!
[2026-07-12 14:58:00.333] [info]  (WindowEvents)           App activated!
[2026-07-12 14:58:10.251] [info]  (WindowEvents)           App deactivated!
[2026-07-12 14:58:11.142] [info]  (WindowEvents)           Focus on playerWindow!
[2026-07-12 14:58:11.423] [info]  (WindowEvents)           App activated!
[2026-07-12 14:58:28.655] [info]  (WindowEvents)           App deactivated!
[2026-07-12 15:00:03.429] [info]  (WindowEvents)           Focus on playerWindow!
[2026-07-12 15:00:03.645] [info]  (WindowEvents)           App activated!
[2026-07-12 15:00:05.699] [info]  (WindowEvents)           Start close window:  playerWindow
[2026-07-12 15:00:06.325] [info]  (WindowEvents)           Focus on mainWindow!
[2026-07-12 15:00:06.377] [info]  (WindowEvents)           Focus on playerWindow!
[2026-07-12 15:00:06.740] [info]  (WindowEvents)           Start close window:  playerWindow
[2026-07-12 15:00:06.745] [info]  (WindowEvents)           Player window closed!
[2026-07-12 15:00:06.975] [info]  (WindowEvents)           App deactivated!
[2026-07-12 15:00:07.980] [info]  (WindowEvents)           Focus on mainWindow!
[2026-07-12 15:00:08.192] [info]  (WindowEvents)           App activated!
[2026-07-12 15:00:09.698] [info]  (WindowController)       Open player window: {"type":"ugc","bvid":"BV12uMc6eEuC","fromSpmid":"main.home-page-recommend.tianma.20-4-80.0","mediaList":null,"trackId":"web_pegasus_0.router-web-pegasus-2479516-692vf.1783839292130.28"}
[2026-07-12 15:00:09.918] [info]  (WindowEvents)           Focus on playerWindow!
[2026-07-12 15:00:15.376] [info]  (WindowEvents)           App deactivated!
[2026-07-12 15:00:23.340] [info]  (WindowEvents)           Focus on mainWindow!
[2026-07-12 15:00:23.559] [info]  (WindowEvents)           App activated!
[2026-07-12 15:00:24.363] [info]  (WindowEvents)           Focus on playerWindow!
[2026-07-12 15:01:19.918] [info]  (WindowEvents)           App deactivated!
[2026-07-12 15:01:23.351] [info]  (WindowEvents)           Focus on playerWindow!
[2026-07-12 15:01:23.568] [info]  (WindowEvents)           App activated!
[2026-07-12 15:01:24.675] [info]  (WindowEvents)           Start close window:  playerWindow
[2026-07-12 15:01:24.815] [info]  (WindowEvents)           Start close window:  playerWindow
[2026-07-12 15:01:24.816] [info]  (WindowEvents)           Player window closed!
[2026-07-12 15:01:24.880] [info]  (WindowEvents)           Focus on mainWindow!
[2026-07-12 15:01:28.826] [info]  (RenderProcess)          Activate page: SpaceDynamic
[2026-07-12 15:01:31.089] [info]  (RenderProcess)          Activate page: HomeRecommends
[2026-07-12 15:01:43.282] [info]  (WindowController)       Open player window: {"type":"ugc","bvid":"BV1Dej56PELu","fromSpmid":"main.home-page-recommend.tianma.11-4-54.0","mediaList":null,"trackId":"web_pegasus_0.router-web-pegasus-2479516-sm4rx.1783839693270.183"}
[2026-07-12 15:01:44.754] [info]  (WindowEvents)           Focus on playerWindow!
[2026-07-12 15:02:03.346] [info]  (SystemService)          Fetch appConfig success!
[2026-07-12 15:02:22.080] [info]  (WindowEvents)           App deactivated!
[2026-07-12 15:02:43.735] [info]  (WindowEvents)           Focus on playerWindow!
[2026-07-12 15:02:46.392] [info]  (WindowEvents)           Focus on playerWindow!
[2026-07-12 15:02:48.312] [info]  (WindowEvents)           App activated!
[2026-07-12 15:02:48.924] [info]  (WindowEvents)           Focus on mainWindow!
[2026-07-12 15:02:49.632] [info]  (WindowEvents)           Focus on playerWindow!
[2026-07-12 15:03:32.942] [info]  (WindowEvents)           Focus on mainWindow!
[2026-07-12 15:03:33.968] [info]  (WindowController)       Open player window: {"type":"ugc","bvid":"BV1irME6iEyg","fromSpmid":"main.home-page-recommend.tianma.16-4-64.0","mediaList":null,"trackId":"web_pegasus_0.router-web-pegasus-2479516-sm4rx.1783839698189.60"}
[2026-07-12 15:03:34.343] [info]  (WindowEvents)           Focus on playerWindow!
[2026-07-12 15:03:37.530] [info]  (WindowEvents)           App deactivated!
[2026-07-12 15:03:45.260] [info]  (WindowEvents)           Focus on playerWindow!
[2026-07-12 15:03:45.551] [info]  (WindowEvents)           App activated!
[2026-07-12 15:03:47.835] [info]  (WindowEvents)           App deactivated!
[2026-07-12 15:03:52.895] [info]  (WindowEvents)           Focus on playerWindow!
[2026-07-12 15:03:53.112] [info]  (WindowEvents)           App activated!
[2026-07-12 15:03:53.427] [info]  (WindowEvents)           Focus on playerWindow!
[2026-07-12 15:03:53.927] [info]  (WindowEvents)           App deactivated!
[2026-07-12 15:03:53.949] [info]  (WindowEvents)           Focus on playerWindow!
[2026-07-12 15:03:54.282] [info]  (WindowEvents)           App activated!
[2026-07-12 15:03:54.527] [info]  (WindowEvents)           App deactivated!
[2026-07-12 15:04:04.624] [info]  (WindowEvents)           Focus on playerWindow!
[2026-07-12 15:04:05.213] [info]  (WindowEvents)           App activated!
[2026-07-12 15:04:56.216] [info]  (WindowEvents)           Start close window:  playerWindow
[2026-07-12 15:04:56.275] [info]  (WindowEvents)           Start close window:  playerWindow
[2026-07-12 15:04:56.276] [info]  (WindowEvents)           Player window closed!
[2026-07-12 15:04:56.296] [info]  (WindowEvents)           Focus on mainWindow!
[2026-07-12 15:05:02.954] [info]  (WindowEvents)           Start close window:  mainWindow
[2026-07-12 15:05:02.962] [info]  (WindowEvents)           Main window closed!
[2026-07-12 15:05:03.366] [info]  (WindowEvents)           App deactivated!
[2026-07-12 15:05:06.266] [info]  (ConfigService)          Clearing...
[2026-07-12 15:05:06.267] [info]  (TrayMenuService)        Destoring app tray
[2026-07-12 15:05:06.267] [info]  (DownloadService)        Cancel downloading tasks!
[2026-07-12 15:05:06.267] [info]  (DownloadService)        Clear check download timer.
[2026-07-12 15:05:06.328] [info]  (ReportService)          Initing performance samples!
[2026-07-12 15:05:06.867] [info]  (WindowEvents)           Start close window:  mainWindow
[2026-07-12 15:05:06.867] [info]  (WindowEvents)           Main window closed!
[2026-07-12 15:05:07.013] [info]  (WindowEvents)           Start close window:  playerWindow
[2026-07-12 15:05:07.014] [info]  (WindowEvents)           Player window closed!
[2026-07-12 15:05:07.016] [info]  (ConfigController)       Set is selected exit:  false
[2026-07-12 15:05:08.213] [info]  (ConfigService)          App quitting...
[2026-07-12 15:05:08.229] [info]  (AppEvents)              Good-bye!
[2026-07-12 22:21:26.784] [info]  (AppService)           Main running...
[2026-07-12 22:21:26.877] [info]  (SystemService)        [App info]:
 {
  version: '1.17.6',
  installVersion: '1.17.6',
  electron: '41.7.2',
  node: '24.15.0',
  chromium: '146.0.7680.216',
  buildCode: '10010170062603261238',
  buildId: '1285965',
  buildJobId: '23743424',
  chid: 'official'
}
[2026-07-12 22:21:26.880] [info]  (SystemService)        [System info]:
 {
  osArch: 'x64',
  processArch: 'x64',
  platform: 'linux',
  osType: 'Linux',
  osRelease: '7.1.0',
  osVersoin: '#1-NixOS SMP PREEMPT_DYNAMIC Sun Jun 14 14:58:38 UTC 2026',
  endianness: 'LE',
  hostName: 'nixos',
  totalMemory: 24905641984,
  sysVersion: '10.0.26100.2605'
}
[2026-07-12 22:21:26.888] [info]  (SystemService)        [User info] { isLogin: true, mid: 3632306304583906, uname: 'void博博' }
[2026-07-12 22:21:26.889] [info]  (SystemService)        Initing app configs!
[2026-07-12 22:21:26.967] [info]  (SystemService)        Load inject code config.
[2026-07-12 22:21:26.979] [info]  (PlayerService)        Initing player exp.
[2026-07-12 22:21:26.979] [info]  (PlayerService)        Load player config.
[2026-07-12 22:21:27.013] [info]  (FfAbTestService)      Parse FF tree.
[2026-07-12 22:21:27.081] [info]  (NotificationService)  Notification:  true
[2026-07-12 22:21:27.082] [info]  (FfAbTestService)      FF: {"sidebar_game_entry":false,"sidebar_upload_hide_r":false,"sidebar_upload_toweb":false,"sidebar_upload_toappbrowser":true,"sidebar_selected_hide2_r":false,"enable_system_notification":true,"is_ugc_season_tab":true,"show_local_video_setting_r":true,"show_search_ad":true}
[2026-07-12 22:21:27.128] [info]  (AuthService)          Updating cookies!
[2026-07-12 22:21:27.140] [info]  (AuthService)          init buivd 43E3083959E5485BFFEE24C02606051331gCXK2AM+nB06Gla5fbTw
[2026-07-12 22:21:27.145] [info]  (AuthService)          buvidmark 1
[2026-07-12 22:21:27.155] [info]  (ReportService)        Initing log-report!
[2026-07-12 22:21:27.156] [info]  (FfAbTestService)      Fetch FF info.
[2026-07-12 22:21:27.166] [info]  (FfAbTestService)      Parse FF tree.
[2026-07-12 22:21:27.223] [info]  (FfAbTestService)      FF: {"sidebar_game_entry":false,"sidebar_upload_hide_r":false,"sidebar_upload_toweb":false,"sidebar_upload_toappbrowser":true,"sidebar_selected_hide2_r":false,"enable_system_notification":true,"is_ugc_season_tab":true,"show_local_video_setting_r":true,"show_search_ad":true}
[2026-07-12 22:21:27.308] [info]  (AppService)             Help server ready! 
[2026-07-12 22:21:27.309] [info]  (AuthService)            Updating cookies!
[2026-07-12 22:21:27.313] [info]  (AppService)             Creating windows!
[2026-07-12 22:21:27.433] [info]  (WindowFactory)          Main window created!
[2026-07-12 22:21:27.449] [info]  (TrayMenuService)        Creating app tray.
[2026-07-12 22:21:27.450] [info]  (TrayMenuService)        Creating app menu.
[2026-07-12 22:21:27.593] [info]  (ReportService)          Init log-report success!
[2026-07-12 22:21:27.618] [info]  (SystemService)          NativeTheme updated, shouldUseDarkColors: false
[2026-07-12 22:21:27.692] [info]  (AuthService)            Updating cookies!
[2026-07-12 22:21:27.819] [info]  (SystemService)          NativeTheme updated, shouldUseDarkColors: true
[2026-07-12 22:21:27.950] [info]  (SystemService)          Fetch appConfig success!
[2026-07-12 22:21:27.965] [info]  (PlayerService)          Init player versions.
[2026-07-12 22:21:27.977] [info]  (FfAbTestService)        FF env, s-c prod
[2026-07-12 22:21:27.986] [info]  (FfAbTestService)        FF versions, l-r: 41375
[2026-07-12 22:21:28.474] [debug] (WindowService)          Splash window ready!
[2026-07-12 22:21:28.793] [info]  (WindowEvents)           App activated!
[2026-07-12 22:21:28.809] [info]  (AuthController)         set gaia fingerprint webgl
[2026-07-12 22:21:29.452] [info]  (RenderProcess)          Activate page: HomeRecommends
[2026-07-12 22:21:29.510] [info]  (WindowService)          Main window ready!
[2026-07-12 22:21:29.510] [info]  (DownloadService)        Init DownloadURL Events
[2026-07-12 22:21:29.538] [info]  (AuthService)            Checking refresh BiliConf.
[2026-07-12 22:21:29.555] [info]  (AuthService)            Judge login status!
[2026-07-12 22:21:29.581] [warn]  (UpdateService)          APPIMAGE env is not defined, current application is not an AppImage
[2026-07-12 22:21:29.582] [info]  (UpdateService)          Patch info: [{"v":"1.17.9","on":true,"s":"04c6fb8672","b":"0~999","bc":1000,"sv":"1.9.0","ev":"1.17.9","fix":0},{"v":"1.17.8","on":true,"s":"04c6fb8672","b":"0~999","bc":1000,"sv":"1.9.0","ev":"1.17.7","fix":0},{"v":"1.17.6","on":true,"s":"04c6fb8672","b":"0~999","bc":1000,"sv":"1.9.0","ev":"1.17.6","fix":0}]
[2026-07-12 22:21:29.590] [info]  (UpdateService)          Patch bucket: 816
[2026-07-12 22:21:29.590] [info]  (UpdateService)          Increment update bucket hit.
[2026-07-12 22:21:29.591] [info]  (UpdateService)          Fetch patch: 1.17.9 25026105
[2026-07-12 22:21:29.608] [info]  (AuthService)            System-fp ready!
[2026-07-12 22:21:29.666] [info]  (WindowEvents)           Register boss shortcut: Ctrl+Shift+C
[2026-07-12 22:21:29.666] [info]  (WindowEvents)           Is boss shortcut registered: true
[2026-07-12 22:21:29.666] [info]  (NotificationService)    Notification mainWindowReady
[2026-07-12 22:21:29.666] [info]  (DownloadService)        Init bili-download!
[2026-07-12 22:21:29.675] [info]  (DownloadService)        Download path: /home/shorin/视频/bilibili
[2026-07-12 22:21:29.692] [info]  (GameService)            Local game list: []
[2026-07-12 22:21:29.692] [info]  (SystemService)          Initing ffmpeg!
[2026-07-12 22:21:29.698] [info]  (ReportService)          Initing performance samples!
[2026-07-12 22:21:29.725] [info]  (WindowFactory)          Player window created!
[2026-07-12 22:21:29.729] [info]  (WindowEvents)           Startup timeline:  {"appReadyTime":null,"splashReadyTime":null,"decryptedTime":null,"bootstrapTime":null,"runCodeTime":null,"runCodeEndTime":null,"mainWindowReady":null}
[2026-07-12 22:21:29.735] [info]  (DownloadService)        Clear check download timer.
[2026-07-12 22:21:29.753] [info]  (DownloadService)        Check auto start download:  true
[2026-07-12 22:21:29.846] [info]  (AuthService)            Login status:  true
[2026-07-12 22:21:30.013] [info]  (AuthService)            BiliConf valid!
[2026-07-12 22:21:30.286] [info]  (WindowController)       Search page ready!
[2026-07-12 22:21:30.788] [info]  (WindowController)       Player window ready!
[2026-07-12 22:21:32.498] [info]  (WindowController)       Open player window: {"type":"ugc","bvid":"BV1vLN769EXh","fromSpmid":"main.home-page-recommend.tianma.2-2-7.0","mediaList":null,"trackId":"web_pegasus_0.router-web-pegasus-2479516-f6fct.1783866089587.888"}
[2026-07-12 22:21:34.501] [info]  (WindowEvents)           Focus on mainWindow!
[2026-07-12 22:21:36.298] [info]  (WindowEvents)           App deactivated!
[2026-07-12 22:21:46.100] [info]  (WindowEvents)           Focus on mainWindow!
[2026-07-12 22:21:46.156] [info]  (WindowEvents)           Focus on playerWindow!
[2026-07-12 22:21:46.318] [info]  (WindowEvents)           App activated!
[2026-07-12 22:21:50.077] [info]  (UpdateService)          Fetch patch success!
[2026-07-12 22:21:50.087] [error] (UpdateService)          download petch(1.17.9,25026105) error: Error: ENOENT: no such file or directory, open '/home/shorin/.config/bilibili/resource/update.zip'
    at Object.openSync (node:fs:561:18)
    at Object.func [as openSync] (node:electron/js2c/node_init:2:2630)
    at writeFileSync (node:fs:2428:35)
    at O.handleFetchPatch (/nix/store/aykd97ma3npvhqp7zf7lgyrfhjybb1zh-bilibili-1.17.6-2/opt/app.asar/main/app.js:1:460061)
    at process.processTicksAndRejections (node:internal/process/task_queues:104:5)
[2026-07-12 22:21:50.620] [info]  (WindowEvents)           App deactivated!
[2026-07-12 22:21:51.717] [info]  (WindowEvents)           Focus on playerWindow!
[2026-07-12 22:21:51.930] [info]  (WindowEvents)           App activated!
[2026-07-12 22:21:55.935] [info]  (WindowEvents)           Start close window:  playerWindow
[2026-07-12 22:21:55.974] [info]  (WindowEvents)           Start close window:  playerWindow
[2026-07-12 22:21:55.975] [info]  (WindowEvents)           Player window closed!
[2026-07-12 22:21:55.994] [info]  (WindowEvents)           Focus on mainWindow!
[2026-07-12 22:21:56.550] [info]  (WindowEvents)           Start close window:  mainWindow
[2026-07-12 22:21:56.551] [info]  (WindowEvents)           Main window closed!
[2026-07-12 22:21:56.766] [info]  (WindowEvents)           App deactivated!
[2026-07-13 11:56:39.227] [info]  (AppService)           Main running...
[2026-07-13 11:56:39.377] [info]  (SystemService)        [App info]:
 {
  version: '1.17.6',
  installVersion: '1.17.6',
  electron: '41.7.2',
  node: '24.15.0',
  chromium: '146.0.7680.216',
  buildCode: '10010170062603261238',
  buildId: '1285965',
  buildJobId: '23743424',
  chid: 'official'
}
[2026-07-13 11:56:39.380] [info]  (SystemService)        [System info]:
 {
  osArch: 'x64',
  processArch: 'x64',
  platform: 'linux',
  osType: 'Linux',
  osRelease: '7.1.0',
  osVersoin: '#1-NixOS SMP PREEMPT_DYNAMIC Sun Jun 14 14:58:38 UTC 2026',
  endianness: 'LE',
  hostName: 'nixos',
  totalMemory: 24905641984,
  sysVersion: '10.0.26100.2605'
}
[2026-07-13 11:56:39.390] [info]  (SystemService)        [User info] { isLogin: true, mid: 3632306304583906, uname: 'void博博' }
[2026-07-13 11:56:39.391] [info]  (SystemService)        Initing app configs!
[2026-07-13 11:56:39.458] [info]  (SystemService)        Load inject code config.
[2026-07-13 11:56:39.467] [info]  (PlayerService)        Initing player exp.
[2026-07-13 11:56:39.468] [info]  (PlayerService)        Load player config.
[2026-07-13 11:56:39.488] [info]  (FfAbTestService)      Parse FF tree.
[2026-07-13 11:56:39.515] [info]  (NotificationService)  Notification:  true
[2026-07-13 11:56:39.516] [info]  (FfAbTestService)      FF: {"sidebar_game_entry":false,"sidebar_upload_hide_r":false,"sidebar_upload_toweb":false,"sidebar_upload_toappbrowser":true,"sidebar_selected_hide2_r":false,"enable_system_notification":true,"is_ugc_season_tab":true,"show_local_video_setting_r":true,"show_search_ad":true}
[2026-07-13 11:56:39.546] [info]  (AuthService)          Updating cookies!
[2026-07-13 11:56:39.554] [info]  (AuthService)          init buivd 43E3083959E5485BFFEE24C02606051331gCXK2AM+nB06Gla5fbTw
[2026-07-13 11:56:39.557] [info]  (AuthService)          buvidmark 1
[2026-07-13 11:56:39.565] [info]  (ReportService)        Initing log-report!
[2026-07-13 11:56:39.566] [info]  (FfAbTestService)      Fetch FF info.
[2026-07-13 11:56:39.569] [info]  (FfAbTestService)      Parse FF tree.
[2026-07-13 11:56:39.591] [info]  (FfAbTestService)      FF: {"sidebar_game_entry":false,"sidebar_upload_hide_r":false,"sidebar_upload_toweb":false,"sidebar_upload_toappbrowser":true,"sidebar_selected_hide2_r":false,"enable_system_notification":true,"is_ugc_season_tab":true,"show_local_video_setting_r":true,"show_search_ad":true}
[2026-07-13 11:56:39.645] [info]  (AppService)             Help server ready! 
[2026-07-13 11:56:39.646] [info]  (AuthService)            Updating cookies!
[2026-07-13 11:56:39.650] [info]  (AppService)             Creating windows!
[2026-07-13 11:56:39.789] [info]  (WindowFactory)          Main window created!
[2026-07-13 11:56:39.806] [info]  (TrayMenuService)        Creating app tray.
[2026-07-13 11:56:39.808] [info]  (TrayMenuService)        Creating app menu.
[2026-07-13 11:56:39.975] [info]  (ReportService)          Init log-report success!
[2026-07-13 11:56:39.990] [info]  (SystemService)          NativeTheme updated, shouldUseDarkColors: false
[2026-07-13 11:56:40.085] [info]  (AuthService)            Updating cookies!
[2026-07-13 11:56:40.180] [info]  (SystemService)          NativeTheme updated, shouldUseDarkColors: true
[2026-07-13 11:56:40.185] [info]  (SystemService)          NativeTheme updated, shouldUseDarkColors: true
[2026-07-13 11:56:40.392] [info]  (SystemService)          Fetch appConfig success!
[2026-07-13 11:56:40.392] [info]  (PlayerService)          Init player versions.
[2026-07-13 11:56:40.397] [info]  (FfAbTestService)        FF env, s-c prod
[2026-07-13 11:56:40.400] [info]  (FfAbTestService)        FF versions, l-r: 41375
[2026-07-13 11:56:41.178] [debug] (WindowService)          Splash window ready!
[2026-07-13 11:56:41.473] [info]  (WindowEvents)           App activated!
[2026-07-13 11:56:41.552] [info]  (AuthController)         set gaia fingerprint webgl
[2026-07-13 11:56:42.073] [info]  (RenderProcess)          Activate page: HomeRecommends
[2026-07-13 11:56:42.196] [info]  (WindowService)          Main window ready!
[2026-07-13 11:56:42.197] [info]  (DownloadService)        Init DownloadURL Events
[2026-07-13 11:56:42.237] [info]  (AuthService)            Checking refresh BiliConf.
[2026-07-13 11:56:42.263] [info]  (AuthService)            Judge login status!
[2026-07-13 11:56:42.302] [warn]  (UpdateService)          APPIMAGE env is not defined, current application is not an AppImage
[2026-07-13 11:56:42.303] [info]  (UpdateService)          Patch info: [{"v":"1.17.9","on":true,"s":"04c6fb8672","b":"0~999","bc":1000,"sv":"1.9.0","ev":"1.17.9","fix":0},{"v":"1.17.8","on":true,"s":"04c6fb8672","b":"0~999","bc":1000,"sv":"1.9.0","ev":"1.17.7","fix":0},{"v":"1.17.6","on":true,"s":"04c6fb8672","b":"0~999","bc":1000,"sv":"1.9.0","ev":"1.17.6","fix":0}]
[2026-07-13 11:56:42.316] [info]  (UpdateService)          Patch bucket: 816
[2026-07-13 11:56:42.316] [info]  (UpdateService)          Increment update bucket hit.
[2026-07-13 11:56:42.317] [info]  (UpdateService)          Fetch patch: 1.17.9 25026105
[2026-07-13 11:56:42.337] [info]  (AuthService)            System-fp ready!
[2026-07-13 11:56:42.402] [info]  (WindowEvents)           Register boss shortcut: Ctrl+Shift+C
[2026-07-13 11:56:42.402] [info]  (WindowEvents)           Is boss shortcut registered: true
[2026-07-13 11:56:42.403] [info]  (NotificationService)    Notification mainWindowReady
[2026-07-13 11:56:42.403] [info]  (DownloadService)        Init bili-download!
[2026-07-13 11:56:42.413] [info]  (DownloadService)        Download path: /home/shorin/视频/bilibili
[2026-07-13 11:56:42.428] [info]  (GameService)            Local game list: []
[2026-07-13 11:56:42.428] [info]  (SystemService)          Initing ffmpeg!
[2026-07-13 11:56:42.433] [info]  (ReportService)          Initing performance samples!
[2026-07-13 11:56:42.468] [info]  (WindowFactory)          Player window created!
[2026-07-13 11:56:42.481] [info]  (WindowEvents)           Startup timeline:  {"appReadyTime":null,"splashReadyTime":null,"decryptedTime":null,"bootstrapTime":null,"runCodeTime":null,"runCodeEndTime":null,"mainWindowReady":null}
[2026-07-13 11:56:42.496] [info]  (DownloadService)        Clear check download timer.
[2026-07-13 11:56:42.554] [info]  (DownloadService)        Check auto start download:  true
[2026-07-13 11:56:42.733] [info]  (AuthService)            Login status:  true
[2026-07-13 11:56:42.912] [info]  (AuthService)            BiliConf valid!
[2026-07-13 11:56:43.658] [info]  (WindowController)       Search page ready!
[2026-07-13 11:56:43.797] [info]  (WindowController)       Player window ready!
[2026-07-13 11:56:44.534] [info]  (SystemService)          Get cache size: 915.95 MB
[2026-07-13 11:56:44.585] [info]  (RenderProcess)          Activate page: Settings
[2026-07-13 11:56:44.586] [info]  (SystemService)          Get cache size: 915.95 MB
[2026-07-13 11:57:04.698] [info]  (ConfigController)       Set boss shortcurt:  { isEnable: false, shortcut: 'Ctrl + Shift + C' }
[2026-07-13 11:57:04.732] [info]  (WindowEvents)           Unregister old boss shortcut: Ctrl+Shift+C
[2026-07-13 11:57:06.174] [info]  (RenderProcess)          Activate page: HomeRecommends
[2026-07-13 11:57:07.108] [info]  (WindowEvents)           App deactivated!
[2026-07-13 11:57:08.482] [info]  (UpdateService)          Fetch patch success!
[2026-07-13 11:57:08.509] [error] (UpdateService)          download petch(1.17.9,25026105) error: Error: ENOENT: no such file or directory, open '/home/shorin/.config/bilibili/resource/update.zip'
    at Object.openSync (node:fs:561:18)
    at Object.func [as openSync] (node:electron/js2c/node_init:2:2630)
    at writeFileSync (node:fs:2428:35)
    at O.handleFetchPatch (/nix/store/aykd97ma3npvhqp7zf7lgyrfhjybb1zh-bilibili-1.17.6-2/opt/app.asar/main/app.js:1:460061)
    at process.processTicksAndRejections (node:internal/process/task_queues:104:5)
[2026-07-13 11:57:08.565] [info]  (WindowEvents)           Focus on mainWindow!
[2026-07-13 11:57:08.783] [info]  (WindowEvents)           App activated!
[2026-07-13 11:57:16.720] [info]  (RenderProcess)          Activate page: SearchPage
[2026-07-13 11:57:19.771] [info]  (WindowController)       Open player window: {"type":"ugc","bvid":"BV1hp4y1k7SV","fromSpmid":"main.search-result.0.0.pv","trackId":"8148919363371840121"}
[2026-07-13 11:57:41.885] [info]  (WindowEvents)           Start close window:  playerWindow
[2026-07-13 11:57:41.927] [info]  (WindowEvents)           Start close window:  playerWindow
[2026-07-13 11:57:41.928] [info]  (WindowEvents)           Player window closed!
[2026-07-13 11:57:41.948] [info]  (WindowEvents)           Focus on mainWindow!
[2026-07-13 11:57:42.908] [info]  (WindowEvents)           Start close window:  mainWindow
[2026-07-13 11:57:42.909] [info]  (WindowEvents)           Main window closed!
[2026-07-13 11:57:43.127] [info]  (WindowEvents)           App deactivated!
[2026-07-13 11:59:19.790] [info]  (WindowEvents)           Focus on mainWindow!
[2026-07-13 11:59:20.008] [info]  (WindowEvents)           App activated!
[2026-07-13 11:59:22.669] [info]  (WindowEvents)           Start close window:  mainWindow
[2026-07-13 11:59:22.669] [info]  (WindowEvents)           Main window closed!
[2026-07-13 11:59:22.884] [info]  (WindowEvents)           App deactivated!
[2026-07-13 19:49:34.357] [info]  (AppService)           Main running...
[2026-07-13 19:49:34.444] [info]  (SystemService)        [App info]:
 {
  version: '1.17.6',
  installVersion: '1.17.6',
  electron: '41.7.2',
  node: '24.15.0',
  chromium: '146.0.7680.216',
  buildCode: '10010170062603261238',
  buildId: '1285965',
  buildJobId: '23743424',
  chid: 'official'
}
[2026-07-13 19:49:34.446] [info]  (SystemService)        [System info]:
 {
  osArch: 'x64',
  processArch: 'x64',
  platform: 'linux',
  osType: 'Linux',
  osRelease: '7.1.0',
  osVersoin: '#1-NixOS SMP PREEMPT_DYNAMIC Sun Jun 14 14:58:38 UTC 2026',
  endianness: 'LE',
  hostName: 'nixos',
  totalMemory: 24905625600,
  sysVersion: '10.0.26100.2605'
}
[2026-07-13 19:49:34.455] [info]  (SystemService)        [User info] { isLogin: true, mid: 3632306304583906, uname: 'void博博' }
[2026-07-13 19:49:34.456] [info]  (SystemService)        Initing app configs!
[2026-07-13 19:49:34.514] [info]  (SystemService)        Load inject code config.
[2026-07-13 19:49:34.521] [info]  (PlayerService)        Initing player exp.
[2026-07-13 19:49:34.522] [info]  (PlayerService)        Load player config.
[2026-07-13 19:49:34.538] [info]  (FfAbTestService)      Parse FF tree.
[2026-07-13 19:49:34.563] [info]  (NotificationService)  Notification:  true
[2026-07-13 19:49:34.563] [info]  (FfAbTestService)      FF: {"sidebar_game_entry":false,"sidebar_upload_hide_r":false,"sidebar_upload_toweb":false,"sidebar_upload_toappbrowser":true,"sidebar_selected_hide2_r":false,"enable_system_notification":true,"is_ugc_season_tab":true,"show_local_video_setting_r":true,"show_search_ad":true}
[2026-07-13 19:49:34.594] [info]  (AuthService)          Updating cookies!
[2026-07-13 19:49:34.602] [info]  (AuthService)          init buivd 43E3083959E5485BFFEE24C02606051331gCXK2AM+nB06Gla5fbTw
[2026-07-13 19:49:34.606] [info]  (AuthService)          buvidmark 1
[2026-07-13 19:49:34.613] [info]  (ReportService)        Initing log-report!
[2026-07-13 19:49:34.614] [info]  (FfAbTestService)      Fetch FF info.
[2026-07-13 19:49:34.618] [info]  (FfAbTestService)      Parse FF tree.
[2026-07-13 19:49:34.639] [info]  (FfAbTestService)      FF: {"sidebar_game_entry":false,"sidebar_upload_hide_r":false,"sidebar_upload_toweb":false,"sidebar_upload_toappbrowser":true,"sidebar_selected_hide2_r":false,"enable_system_notification":true,"is_ugc_season_tab":true,"show_local_video_setting_r":true,"show_search_ad":true}
[2026-07-13 19:49:34.694] [info]  (AppService)             Help server ready! 
[2026-07-13 19:49:34.695] [info]  (AuthService)            Updating cookies!
[2026-07-13 19:49:34.700] [info]  (AppService)             Creating windows!
[2026-07-13 19:49:34.806] [info]  (WindowFactory)          Main window created!
[2026-07-13 19:49:34.819] [info]  (TrayMenuService)        Creating app tray.
[2026-07-13 19:49:34.820] [info]  (TrayMenuService)        Creating app menu.
[2026-07-13 19:49:35.010] [info]  (ReportService)          Init log-report success!
[2026-07-13 19:49:35.053] [info]  (SystemService)          NativeTheme updated, shouldUseDarkColors: false
[2026-07-13 19:49:35.127] [info]  (AuthService)            Updating cookies!
[2026-07-13 19:49:35.349] [info]  (SystemService)          NativeTheme updated, shouldUseDarkColors: true
[2026-07-13 19:49:35.353] [info]  (SystemService)          NativeTheme updated, shouldUseDarkColors: true
[2026-07-13 19:49:35.964] [debug] (WindowService)          Splash window ready!
[2026-07-13 19:49:36.239] [info]  (AuthController)         set gaia fingerprint webgl
[2026-07-13 19:49:36.623] [info]  (PlayerService)          Init player versions.
[2026-07-13 19:49:36.729] [info]  (SystemService)          Fetch appConfig success!
[2026-07-13 19:49:36.761] [info]  (RenderProcess)          Activate page: HomeRecommends
[2026-07-13 19:49:36.821] [info]  (WindowService)          Main window ready!
[2026-07-13 19:49:36.822] [info]  (DownloadService)        Init DownloadURL Events
[2026-07-13 19:49:36.843] [info]  (AuthService)            Checking refresh BiliConf.
[2026-07-13 19:49:36.854] [info]  (AuthService)            Judge login status!
[2026-07-13 19:49:36.868] [warn]  (UpdateService)          APPIMAGE env is not defined, current application is not an AppImage
[2026-07-13 19:49:36.869] [info]  (UpdateService)          Patch info: [{"v":"1.17.9","on":true,"s":"04c6fb8672","b":"0~999","bc":1000,"sv":"1.9.0","ev":"1.17.9","fix":0},{"v":"1.17.8","on":true,"s":"04c6fb8672","b":"0~999","bc":1000,"sv":"1.9.0","ev":"1.17.7","fix":0},{"v":"1.17.6","on":true,"s":"04c6fb8672","b":"0~999","bc":1000,"sv":"1.9.0","ev":"1.17.6","fix":0}]
[2026-07-13 19:49:36.873] [info]  (UpdateService)          Patch bucket: 816
[2026-07-13 19:49:36.873] [info]  (UpdateService)          Increment update bucket hit.
[2026-07-13 19:49:36.873] [info]  (UpdateService)          Fetch patch: 1.17.9 25026105
[2026-07-13 19:49:36.880] [info]  (AuthService)            System-fp ready!
[2026-07-13 19:49:36.904] [info]  (NotificationService)    Notification mainWindowReady
[2026-07-13 19:49:36.904] [info]  (DownloadService)        Init bili-download!
[2026-07-13 19:49:36.912] [info]  (DownloadService)        Download path: /home/shorin/视频/bilibili
[2026-07-13 19:49:36.927] [info]  (GameService)            Local game list: []
[2026-07-13 19:49:36.927] [info]  (SystemService)          Initing ffmpeg!
[2026-07-13 19:49:36.930] [info]  (ReportService)          Initing performance samples!
[2026-07-13 19:49:36.944] [info]  (WindowFactory)          Player window created!
[2026-07-13 19:49:36.948] [info]  (WindowEvents)           Startup timeline:  {"appReadyTime":null,"splashReadyTime":null,"decryptedTime":null,"bootstrapTime":null,"runCodeTime":null,"runCodeEndTime":null,"mainWindowReady":null}
[2026-07-13 19:49:36.953] [info]  (DownloadService)        Clear check download timer.
[2026-07-13 19:49:36.968] [info]  (DownloadService)        Check auto start download:  true
[2026-07-13 19:49:36.977] [info]  (FfAbTestService)        FF env, s-c prod
[2026-07-13 19:49:36.982] [info]  (FfAbTestService)        FF versions, l-r: 41375
[2026-07-13 19:49:37.150] [info]  (AuthService)            Login status:  true
[2026-07-13 19:49:37.599] [info]  (WindowController)       Search page ready!
[2026-07-13 19:49:38.614] [info]  (WindowController)       Player window ready!
[2026-07-13 19:49:40.681] [info]  (AuthService)            BiliConf valid!
[2026-07-13 19:50:09.874] [info]  (WindowEvents)           App activated!
[2026-07-13 19:50:14.207] [info]  (WindowController)       Open player window: {"type":"ugc","bvid":"BV1fCMe6nEEX","fromSpmid":"main.home-page-recommend.tianma.2-4-9.0","mediaList":null,"trackId":"web_pegasus_0.router-web-pegasus-2479516-f6fct.1783943377554.670"}
[2026-07-13 19:50:19.766] [info]  (WindowEvents)           App deactivated!
[2026-07-13 19:50:40.652] [info]  (UpdateService)          Fetch patch success!
[2026-07-13 19:50:40.683] [error] (UpdateService)          download petch(1.17.9,25026105) error: Error: ENOENT: no such file or directory, open '/home/shorin/.config/bilibili/resource/update.zip'
    at Object.openSync (node:fs:561:18)
    at Object.func [as openSync] (node:electron/js2c/node_init:2:2630)
    at writeFileSync (node:fs:2428:35)
    at O.handleFetchPatch (/nix/store/aykd97ma3npvhqp7zf7lgyrfhjybb1zh-bilibili-1.17.6-2/opt/app.asar/main/app.js:1:460061)
    at process.processTicksAndRejections (node:internal/process/task_queues:104:5)
[2026-07-13 19:52:07.126] [info]  (WindowEvents)           Focus on playerWindow!
[2026-07-13 19:52:07.345] [info]  (WindowEvents)           App activated!
[2026-07-13 19:52:08.910] [info]  (WindowEvents)           Start close window:  playerWindow
[2026-07-13 19:52:08.983] [info]  (WindowEvents)           Start close window:  playerWindow
[2026-07-13 19:52:08.983] [info]  (WindowEvents)           Player window closed!
[2026-07-13 19:52:09.002] [info]  (WindowEvents)           Focus on mainWindow!
[2026-07-13 19:53:04.515] [info]  (RenderProcess)          Activate page: SearchPage
[2026-07-13 19:53:08.235] [info]  (WindowEvents)           App deactivated!
[2026-07-13 19:53:09.518] [info]  (WindowEvents)           Focus on mainWindow!
[2026-07-13 19:53:09.737] [info]  (WindowEvents)           App activated!
[2026-07-13 19:53:10.215] [info]  (WindowEvents)           App deactivated!
[2026-07-13 19:55:16.079] [info]  (WindowEvents)           Focus on mainWindow!
[2026-07-13 19:55:16.292] [info]  (WindowEvents)           App activated!
[2026-07-13 19:55:21.312] [info]  (RenderProcess)          Activate page: HomeRecommends
[2026-07-13 19:55:24.322] [info]  (WindowEvents)           App deactivated!
[2026-07-13 19:55:30.298] [info]  (WindowEvents)           Focus on mainWindow!
[2026-07-13 19:55:30.515] [info]  (WindowEvents)           App activated!
[2026-07-13 19:55:33.029] [info]  (WindowController)       Open player window: {"type":"ugc","bvid":"BV15GTt6WE95","fromSpmid":"main.home-page-recommend.tianma.1-1-1.0","mediaList":null,"trackId":"web_pegasus_0.router-web-pegasus-2479516-sm4rx.1783943721586.825"}
[2026-07-13 19:55:33.043] [info]  (WindowEvents)           Focus on playerWindow!
[2026-07-13 19:55:33.517] [info]  (WindowEvents)           App deactivated!
[2026-07-13 19:55:42.857] [info]  (WindowEvents)           Focus on playerWindow!
[2026-07-13 19:55:43.076] [info]  (WindowEvents)           App activated!
[2026-07-13 19:55:43.758] [info]  (WindowEvents)           App deactivated!
[2026-07-13 19:55:45.428] [info]  (WindowEvents)           Focus on playerWindow!
[2026-07-13 19:55:45.659] [info]  (WindowEvents)           App activated!
[2026-07-13 19:55:46.676] [info]  (WindowEvents)           Start close window:  playerWindow
[2026-07-13 19:55:46.717] [info]  (WindowEvents)           Start close window:  playerWindow
[2026-07-13 19:55:46.717] [info]  (WindowEvents)           Player window closed!
[2026-07-13 19:55:46.737] [info]  (WindowEvents)           Focus on mainWindow!
[2026-07-13 19:55:48.650] [info]  (WindowEvents)           Start close window:  mainWindow
[2026-07-13 19:55:48.651] [info]  (WindowEvents)           Main window closed!
[2026-07-13 19:55:48.869] [info]  (WindowEvents)           App deactivated!
[2026-07-13 20:04:34.727] [info]  (SystemService)          Fetch appConfig success!
[2026-07-13 20:10:57.857] [info]  (WindowEvents)           Focus on mainWindow!
[2026-07-13 20:10:58.106] [info]  (WindowEvents)           App activated!
[2026-07-13 20:11:04.204] [info]  (WindowEvents)           Start close window:  mainWindow
[2026-07-13 20:11:04.204] [info]  (WindowEvents)           Main window closed!
[2026-07-13 20:11:04.423] [info]  (WindowEvents)           App deactivated!
[2026-07-13 20:19:34.340] [info]  (PlayerService)          Load player config.
[2026-07-13 20:19:34.354] [info]  (SystemService)          Load inject code config.
[2026-07-13 20:19:38.505] [info]  (WindowEvents)           Focus on mainWindow!
[2026-07-13 20:19:38.731] [info]  (WindowEvents)           App activated!
[2026-07-13 20:19:40.751] [info]  (SystemService)          Get cache size: 932.29 MB
[2026-07-13 20:19:40.802] [info]  (RenderProcess)          Activate page: Settings
[2026-07-13 20:19:40.802] [info]  (SystemService)          Get cache size: 932.29 MB
[2026-07-13 20:19:43.964] [info]  (ConfigController)       Set boss shortcurt:  { isEnable: true, shortcut: 'Ctrl + Shift + C' }
[2026-07-13 20:19:43.985] [info]  (WindowEvents)           Register boss shortcut: Ctrl+Shift+C
[2026-07-13 20:19:43.986] [info]  (WindowEvents)           Is boss shortcut registered: true
[2026-07-13 20:19:44.366] [error] (PlayerService)          Load player config error: FetchError: request to https://api.bilibili.com/x/elec-frontend/config/playerconfig failed, reason: getaddrinfo EAI_AGAIN api.bilibili.com
    at ClientRequest.<anonymous> (/nix/store/aykd97ma3npvhqp7zf7lgyrfhjybb1zh-bilibili-1.17.6-2/opt/app.asar/node_modules/node-fetch/lib/index.js:1501:11)
    at ClientRequest.emit (node:events:509:28)
    at emitErrorEvent (node:_http_client:109:11)
    at TLSSocket.socketErrorListener (node:_http_client:593:5)
    at TLSSocket.emit (node:events:509:28)
    at emitErrorNT (node:internal/streams/destroy:170:8)
    at emitErrorCloseNT (node:internal/streams/destroy:129:3)
    at process.processTicksAndRejections (node:internal/process/task_queues:90:21)
[2026-07-13 20:19:44.375] [error] (SystemService)          Load inject code error: FetchError: request to https://api.bilibili.com/x/elec-frontend/config/injectcode failed, reason: getaddrinfo EAI_AGAIN api.bilibili.com
    at ClientRequest.<anonymous> (/nix/store/aykd97ma3npvhqp7zf7lgyrfhjybb1zh-bilibili-1.17.6-2/opt/app.asar/node_modules/node-fetch/lib/index.js:1501:11)
    at ClientRequest.emit (node:events:509:28)
    at emitErrorEvent (node:_http_client:109:11)
    at TLSSocket.socketErrorListener (node:_http_client:593:5)
    at TLSSocket.emit (node:events:509:28)
    at emitErrorNT (node:internal/streams/destroy:170:8)
    at emitErrorCloseNT (node:internal/streams/destroy:129:3)
    at process.processTicksAndRejections (node:internal/process/task_queues:90:21)
[2026-07-13 20:19:44.722] [info]  (ConfigController)       Set boss shortcurt:  { isEnable: true, shortcut: 'Ctrl + V' }
[2026-07-13 20:19:44.743] [info]  (WindowEvents)           Unregister old boss shortcut: Ctrl+Shift+C
[2026-07-13 20:19:44.743] [info]  (WindowEvents)           Register boss shortcut: Ctrl+V
[2026-07-13 20:19:44.743] [info]  (WindowEvents)           Is boss shortcut registered: true
[2026-07-13 20:19:50.090] [info]  (SystemService)          Fetch appConfig success!
[2026-07-13 20:19:52.780] [info]  (ConfigController)       Set boss shortcurt:  { isEnable: false, shortcut: 'Ctrl + V' }
[2026-07-13 20:19:52.802] [info]  (WindowEvents)           Unregister old boss shortcut: Ctrl+V
[2026-07-13 20:19:53.443] [info]  (ConfigController)       Set boss shortcurt:  { isEnable: true, shortcut: 'Ctrl + V' }
[2026-07-13 20:19:53.469] [info]  (WindowEvents)           Unregister old boss shortcut: Ctrl+V
[2026-07-13 20:19:53.469] [info]  (WindowEvents)           Register boss shortcut: Ctrl+V
[2026-07-13 20:19:53.470] [info]  (WindowEvents)           Is boss shortcut registered: true
[2026-07-13 20:19:57.719] [info]  (ConfigController)       Set boss shortcurt:  { isEnable: true, shortcut: 'Alt + Ctrl + B' }
[2026-07-13 20:19:57.741] [info]  (WindowEvents)           Unregister old boss shortcut: Ctrl+V
[2026-07-13 20:19:57.741] [info]  (WindowEvents)           Register boss shortcut: Alt+Ctrl+B
[2026-07-13 20:19:57.741] [info]  (WindowEvents)           Is boss shortcut registered: true
[2026-07-13 20:20:04.067] [info]  (ConfigController)       Set boss shortcurt:  { isEnable: false, shortcut: 'Alt + Ctrl + B' }
[2026-07-13 20:20:04.088] [info]  (WindowEvents)           Unregister old boss shortcut: Alt+Ctrl+B
[2026-07-13 20:20:04.244] [info]  (ConfigController)       Set boss shortcurt:  { isEnable: true, shortcut: 'Alt + Ctrl + B' }
[2026-07-13 20:20:04.270] [info]  (WindowEvents)           Unregister old boss shortcut: Alt+Ctrl+B
[2026-07-13 20:20:04.270] [info]  (WindowEvents)           Register boss shortcut: Alt+Ctrl+B
[2026-07-13 20:20:04.270] [info]  (WindowEvents)           Is boss shortcut registered: true
[2026-07-13 20:20:05.659] [info]  (ConfigController)       Set boss shortcurt:  { isEnable: true, shortcut: 'Ctrl + Shift + B' }
[2026-07-13 20:20:05.679] [info]  (WindowEvents)           Unregister old boss shortcut: Alt+Ctrl+B
[2026-07-13 20:20:05.680] [info]  (WindowEvents)           Register boss shortcut: Ctrl+Shift+B
[2026-07-13 20:20:05.680] [info]  (WindowEvents)           Is boss shortcut registered: true
[2026-07-13 20:20:08.698] [info]  (WindowEvents)           Start close window:  mainWindow
[2026-07-13 20:20:08.699] [info]  (WindowEvents)           Main window closed!
[2026-07-13 20:20:08.930] [info]  (WindowEvents)           App deactivated!
[2026-07-13 20:24:17.606] [info]  (WindowEvents)           Focus on mainWindow!
[2026-07-13 20:24:17.836] [info]  (WindowEvents)           App activated!
[2026-07-13 20:24:23.385] [info]  (WindowEvents)           Start close window:  mainWindow
[2026-07-13 20:24:23.386] [info]  (WindowEvents)           Main window closed!
[2026-07-13 20:24:23.604] [info]  (WindowEvents)           App deactivated!
[2026-07-13 20:24:25.394] [info]  (WindowEvents)           Focus on mainWindow!
[2026-07-13 20:24:25.617] [info]  (WindowEvents)           App activated!
[2026-07-13 20:24:26.907] [info]  (RenderProcess)          Activate page: HomeRecommends
[2026-07-13 20:24:31.870] [info]  (WindowService)          Open main window Page { page: 'SettingsPage' }
[2026-07-13 20:24:31.903] [info]  (RenderProcess)          Activate page: Settings
[2026-07-13 20:24:31.903] [info]  (SystemService)          Get cache size: 932.37 MB
[2026-07-13 20:24:34.864] [info]  (ConfigController)       Set boss shortcurt:  { isEnable: false, shortcut: 'Ctrl + Shift + B' }
[2026-07-13 20:24:34.893] [info]  (WindowEvents)           Unregister old boss shortcut: Ctrl+Shift+B
[2026-07-13 20:24:39.871] [info]  (SystemService)          Clear cache success.
[2026-07-13 20:24:39.874] [info]  (SystemService)          Get cache size: 0.00 MB
[2026-07-13 20:24:41.870] [info]  (RenderProcess)          Activate page: HomeRecommends
[2026-07-13 20:24:46.626] [info]  (WindowEvents)           Start close window:  mainWindow
[2026-07-13 20:24:46.627] [info]  (WindowEvents)           Main window closed!
[2026-07-13 20:24:46.854] [info]  (WindowEvents)           App deactivated!
[2026-07-13 20:28:16.717] [info]  (ConfigService)          Clearing...
[2026-07-13 20:28:16.719] [info]  (TrayMenuService)        Destoring app tray
[2026-07-13 20:28:16.720] [info]  (DownloadService)        Cancel downloading tasks!
[2026-07-13 20:28:16.720] [info]  (DownloadService)        Clear check download timer.
[2026-07-13 20:28:16.744] [info]  (ReportService)          Initing performance samples!
[2026-07-13 20:28:16.809] [info]  (WindowEvents)           Start close window:  mainWindow
[2026-07-13 20:28:16.809] [info]  (WindowEvents)           Main window closed!
[2026-07-13 20:28:16.832] [info]  (WindowEvents)           Start close window:  playerWindow
[2026-07-13 20:28:16.832] [info]  (WindowEvents)           Player window closed!
[2026-07-13 20:28:16.833] [info]  (ConfigController)       Set is selected exit:  false
[2026-07-13 20:28:18.288] [info]  (ConfigService)          App quitting...
[2026-07-13 20:28:18.289] [info]  (AppEvents)              Good-bye!
[2026-07-13 22:08:12.368] [info]  (AppService)           Main running...
[2026-07-13 22:08:12.470] [info]  (SystemService)        [App info]:
 {
  version: '1.17.6',
  installVersion: '1.17.6',
  electron: '41.7.2',
  node: '24.15.0',
  chromium: '146.0.7680.216',
  buildCode: '10010170062603261238',
  buildId: '1285965',
  buildJobId: '23743424',
  chid: 'official'
}
[2026-07-13 22:08:12.473] [info]  (SystemService)        [System info]:
 {
  osArch: 'x64',
  processArch: 'x64',
  platform: 'linux',
  osType: 'Linux',
  osRelease: '7.1.0',
  osVersoin: '#1-NixOS SMP PREEMPT_DYNAMIC Sun Jun 14 14:58:38 UTC 2026',
  endianness: 'LE',
  hostName: 'nixos',
  totalMemory: 24974848000,
  sysVersion: '10.0.26100.2605'
}
[2026-07-13 22:08:12.484] [info]  (SystemService)        [User info] { isLogin: true, mid: 3632306304583906, uname: 'void博博' }
[2026-07-13 22:08:12.485] [info]  (SystemService)        Initing app configs!
[2026-07-13 22:08:12.548] [info]  (SystemService)        Load inject code config.
[2026-07-13 22:08:12.553] [info]  (PlayerService)        Initing player exp.
[2026-07-13 22:08:12.554] [info]  (PlayerService)        Load player config.
[2026-07-13 22:08:12.565] [info]  (FfAbTestService)      Parse FF tree.
[2026-07-13 22:08:12.588] [info]  (NotificationService)  Notification:  true
[2026-07-13 22:08:12.589] [info]  (FfAbTestService)      FF: {"sidebar_game_entry":false,"sidebar_upload_hide_r":false,"sidebar_upload_toweb":false,"sidebar_upload_toappbrowser":true,"sidebar_selected_hide2_r":false,"enable_system_notification":true,"is_ugc_season_tab":true,"show_local_video_setting_r":true,"show_search_ad":true}
[2026-07-13 22:08:12.619] [info]  (AuthService)          Updating cookies!
[2026-07-13 22:08:12.627] [info]  (AuthService)          init buivd 43E3083959E5485BFFEE24C02606051331gCXK2AM+nB06Gla5fbTw
[2026-07-13 22:08:12.630] [info]  (AuthService)          buvidmark 1
[2026-07-13 22:08:12.638] [info]  (ReportService)        Initing log-report!
[2026-07-13 22:08:12.639] [info]  (FfAbTestService)      Fetch FF info.
[2026-07-13 22:08:12.642] [info]  (FfAbTestService)      Parse FF tree.
[2026-07-13 22:08:12.664] [info]  (FfAbTestService)      FF: {"sidebar_game_entry":false,"sidebar_upload_hide_r":false,"sidebar_upload_toweb":false,"sidebar_upload_toappbrowser":true,"sidebar_selected_hide2_r":false,"enable_system_notification":true,"is_ugc_season_tab":true,"show_local_video_setting_r":true,"show_search_ad":true}
[2026-07-13 22:08:12.719] [info]  (AppService)             Help server ready! 
[2026-07-13 22:08:12.719] [info]  (AuthService)            Updating cookies!
[2026-07-13 22:08:12.723] [info]  (AppService)             Creating windows!
[2026-07-13 22:08:12.813] [info]  (WindowFactory)          Main window created!
[2026-07-13 22:08:12.826] [info]  (TrayMenuService)        Creating app tray.
[2026-07-13 22:08:12.828] [info]  (TrayMenuService)        Creating app menu.
[2026-07-13 22:08:12.988] [info]  (ReportService)          Init log-report success!
[2026-07-13 22:08:13.020] [info]  (SystemService)          NativeTheme updated, shouldUseDarkColors: false
[2026-07-13 22:08:13.082] [info]  (AuthService)            Updating cookies!
[2026-07-13 22:08:13.228] [info]  (SystemService)          NativeTheme updated, shouldUseDarkColors: true
[2026-07-13 22:08:13.233] [info]  (SystemService)          NativeTheme updated, shouldUseDarkColors: true
[2026-07-13 22:08:13.703] [info]  (SystemService)          Fetch appConfig success!
[2026-07-13 22:08:13.705] [info]  (PlayerService)          Init player versions.
[2026-07-13 22:08:13.722] [info]  (FfAbTestService)        FF env, s-c prod
[2026-07-13 22:08:13.733] [info]  (FfAbTestService)        FF versions, l-r: 41375
[2026-07-13 22:08:13.856] [debug] (WindowService)          Splash window ready!
[2026-07-13 22:08:14.135] [info]  (WindowEvents)           App activated!
[2026-07-13 22:08:14.145] [info]  (AuthController)         set gaia fingerprint webgl
[2026-07-13 22:08:14.587] [info]  (RenderProcess)          Activate page: HomeRecommends
[2026-07-13 22:08:14.658] [info]  (WindowService)          Main window ready!
[2026-07-13 22:08:14.659] [info]  (DownloadService)        Init DownloadURL Events
[2026-07-13 22:08:14.683] [info]  (AuthService)            Checking refresh BiliConf.
[2026-07-13 22:08:14.697] [info]  (AuthService)            Judge login status!
[2026-07-13 22:08:14.718] [warn]  (UpdateService)          APPIMAGE env is not defined, current application is not an AppImage
[2026-07-13 22:08:14.719] [info]  (UpdateService)          Patch info: [{"v":"1.17.9","on":true,"s":"04c6fb8672","b":"0~999","bc":1000,"sv":"1.9.0","ev":"1.17.9","fix":0},{"v":"1.17.8","on":true,"s":"04c6fb8672","b":"0~999","bc":1000,"sv":"1.9.0","ev":"1.17.7","fix":0},{"v":"1.17.6","on":true,"s":"04c6fb8672","b":"0~999","bc":1000,"sv":"1.9.0","ev":"1.17.6","fix":0}]
[2026-07-13 22:08:14.727] [info]  (UpdateService)          Patch bucket: 816
[2026-07-13 22:08:14.727] [info]  (UpdateService)          Increment update bucket hit.
[2026-07-13 22:08:14.728] [info]  (UpdateService)          Fetch patch: 1.17.9 25026105
[2026-07-13 22:08:14.744] [info]  (AuthService)            System-fp ready!
[2026-07-13 22:08:14.791] [info]  (NotificationService)    Notification mainWindowReady
[2026-07-13 22:08:14.791] [info]  (DownloadService)        Init bili-download!
[2026-07-13 22:08:14.797] [info]  (DownloadService)        Download path: /home/shorin/视频/bilibili
[2026-07-13 22:08:14.812] [info]  (GameService)            Local game list: []
[2026-07-13 22:08:14.812] [info]  (SystemService)          Initing ffmpeg!
[2026-07-13 22:08:14.816] [info]  (ReportService)          Initing performance samples!
[2026-07-13 22:08:14.830] [info]  (WindowFactory)          Player window created!
[2026-07-13 22:08:14.834] [info]  (WindowEvents)           Startup timeline:  {"appReadyTime":null,"splashReadyTime":null,"decryptedTime":null,"bootstrapTime":null,"runCodeTime":null,"runCodeEndTime":null,"mainWindowReady":null}
[2026-07-13 22:08:14.838] [info]  (DownloadService)        Clear check download timer.
[2026-07-13 22:08:14.853] [info]  (DownloadService)        Check auto start download:  true
[2026-07-13 22:08:15.471] [info]  (AuthService)            Login status:  true
[2026-07-13 22:08:15.517] [info]  (WindowController)       Search page ready!
[2026-07-13 22:08:15.966] [info]  (WindowController)       Player window ready!
[2026-07-13 22:08:21.333] [info]  (AuthService)            BiliConf valid!
[2026-07-13 22:08:22.271] [info]  (WindowController)       Open player window: {"type":"ugc","bvid":"BV1oDMw6sEFv","fromSpmid":"main.home-page-recommend.tianma.1-1-1.0","mediaList":null,"trackId":"web_pegasus_0.router-web-pegasus-2479516-f6fct.1783951696293.702"}
[2026-07-13 22:08:24.853] [info]  (WindowEvents)           App deactivated!
[2026-07-13 22:08:45.251] [info]  (WindowEvents)           Focus on playerWindow!
[2026-07-13 22:08:45.462] [info]  (WindowEvents)           App activated!
[2026-07-13 22:08:48.105] [info]  (WindowEvents)           App deactivated!
[2026-07-13 22:08:57.043] [info]  (WindowEvents)           Focus on playerWindow!
[2026-07-13 22:08:57.270] [info]  (WindowEvents)           App activated!
[2026-07-13 22:08:59.353] [info]  (UpdateService)          Fetch patch success!
[2026-07-13 22:08:59.376] [error] (UpdateService)          download petch(1.17.9,25026105) error: Error: ENOENT: no such file or directory, open '/home/shorin/.config/bilibili/resource/update.zip'
    at Object.openSync (node:fs:561:18)
    at Object.func [as openSync] (node:electron/js2c/node_init:2:2630)
    at writeFileSync (node:fs:2428:35)
    at O.handleFetchPatch (/nix/store/aykd97ma3npvhqp7zf7lgyrfhjybb1zh-bilibili-1.17.6-2/opt/app.asar/main/app.js:1:460061)
    at process.processTicksAndRejections (node:internal/process/task_queues:104:5)
[2026-07-13 22:09:21.893] [info]  (WindowEvents)           App deactivated!
[2026-07-13 22:09:39.705] [info]  (WindowEvents)           Focus on playerWindow!
[2026-07-13 22:09:39.919] [info]  (WindowEvents)           App activated!
[2026-07-13 22:09:40.876] [info]  (WindowEvents)           App deactivated!
[2026-07-13 22:09:43.352] [info]  (WindowEvents)           Focus on playerWindow!
[2026-07-13 22:09:43.567] [info]  (WindowEvents)           App activated!
[2026-07-13 22:09:44.346] [info]  (WindowEvents)           App deactivated!
[2026-07-13 22:11:25.099] [info]  (WindowEvents)           Focus on playerWindow!
[2026-07-13 22:11:25.311] [info]  (WindowEvents)           App activated!
[2026-07-13 22:11:25.613] [info]  (WindowEvents)           App deactivated!
[2026-07-13 22:12:44.053] [info]  (WindowEvents)           Focus on playerWindow!
[2026-07-13 22:12:44.266] [info]  (WindowEvents)           App activated!
[2026-07-13 22:12:46.105] [info]  (WindowEvents)           Start close window:  playerWindow
[2026-07-13 22:12:46.144] [info]  (WindowEvents)           Start close window:  playerWindow
[2026-07-13 22:12:46.145] [info]  (WindowEvents)           Player window closed!
[2026-07-13 22:12:46.358] [info]  (WindowEvents)           App deactivated!
[2026-07-13 22:12:47.979] [info]  (WindowEvents)           Focus on mainWindow!
[2026-07-13 22:12:48.197] [info]  (WindowEvents)           App activated!
[2026-07-13 22:12:49.148] [info]  (WindowEvents)           Start close window:  mainWindow
[2026-07-13 22:12:49.149] [info]  (WindowEvents)           Main window closed!
[2026-07-13 22:12:49.362] [info]  (WindowEvents)           App deactivated!
[2026-07-13 22:17:52.689] [info]  (WindowEvents)           Focus on mainWindow!
[2026-07-13 22:17:52.910] [info]  (WindowEvents)           App activated!
[2026-07-13 22:17:56.592] [info]  (WindowController)       Open player window: {"type":"ugc","bvid":"BV1oDMw6sEFv","fromSpmid":"main.home-page-recommend.tianma.1-1-1.0","mediaList":null,"trackId":"web_pegasus_0.router-web-pegasus-2479516-f6fct.1783951696293.702"}
[2026-07-13 22:17:56.605] [info]  (WindowEvents)           Focus on playerWindow!
[2026-07-13 22:18:19.597] [info]  (WindowEvents)           Start close window:  playerWindow
[2026-07-13 22:18:19.642] [info]  (WindowEvents)           Start close window:  playerWindow
[2026-07-13 22:18:19.643] [info]  (WindowEvents)           Player window closed!
[2026-07-13 22:18:19.654] [info]  (WindowEvents)           Focus on mainWindow!
[2026-07-13 22:18:19.984] [info]  (WindowEvents)           Start close window:  mainWindow
[2026-07-13 22:18:19.985] [info]  (WindowEvents)           Main window closed!
[2026-07-13 22:18:20.198] [info]  (WindowEvents)           App deactivated!
[2026-07-13 22:18:25.361] [info]  (ConfigService)          Clearing...
[2026-07-13 22:18:25.363] [info]  (TrayMenuService)        Destoring app tray
[2026-07-13 22:18:25.363] [info]  (DownloadService)        Cancel downloading tasks!
[2026-07-13 22:18:25.364] [info]  (DownloadService)        Clear check download timer.
[2026-07-13 22:18:25.410] [info]  (ReportService)          Initing performance samples!
[2026-07-13 22:18:25.507] [info]  (WindowEvents)           Start close window:  mainWindow
[2026-07-13 22:18:25.508] [info]  (WindowEvents)           Main window closed!
[2026-07-13 22:18:25.531] [info]  (WindowEvents)           Start close window:  playerWindow
[2026-07-13 22:18:25.531] [info]  (WindowEvents)           Player window closed!
[2026-07-13 22:18:25.534] [info]  (ConfigController)       Set is selected exit:  false
[2026-07-13 22:18:25.559] [error] (AppEvents)              App child-process-gone, reason: {
  type: 'Utility',
  reason: 'killed',
  name: 'Audio Service',
  serviceName: 'audio.mojom.AudioService',
  exitCode: 15
}
[2026-07-13 22:18:25.573] [error] (AppEvents)              App child-process-gone, reason: {
  type: 'Utility',
  reason: 'killed',
  name: 'Network Service',
  serviceName: 'network.mojom.NetworkService',
  exitCode: 15
}
[2026-07-13 22:18:25.600] [error] (AppEvents)              Render process gone, reason: killed
[2026-07-13 22:18:25.624] [info]  (ReportService)          Report log by process-crash
[2026-07-13 22:18:25.647] [info]  (ReportService)          Start upload log...
[2026-07-15 21:25:54.216] [info]  (AppService)           Main running...
[2026-07-15 21:25:54.346] [info]  (SystemService)        [App info]:
 {
  version: '1.17.6',
  installVersion: '1.17.6',
  electron: '41.7.2',
  node: '24.15.0',
  chromium: '146.0.7680.216',
  buildCode: '10010170062603261238',
  buildId: '1285965',
  buildJobId: '23743424',
  chid: 'official'
}
[2026-07-15 21:25:54.349] [info]  (SystemService)        [System info]:
 {
  osArch: 'x64',
  processArch: 'x64',
  platform: 'linux',
  osType: 'Linux',
  osRelease: '7.1.0',
  osVersoin: '#1-NixOS SMP PREEMPT_DYNAMIC Sun Jun 14 14:58:38 UTC 2026',
  endianness: 'LE',
  hostName: 'nixos',
  totalMemory: 24905621504,
  sysVersion: '10.0.26100.2605'
}
[2026-07-15 21:25:54.358] [info]  (SystemService)        [User info] { isLogin: true, mid: 3632306304583906, uname: 'void博博' }
[2026-07-15 21:25:54.359] [info]  (SystemService)        Initing app configs!
[2026-07-15 21:25:54.417] [info]  (SystemService)        Load inject code config.
[2026-07-15 21:25:54.424] [info]  (PlayerService)        Initing player exp.
[2026-07-15 21:25:54.425] [info]  (PlayerService)        Load player config.
[2026-07-15 21:25:54.445] [info]  (FfAbTestService)      Parse FF tree.
[2026-07-15 21:25:54.472] [info]  (NotificationService)  Notification:  true
[2026-07-15 21:25:54.472] [info]  (FfAbTestService)      FF: {"sidebar_game_entry":false,"sidebar_upload_hide_r":false,"sidebar_upload_toweb":false,"sidebar_upload_toappbrowser":true,"sidebar_selected_hide2_r":false,"enable_system_notification":true,"is_ugc_season_tab":true,"show_local_video_setting_r":true,"show_search_ad":true}
[2026-07-15 21:25:54.522] [info]  (AuthService)          Updating cookies!
[2026-07-15 21:25:54.538] [info]  (AuthService)          init buivd 43E3083959E5485BFFEE24C02606051331gCXK2AM+nB06Gla5fbTw
[2026-07-15 21:25:54.547] [info]  (AuthService)          buvidmark 1
[2026-07-15 21:25:54.562] [info]  (ReportService)        Initing log-report!
[2026-07-15 21:25:54.563] [info]  (FfAbTestService)      Fetch FF info.
[2026-07-15 21:25:54.570] [info]  (FfAbTestService)      Parse FF tree.
[2026-07-15 21:25:54.610] [info]  (FfAbTestService)      FF: {"sidebar_game_entry":false,"sidebar_upload_hide_r":false,"sidebar_upload_toweb":false,"sidebar_upload_toappbrowser":true,"sidebar_selected_hide2_r":false,"enable_system_notification":true,"is_ugc_season_tab":true,"show_local_video_setting_r":true,"show_search_ad":true}
[2026-07-15 21:25:54.694] [info]  (AppService)             Help server ready! 
[2026-07-15 21:25:54.694] [info]  (AuthService)            Updating cookies!
[2026-07-15 21:25:54.699] [info]  (AppService)             Creating windows!
[2026-07-15 21:25:54.793] [info]  (WindowFactory)          Main window created!
[2026-07-15 21:25:54.806] [info]  (TrayMenuService)        Creating app tray.
[2026-07-15 21:25:54.807] [info]  (TrayMenuService)        Creating app menu.
[2026-07-15 21:25:54.968] [info]  (ReportService)          Init log-report success!
[2026-07-15 21:25:54.988] [info]  (SystemService)          NativeTheme updated, shouldUseDarkColors: false
[2026-07-15 21:25:55.021] [info]  (AuthService)            Updating cookies!
[2026-07-15 21:25:55.051] [info]  (AuthService)            Updating cookies!
[2026-07-15 21:25:55.119] [info]  (SystemService)          NativeTheme updated, shouldUseDarkColors: true
[2026-07-15 21:25:55.123] [info]  (SystemService)          NativeTheme updated, shouldUseDarkColors: true
[2026-07-15 21:25:55.287] [info]  (PlayerService)          Init player versions.
[2026-07-15 21:25:55.370] [info]  (AuthService)            Updating cookies!
[2026-07-15 21:25:55.607] [info]  (FfAbTestService)        FF env, s-c prod
[2026-07-15 21:25:55.611] [info]  (FfAbTestService)        FF versions, l-r: 41375
[2026-07-15 21:25:55.613] [info]  (SystemService)          Fetch appConfig success!
[2026-07-15 21:25:55.798] [debug] (WindowService)          Splash window ready!
[2026-07-15 21:25:56.061] [info]  (AuthController)         set gaia fingerprint webgl
[2026-07-15 21:25:56.171] [info]  (WindowEvents)           App activated!
[2026-07-15 21:25:56.434] [info]  (WindowEvents)           Start close window:  mainWindow
[2026-07-15 21:25:56.434] [info]  (WindowEvents)           Main window closed!
[2026-07-15 21:25:56.563] [info]  (RenderProcess)          Activate page: HomeRecommends
[2026-07-15 21:25:56.654] [info]  (WindowEvents)           App deactivated!
[2026-07-15 21:25:56.656] [info]  (WindowService)          Main window ready!
[2026-07-15 21:25:56.657] [info]  (DownloadService)        Init DownloadURL Events
[2026-07-15 21:25:56.702] [info]  (AuthService)            Checking refresh BiliConf.
[2026-07-15 21:25:56.722] [info]  (AuthService)            Judge login status!
[2026-07-15 21:25:56.741] [warn]  (UpdateService)          APPIMAGE env is not defined, current application is not an AppImage
[2026-07-15 21:25:56.741] [info]  (UpdateService)          Patch info: [{"v":"1.17.9","on":true,"s":"04c6fb8672","b":"0~999","bc":1000,"sv":"1.9.0","ev":"1.17.9","fix":0},{"v":"1.17.8","on":true,"s":"04c6fb8672","b":"0~999","bc":1000,"sv":"1.9.0","ev":"1.17.7","fix":0},{"v":"1.17.6","on":true,"s":"04c6fb8672","b":"0~999","bc":1000,"sv":"1.9.0","ev":"1.17.6","fix":0}]
[2026-07-15 21:25:56.745] [info]  (UpdateService)          Patch bucket: 816
[2026-07-15 21:25:56.745] [info]  (UpdateService)          Increment update bucket hit.
[2026-07-15 21:25:56.746] [info]  (UpdateService)          Fetch patch: 1.17.9 25026105
[2026-07-15 21:25:56.753] [info]  (AuthService)            System-fp ready!
[2026-07-15 21:25:56.781] [info]  (NotificationService)    Notification mainWindowReady
[2026-07-15 21:25:56.781] [info]  (DownloadService)        Init bili-download!
[2026-07-15 21:25:56.788] [info]  (DownloadService)        Download path: /home/shorin/视频/bilibili
[2026-07-15 21:25:56.803] [info]  (GameService)            Local game list: []
[2026-07-15 21:25:56.804] [info]  (SystemService)          Initing ffmpeg!
[2026-07-15 21:25:56.808] [info]  (ReportService)          Initing performance samples!
[2026-07-15 21:25:56.821] [info]  (WindowFactory)          Player window created!
[2026-07-15 21:25:56.825] [info]  (WindowEvents)           Startup timeline:  {"appReadyTime":null,"splashReadyTime":null,"decryptedTime":null,"bootstrapTime":null,"runCodeTime":null,"runCodeEndTime":null,"mainWindowReady":null}
[2026-07-15 21:25:56.830] [info]  (DownloadService)        Clear check download timer.
[2026-07-15 21:25:56.846] [info]  (DownloadService)        Check auto start download:  true
[2026-07-15 21:25:56.977] [info]  (WindowEvents)           Focus on mainWindow!
[2026-07-15 21:25:57.201] [info]  (WindowEvents)           App activated!
[2026-07-15 21:25:57.293] [info]  (AuthService)            Login status:  true
[2026-07-15 21:25:57.692] [info]  (WindowController)       Search page ready!
[2026-07-15 21:25:58.081] [info]  (WindowController)       Player window ready!
[2026-07-15 21:26:00.378] [info]  (AuthService)            Updating cookies!
[2026-07-15 21:26:00.409] [info]  (AuthService)            Updating cookies!
[2026-07-15 21:26:00.438] [info]  (AuthService)            Updating cookies!
[2026-07-15 21:26:00.465] [info]  (AuthService)            Updating cookies!
[2026-07-15 21:26:00.544] [info]  (AuthService)            Refresh BiliConf.
[2026-07-15 21:26:00.822] [info]  (RenderProcess)          Activate page: HomeLive
[2026-07-15 21:26:01.739] [info]  (RenderProcess)          Activate page: HomeRecommends
[2026-07-15 21:26:06.860] [info]  (AuthService)            Updating cookies!
[2026-07-15 21:26:06.873] [info]  (AuthService)            Confirm refesh bili.
[2026-07-15 21:26:29.806] [info]  (RenderProcess)          Activate page: SearchPage
[2026-07-15 21:26:43.247] [info]  (WindowController)       Open player window: {"type":"ugc","bvid":"BV1gu411b71v","fromSpmid":"main.search-result.0.0.pv","trackId":"12664610155043490705"}
[2026-07-15 21:26:58.778] [info]  (WindowEvents)           Focus on mainWindow!
[2026-07-15 21:26:59.507] [info]  (WindowEvents)           Focus on playerWindow!
[2026-07-15 21:27:15.881] [info]  (WindowEvents)           Start close window:  playerWindow
[2026-07-15 21:27:15.922] [info]  (WindowEvents)           Start close window:  playerWindow
[2026-07-15 21:27:15.922] [info]  (WindowEvents)           Player window closed!
[2026-07-15 21:27:15.941] [info]  (WindowEvents)           Focus on mainWindow!
[2026-07-15 21:27:20.797] [info]  (UpdateService)          Fetch patch success!
[2026-07-15 21:27:20.818] [error] (UpdateService)          download petch(1.17.9,25026105) error: Error: ENOENT: no such file or directory, open '/home/shorin/.config/bilibili/resource/update.zip'
    at Object.openSync (node:fs:561:18)
    at Object.func [as openSync] (node:electron/js2c/node_init:2:2630)
    at writeFileSync (node:fs:2428:35)
    at O.handleFetchPatch (/nix/store/aykd97ma3npvhqp7zf7lgyrfhjybb1zh-bilibili-1.17.6-2/opt/app.asar/main/app.js:1:460061)
    at process.processTicksAndRejections (node:internal/process/task_queues:104:5)
[2026-07-15 21:27:23.170] [info]  (WindowController)       Open player window: {"type":"ugc","bvid":"BV1hHHezQEmn","fromSpmid":"main.search-result.0.0.pv","trackId":"12664610155043490705"}
[2026-07-15 21:27:23.201] [info]  (WindowEvents)           Focus on playerWindow!
[2026-07-15 21:29:33.385] [info]  (WindowEvents)           Start close window:  playerWindow
[2026-07-15 21:29:33.429] [info]  (WindowEvents)           Start close window:  playerWindow
[2026-07-15 21:29:33.430] [info]  (WindowEvents)           Player window closed!
[2026-07-15 21:29:33.465] [info]  (WindowEvents)           Focus on mainWindow!
[2026-07-15 21:29:33.575] [info]  (WindowEvents)           Start close window:  mainWindow
[2026-07-15 21:29:33.576] [info]  (WindowEvents)           Main window closed!
[2026-07-15 21:29:33.661] [info]  (WindowEvents)           App deactivated!
[2026-07-16 13:56:52.034] [info]  (AppService)           Main running...
[2026-07-16 13:56:52.134] [info]  (SystemService)        [App info]:
 {
  version: '1.17.6',
  installVersion: '1.17.6',
  electron: '41.7.2',
  node: '24.15.0',
  chromium: '146.0.7680.216',
  buildCode: '10010170062603261238',
  buildId: '1285965',
  buildJobId: '23743424',
  chid: 'official'
}
[2026-07-16 13:56:52.137] [info]  (SystemService)        [System info]:
 {
  osArch: 'x64',
  processArch: 'x64',
  platform: 'linux',
  osType: 'Linux',
  osRelease: '7.1.0',
  osVersoin: '#1-NixOS SMP PREEMPT_DYNAMIC Sun Jun 14 14:58:38 UTC 2026',
  endianness: 'LE',
  hostName: 'nixos',
  totalMemory: 24905641984,
  sysVersion: '10.0.26100.2605'
}
[2026-07-16 13:56:52.152] [info]  (SystemService)        [User info] { isLogin: true, mid: 3632306304583906, uname: 'void博博' }
[2026-07-16 13:56:52.153] [info]  (SystemService)        Initing app configs!
[2026-07-16 13:56:52.236] [info]  (SystemService)        Load inject code config.
[2026-07-16 13:56:52.246] [info]  (PlayerService)        Initing player exp.
[2026-07-16 13:56:52.247] [info]  (PlayerService)        Load player config.
[2026-07-16 13:56:52.266] [info]  (FfAbTestService)      Parse FF tree.
[2026-07-16 13:56:52.293] [info]  (NotificationService)  Notification:  true
[2026-07-16 13:56:52.293] [info]  (FfAbTestService)      FF: {"sidebar_game_entry":false,"sidebar_upload_hide_r":false,"sidebar_upload_toweb":false,"sidebar_upload_toappbrowser":true,"sidebar_selected_hide2_r":false,"enable_system_notification":true,"is_ugc_season_tab":true,"show_local_video_setting_r":true,"show_search_ad":true}
[2026-07-16 13:56:52.329] [info]  (AuthService)          Updating cookies!
[2026-07-16 13:56:52.338] [info]  (AuthService)          init buivd 43E3083959E5485BFFEE24C02606051331gCXK2AM+nB06Gla5fbTw
[2026-07-16 13:56:52.342] [info]  (AuthService)          buvidmark 1
[2026-07-16 13:56:52.352] [info]  (ReportService)        Initing log-report!
[2026-07-16 13:56:52.352] [info]  (FfAbTestService)      Fetch FF info.
[2026-07-16 13:56:52.357] [info]  (FfAbTestService)      Parse FF tree.
[2026-07-16 13:56:52.383] [info]  (FfAbTestService)      FF: {"sidebar_game_entry":false,"sidebar_upload_hide_r":false,"sidebar_upload_toweb":false,"sidebar_upload_toappbrowser":true,"sidebar_selected_hide2_r":false,"enable_system_notification":true,"is_ugc_season_tab":true,"show_local_video_setting_r":true,"show_search_ad":true}
[2026-07-16 13:56:52.447] [info]  (AppService)             Help server ready! 
[2026-07-16 13:56:52.447] [info]  (AuthService)            Updating cookies!
[2026-07-16 13:56:52.452] [info]  (AppService)             Creating windows!
[2026-07-16 13:56:52.584] [info]  (WindowFactory)          Main window created!
[2026-07-16 13:56:52.602] [info]  (TrayMenuService)        Creating app tray.
[2026-07-16 13:56:52.604] [info]  (TrayMenuService)        Creating app menu.
[2026-07-16 13:56:52.768] [info]  (ReportService)          Init log-report success!
[2026-07-16 13:56:52.792] [info]  (SystemService)          NativeTheme updated, shouldUseDarkColors: false
[2026-07-16 13:56:52.849] [info]  (AuthService)            Updating cookies!
[2026-07-16 13:56:53.033] [info]  (SystemService)          NativeTheme updated, shouldUseDarkColors: true
[2026-07-16 13:56:53.043] [info]  (SystemService)          NativeTheme updated, shouldUseDarkColors: true
[2026-07-16 13:56:53.106] [info]  (FfAbTestService)        FF env, s-c prod
[2026-07-16 13:56:53.115] [info]  (FfAbTestService)        FF versions, l-r: 41375
[2026-07-16 13:56:53.117] [info]  (PlayerService)          Init player versions.
[2026-07-16 13:56:53.120] [info]  (SystemService)          Fetch appConfig success!
[2026-07-16 13:56:53.668] [debug] (WindowService)          Splash window ready!
[2026-07-16 13:56:53.932] [info]  (AuthController)         set gaia fingerprint webgl
[2026-07-16 13:56:54.002] [info]  (WindowEvents)           App activated!
[2026-07-16 13:56:54.518] [info]  (RenderProcess)          Activate page: HomeRecommends
[2026-07-16 13:56:54.600] [info]  (WindowService)          Main window ready!
[2026-07-16 13:56:54.600] [info]  (DownloadService)        Init DownloadURL Events
[2026-07-16 13:56:54.625] [info]  (AuthService)            Checking refresh BiliConf.
[2026-07-16 13:56:54.642] [info]  (AuthService)            Judge login status!
[2026-07-16 13:56:54.672] [warn]  (UpdateService)          APPIMAGE env is not defined, current application is not an AppImage
[2026-07-16 13:56:54.672] [info]  (UpdateService)          Patch info: [{"v":"1.17.9","on":true,"s":"04c6fb8672","b":"0~999","bc":1000,"sv":"1.9.0","ev":"1.17.9","fix":0},{"v":"1.17.8","on":true,"s":"04c6fb8672","b":"0~999","bc":1000,"sv":"1.9.0","ev":"1.17.7","fix":0},{"v":"1.17.6","on":true,"s":"04c6fb8672","b":"0~999","bc":1000,"sv":"1.9.0","ev":"1.17.6","fix":0}]
[2026-07-16 13:56:54.680] [info]  (UpdateService)          Patch bucket: 816
[2026-07-16 13:56:54.680] [info]  (UpdateService)          Increment update bucket hit.
[2026-07-16 13:56:54.681] [info]  (UpdateService)          Fetch patch: 1.17.9 25026105
[2026-07-16 13:56:54.692] [info]  (AuthService)            System-fp ready!
[2026-07-16 13:56:54.722] [info]  (NotificationService)    Notification mainWindowReady
[2026-07-16 13:56:54.722] [info]  (DownloadService)        Init bili-download!
[2026-07-16 13:56:54.731] [info]  (DownloadService)        Download path: /home/shorin/视频/bilibili
[2026-07-16 13:56:54.749] [info]  (GameService)            Local game list: []
[2026-07-16 13:56:54.749] [info]  (SystemService)          Initing ffmpeg!
[2026-07-16 13:56:54.754] [info]  (ReportService)          Initing performance samples!
[2026-07-16 13:56:54.768] [info]  (WindowFactory)          Player window created!
[2026-07-16 13:56:54.773] [info]  (WindowEvents)           Startup timeline:  {"appReadyTime":null,"splashReadyTime":null,"decryptedTime":null,"bootstrapTime":null,"runCodeTime":null,"runCodeEndTime":null,"mainWindowReady":null}
[2026-07-16 13:56:54.778] [info]  (DownloadService)        Clear check download timer.
[2026-07-16 13:56:54.796] [info]  (DownloadService)        Check auto start download:  true
[2026-07-16 13:56:54.912] [info]  (AuthService)            Login status:  true
[2026-07-16 13:56:55.091] [info]  (AuthService)            BiliConf valid!
[2026-07-16 13:56:55.645] [info]  (WindowController)       Search page ready!
[2026-07-16 13:56:56.028] [info]  (WindowController)       Player window ready!
[2026-07-16 13:57:00.318] [info]  (WindowEvents)           App deactivated!
[2026-07-16 13:57:20.146] [info]  (WindowEvents)           Focus on mainWindow!
[2026-07-16 13:57:20.364] [info]  (WindowEvents)           App activated!
[2026-07-16 13:57:20.684] [info]  (WindowEvents)           Start close window:  mainWindow
[2026-07-16 13:57:20.684] [info]  (WindowEvents)           Main window closed!
[2026-07-16 13:57:20.903] [info]  (WindowEvents)           App deactivated!
[2026-07-16 13:57:22.453] [info]  (ConfigService)          Clearing...
[2026-07-16 13:57:22.455] [info]  (TrayMenuService)        Destoring app tray
[2026-07-16 13:57:22.456] [info]  (DownloadService)        Cancel downloading tasks!
[2026-07-16 13:57:22.456] [info]  (DownloadService)        Clear check download timer.
[2026-07-16 13:57:22.481] [info]  (ReportService)          Initing performance samples!
[2026-07-16 13:57:22.546] [info]  (WindowEvents)           Start close window:  mainWindow
[2026-07-16 13:57:22.546] [info]  (WindowEvents)           Main window closed!
[2026-07-16 13:57:22.570] [info]  (WindowEvents)           Start close window:  playerWindow
[2026-07-16 13:57:22.572] [info]  (ConfigController)       Set is selected exit:  false
[2026-07-16 13:57:22.616] [info]  (WindowEvents)           Start close window:  playerWindow
[2026-07-16 13:57:22.617] [info]  (WindowEvents)           Player window closed!
[2026-07-16 13:57:24.026] [info]  (ConfigService)          App quitting...
[2026-07-16 13:57:24.027] [info]  (AppEvents)              Good-bye!
[2026-07-16 18:38:34.633] [info]  (AppService)           Main running...
[2026-07-16 18:38:34.756] [info]  (SystemService)        [App info]:
 {
  version: '1.17.6',
  installVersion: '1.17.6',
  electron: '41.7.2',
  node: '24.15.0',
  chromium: '146.0.7680.216',
  buildCode: '10010170062603261238',
  buildId: '1285965',
  buildJobId: '23743424',
  chid: 'official'
}
[2026-07-16 18:38:34.760] [info]  (SystemService)        [System info]:
 {
  osArch: 'x64',
  processArch: 'x64',
  platform: 'linux',
  osType: 'Linux',
  osRelease: '7.1.0',
  osVersoin: '#1-NixOS SMP PREEMPT_DYNAMIC Sun Jun 14 14:58:38 UTC 2026',
  endianness: 'LE',
  hostName: 'nixos',
  totalMemory: 24905650176,
  sysVersion: '10.0.26100.2605'
}
[2026-07-16 18:38:34.771] [info]  (SystemService)        [User info] { isLogin: true, mid: 3632306304583906, uname: 'void博博' }
[2026-07-16 18:38:34.772] [info]  (SystemService)        Initing app configs!
[2026-07-16 18:38:34.849] [info]  (SystemService)        Load inject code config.
[2026-07-16 18:38:34.859] [info]  (PlayerService)        Initing player exp.
[2026-07-16 18:38:34.859] [info]  (PlayerService)        Load player config.
[2026-07-16 18:38:34.885] [info]  (FfAbTestService)      Parse FF tree.
[2026-07-16 18:38:34.937] [info]  (NotificationService)  Notification:  true
[2026-07-16 18:38:34.938] [info]  (FfAbTestService)      FF: {"sidebar_game_entry":false,"sidebar_upload_hide_r":false,"sidebar_upload_toweb":false,"sidebar_upload_toappbrowser":true,"sidebar_selected_hide2_r":false,"enable_system_notification":true,"is_ugc_season_tab":true,"show_local_video_setting_r":true,"show_search_ad":true}
[2026-07-16 18:38:34.998] [info]  (AuthService)          Updating cookies!
[2026-07-16 18:38:35.011] [info]  (AuthService)          init buivd 43E3083959E5485BFFEE24C02606051331gCXK2AM+nB06Gla5fbTw
[2026-07-16 18:38:35.016] [info]  (AuthService)          buvidmark 1
[2026-07-16 18:38:35.026] [info]  (ReportService)        Initing log-report!
[2026-07-16 18:38:35.027] [info]  (FfAbTestService)      Fetch FF info.
[2026-07-16 18:38:35.031] [info]  (FfAbTestService)      Parse FF tree.
[2026-07-16 18:38:35.057] [info]  (FfAbTestService)      FF: {"sidebar_game_entry":false,"sidebar_upload_hide_r":false,"sidebar_upload_toweb":false,"sidebar_upload_toappbrowser":true,"sidebar_selected_hide2_r":false,"enable_system_notification":true,"is_ugc_season_tab":true,"show_local_video_setting_r":true,"show_search_ad":true}
[2026-07-16 18:38:35.121] [info]  (AppService)             Help server ready! 
[2026-07-16 18:38:35.121] [info]  (AuthService)            Updating cookies!
[2026-07-16 18:38:35.126] [info]  (AppService)             Creating windows!
[2026-07-16 18:38:35.218] [info]  (WindowFactory)          Main window created!
[2026-07-16 18:38:35.233] [info]  (TrayMenuService)        Creating app tray.
[2026-07-16 18:38:35.235] [info]  (TrayMenuService)        Creating app menu.
[2026-07-16 18:38:35.383] [info]  (ReportService)          Init log-report success!
[2026-07-16 18:38:35.406] [info]  (SystemService)          NativeTheme updated, shouldUseDarkColors: false
[2026-07-16 18:38:35.470] [info]  (AuthService)            Updating cookies!
[2026-07-16 18:38:35.577] [info]  (SystemService)          NativeTheme updated, shouldUseDarkColors: true
[2026-07-16 18:38:35.581] [info]  (SystemService)          NativeTheme updated, shouldUseDarkColors: true
[2026-07-16 18:38:35.665] [info]  (PlayerService)          Init player versions.
[2026-07-16 18:38:35.671] [info]  (SystemService)          Fetch appConfig success!
[2026-07-16 18:38:35.688] [info]  (FfAbTestService)        FF env, s-c prod
[2026-07-16 18:38:35.696] [info]  (FfAbTestService)        FF versions, l-r: 41375
[2026-07-16 18:38:36.201] [debug] (WindowService)          Splash window ready!
[2026-07-16 18:38:36.482] [info]  (AuthController)         set gaia fingerprint webgl
[2026-07-16 18:38:36.533] [info]  (WindowEvents)           App activated!
[2026-07-16 18:38:36.798] [info]  (RenderProcess)          Activate page: HomeRecommends
[2026-07-16 18:38:36.886] [info]  (WindowService)          Main window ready!
[2026-07-16 18:38:36.886] [info]  (DownloadService)        Init DownloadURL Events
[2026-07-16 18:38:36.906] [info]  (AuthService)            Checking refresh BiliConf.
[2026-07-16 18:38:36.918] [info]  (AuthService)            Judge login status!
[2026-07-16 18:38:36.942] [warn]  (UpdateService)          APPIMAGE env is not defined, current application is not an AppImage
[2026-07-16 18:38:36.942] [info]  (UpdateService)          Patch info: [{"v":"1.17.9","on":true,"s":"04c6fb8672","b":"0~999","bc":1000,"sv":"1.9.0","ev":"1.17.9","fix":0},{"v":"1.17.8","on":true,"s":"04c6fb8672","b":"0~999","bc":1000,"sv":"1.9.0","ev":"1.17.7","fix":0},{"v":"1.17.6","on":true,"s":"04c6fb8672","b":"0~999","bc":1000,"sv":"1.9.0","ev":"1.17.6","fix":0}]
[2026-07-16 18:38:36.949] [info]  (UpdateService)          Patch bucket: 816
[2026-07-16 18:38:36.949] [info]  (UpdateService)          Increment update bucket hit.
[2026-07-16 18:38:36.950] [info]  (UpdateService)          Fetch patch: 1.17.9 25026105
[2026-07-16 18:38:36.965] [info]  (AuthService)            System-fp ready!
[2026-07-16 18:38:37.017] [info]  (NotificationService)    Notification mainWindowReady
[2026-07-16 18:38:37.017] [info]  (DownloadService)        Init bili-download!
[2026-07-16 18:38:37.028] [info]  (DownloadService)        Download path: /home/shorin/视频/bilibili
[2026-07-16 18:38:37.064] [info]  (GameService)            Local game list: []
[2026-07-16 18:38:37.065] [info]  (SystemService)          Initing ffmpeg!
[2026-07-16 18:38:37.074] [info]  (ReportService)          Initing performance samples!
[2026-07-16 18:38:37.098] [info]  (WindowFactory)          Player window created!
[2026-07-16 18:38:37.107] [info]  (WindowEvents)           Startup timeline:  {"appReadyTime":null,"splashReadyTime":null,"decryptedTime":null,"bootstrapTime":null,"runCodeTime":null,"runCodeEndTime":null,"mainWindowReady":null}
[2026-07-16 18:38:37.118] [info]  (DownloadService)        Clear check download timer.
[2026-07-16 18:38:37.159] [info]  (DownloadService)        Check auto start download:  true
[2026-07-16 18:38:37.335] [info]  (AuthService)            Login status:  true
[2026-07-16 18:38:37.425] [info]  (AuthService)            BiliConf valid!
[2026-07-16 18:38:37.875] [info]  (WindowController)       Search page ready!
[2026-07-16 18:38:38.283] [info]  (WindowController)       Player window ready!
[2026-07-16 18:38:43.402] [info]  (WindowEvents)           App deactivated!
[2026-07-16 18:38:46.719] [info]  (WindowEvents)           Focus on mainWindow!
[2026-07-16 18:38:46.936] [info]  (WindowEvents)           App activated!
[2026-07-16 18:38:47.940] [info]  (WindowEvents)           App deactivated!
[2026-07-16 18:38:49.099] [info]  (WindowEvents)           Focus on mainWindow!
[2026-07-16 18:38:49.316] [info]  (WindowEvents)           App activated!
[2026-07-16 18:38:49.531] [info]  (WindowEvents)           App deactivated!
[2026-07-16 18:38:50.956] [info]  (WindowEvents)           Focus on mainWindow!
[2026-07-16 18:38:51.173] [info]  (WindowEvents)           App activated!
[2026-07-16 18:38:51.208] [info]  (UpdateService)          Fetch patch success!
[2026-07-16 18:38:51.234] [error] (UpdateService)          download petch(1.17.9,25026105) error: Error: ENOENT: no such file or directory, open '/home/shorin/.config/bilibili/resource/update.zip'
    at Object.openSync (node:fs:561:18)
    at Object.func [as openSync] (node:electron/js2c/node_init:2:2630)
    at writeFileSync (node:fs:2428:35)
    at O.handleFetchPatch (/nix/store/aykd97ma3npvhqp7zf7lgyrfhjybb1zh-bilibili-1.17.6-2/opt/app.asar/main/app.js:1:460061)
    at process.processTicksAndRejections (node:internal/process/task_queues:104:5)
[2026-07-16 18:38:52.519] [info]  (WindowController)       Open player window: {"type":"ugc","bvid":"BV1bDNE6UEfg","fromSpmid":"main.home-page-recommend.tianma.2-5-10.0","mediaList":null,"trackId":"web_pegasus_0.router-web-pegasus-2479516-f6fct.1784198317334.929"}
[2026-07-16 18:39:01.306] [info]  (WindowEvents)           Start close window:  playerWindow
[2026-07-16 18:39:01.359] [info]  (WindowEvents)           Start close window:  playerWindow
[2026-07-16 18:39:01.360] [info]  (WindowEvents)           Player window closed!
[2026-07-16 18:39:01.383] [info]  (WindowEvents)           Focus on mainWindow!
[2026-07-16 18:39:01.745] [info]  (WindowEvents)           Start close window:  mainWindow
[2026-07-16 18:39:01.746] [info]  (WindowEvents)           Main window closed!
[2026-07-16 18:39:01.962] [info]  (WindowEvents)           App deactivated!
[2026-07-16 18:39:04.333] [info]  (ConfigService)          Clearing...
[2026-07-16 18:39:04.335] [info]  (TrayMenuService)        Destoring app tray
[2026-07-16 18:39:04.335] [info]  (DownloadService)        Cancel downloading tasks!
[2026-07-16 18:39:04.336] [info]  (DownloadService)        Clear check download timer.
[2026-07-16 18:39:04.376] [info]  (ReportService)          Initing performance samples!
[2026-07-16 18:39:04.447] [info]  (WindowEvents)           Start close window:  mainWindow
[2026-07-16 18:39:04.447] [info]  (WindowEvents)           Main window closed!
[2026-07-16 18:39:04.469] [info]  (WindowEvents)           Start close window:  playerWindow
[2026-07-16 18:39:04.470] [info]  (WindowEvents)           Player window closed!
[2026-07-16 18:39:04.472] [info]  (ConfigController)       Set is selected exit:  false
[2026-07-16 18:39:05.918] [info]  (ConfigService)          App quitting...
[2026-07-16 18:39:05.919] [info]  (AppEvents)              Good-bye!
[2026-07-18 17:25:19.749] [info]  (AppService)           Main running...
[2026-07-18 17:25:19.834] [info]  (SystemService)        [App info]:
 {
  version: '1.17.6',
  installVersion: '1.17.6',
  electron: '41.7.2',
  node: '24.15.0',
  chromium: '146.0.7680.216',
  buildCode: '10010170062603261238',
  buildId: '1285965',
  buildJobId: '23743424',
  chid: 'official'
}
[2026-07-18 17:25:19.837] [info]  (SystemService)        [System info]:
 {
  osArch: 'x64',
  processArch: 'x64',
  platform: 'linux',
  osType: 'Linux',
  osRelease: '7.1.0',
  osVersoin: '#1-NixOS SMP PREEMPT_DYNAMIC Sun Jun 14 14:58:38 UTC 2026',
  endianness: 'LE',
  hostName: 'nixos',
  totalMemory: 24905641984,
  sysVersion: '10.0.26100.2605'
}
[2026-07-18 17:25:19.845] [info]  (SystemService)        [User info] { isLogin: true, mid: 3632306304583906, uname: 'void博博' }
[2026-07-18 17:25:19.846] [info]  (SystemService)        Initing app configs!
[2026-07-18 17:25:19.909] [info]  (SystemService)        Load inject code config.
[2026-07-18 17:25:19.916] [info]  (PlayerService)        Initing player exp.
[2026-07-18 17:25:19.916] [info]  (PlayerService)        Load player config.
[2026-07-18 17:25:19.931] [info]  (FfAbTestService)      Parse FF tree.
[2026-07-18 17:25:19.954] [info]  (NotificationService)  Notification:  true
[2026-07-18 17:25:19.954] [info]  (FfAbTestService)      FF: {"sidebar_game_entry":false,"sidebar_upload_hide_r":false,"sidebar_upload_toweb":false,"sidebar_upload_toappbrowser":true,"sidebar_selected_hide2_r":false,"enable_system_notification":true,"is_ugc_season_tab":true,"show_local_video_setting_r":true,"show_search_ad":true}
[2026-07-18 17:25:19.984] [info]  (AuthService)          Updating cookies!
[2026-07-18 17:25:19.992] [info]  (AuthService)          init buivd 43E3083959E5485BFFEE24C02606051331gCXK2AM+nB06Gla5fbTw
[2026-07-18 17:25:19.995] [info]  (AuthService)          buvidmark 1
[2026-07-18 17:25:20.003] [info]  (ReportService)        Initing log-report!
[2026-07-18 17:25:20.003] [info]  (FfAbTestService)      Fetch FF info.
[2026-07-18 17:25:20.008] [info]  (FfAbTestService)      Parse FF tree.
[2026-07-18 17:25:20.029] [info]  (FfAbTestService)      FF: {"sidebar_game_entry":false,"sidebar_upload_hide_r":false,"sidebar_upload_toweb":false,"sidebar_upload_toappbrowser":true,"sidebar_selected_hide2_r":false,"enable_system_notification":true,"is_ugc_season_tab":true,"show_local_video_setting_r":true,"show_search_ad":true}
[2026-07-18 17:25:20.083] [info]  (AppService)             Help server ready! 
[2026-07-18 17:25:20.083] [info]  (AuthService)            Updating cookies!
[2026-07-18 17:25:20.087] [info]  (AppService)             Creating windows!
[2026-07-18 17:25:20.201] [info]  (WindowFactory)          Main window created!
[2026-07-18 17:25:20.214] [info]  (TrayMenuService)        Creating app tray.
[2026-07-18 17:25:20.216] [info]  (TrayMenuService)        Creating app menu.
[2026-07-18 17:25:20.348] [info]  (ReportService)          Init log-report success!
[2026-07-18 17:25:20.369] [info]  (SystemService)          NativeTheme updated, shouldUseDarkColors: false
[2026-07-18 17:25:20.409] [info]  (AuthService)            Updating cookies!
[2026-07-18 17:25:20.498] [info]  (PlayerService)          Init player versions.
[2026-07-18 17:25:20.501] [info]  (SystemService)          NativeTheme updated, shouldUseDarkColors: true
[2026-07-18 17:25:20.504] [info]  (SystemService)          NativeTheme updated, shouldUseDarkColors: true
[2026-07-18 17:25:20.504] [info]  (SystemService)          NativeTheme updated, shouldUseDarkColors: true
[2026-07-18 17:25:20.508] [info]  (FfAbTestService)        FF env, s-c prod
[2026-07-18 17:25:20.511] [info]  (FfAbTestService)        FF versions, l-r: 41375
[2026-07-18 17:25:20.515] [info]  (SystemService)          Fetch appConfig success!
[2026-07-18 17:25:21.091] [debug] (WindowService)          Splash window ready!
[2026-07-18 17:25:21.339] [info]  (WindowEvents)           App activated!
[2026-07-18 17:25:21.348] [info]  (AuthController)         set gaia fingerprint webgl
[2026-07-18 17:25:21.893] [info]  (RenderProcess)          Activate page: HomeRecommends
[2026-07-18 17:25:21.963] [info]  (WindowService)          Main window ready!
[2026-07-18 17:25:21.964] [info]  (DownloadService)        Init DownloadURL Events
[2026-07-18 17:25:21.985] [info]  (AuthService)            Checking refresh BiliConf.
[2026-07-18 17:25:21.999] [info]  (AuthService)            Judge login status!
[2026-07-18 17:25:22.024] [warn]  (UpdateService)          APPIMAGE env is not defined, current application is not an AppImage
[2026-07-18 17:25:22.024] [info]  (UpdateService)          Patch info: [{"v":"1.17.9","on":true,"s":"04c6fb8672","b":"0~999","bc":1000,"sv":"1.9.0","ev":"1.17.9","fix":0},{"v":"1.17.8","on":true,"s":"04c6fb8672","b":"0~999","bc":1000,"sv":"1.9.0","ev":"1.17.7","fix":0},{"v":"1.17.6","on":true,"s":"04c6fb8672","b":"0~999","bc":1000,"sv":"1.9.0","ev":"1.17.6","fix":0}]
[2026-07-18 17:25:22.032] [info]  (UpdateService)          Patch bucket: 816
[2026-07-18 17:25:22.032] [info]  (UpdateService)          Increment update bucket hit.
[2026-07-18 17:25:22.032] [info]  (UpdateService)          Fetch patch: 1.17.9 25026105
[2026-07-18 17:25:22.047] [info]  (AuthService)            System-fp ready!
[2026-07-18 17:25:22.080] [info]  (NotificationService)    Notification mainWindowReady
[2026-07-18 17:25:22.080] [info]  (DownloadService)        Init bili-download!
[2026-07-18 17:25:22.087] [info]  (DownloadService)        Download path: /home/shorin/视频/bilibili
[2026-07-18 17:25:22.102] [info]  (GameService)            Local game list: []
[2026-07-18 17:25:22.102] [info]  (SystemService)          Initing ffmpeg!
[2026-07-18 17:25:22.106] [info]  (ReportService)          Initing performance samples!
[2026-07-18 17:25:22.118] [info]  (WindowFactory)          Player window created!
[2026-07-18 17:25:22.124] [info]  (WindowEvents)           Startup timeline:  {"appReadyTime":null,"splashReadyTime":null,"decryptedTime":null,"bootstrapTime":null,"runCodeTime":null,"runCodeEndTime":null,"mainWindowReady":null}
[2026-07-18 17:25:22.135] [info]  (DownloadService)        Clear check download timer.
[2026-07-18 17:25:22.172] [info]  (DownloadService)        Check auto start download:  true
[2026-07-18 17:25:22.271] [info]  (AuthService)            Login status:  true
[2026-07-18 17:25:22.545] [info]  (AuthService)            BiliConf valid!
[2026-07-18 17:25:22.941] [info]  (WindowController)       Search page ready!
[2026-07-18 17:25:23.279] [info]  (WindowController)       Player window ready!
[2026-07-18 17:25:32.595] [info]  (RenderProcess)          Activate page: SearchPage
[2026-07-18 17:26:09.141] [info]  (UpdateService)          Fetch patch success!
[2026-07-18 17:26:09.163] [error] (UpdateService)          download petch(1.17.9,25026105) error: Error: ENOENT: no such file or directory, open '/home/shorin/.config/bilibili/resource/update.zip'
    at Object.openSync (node:fs:561:18)
    at Object.func [as openSync] (node:electron/js2c/node_init:2:2630)
    at writeFileSync (node:fs:2428:35)
    at O.handleFetchPatch (/nix/store/aykd97ma3npvhqp7zf7lgyrfhjybb1zh-bilibili-1.17.6-2/opt/app.asar/main/app.js:1:460061)
    at process.processTicksAndRejections (node:internal/process/task_queues:104:5)
[2026-07-18 17:26:11.537] [info]  (WindowController)       Open player window: {"type":"ugc","bvid":"BV1TimsYGEHY","fromSpmid":"main.search-result.0.0.pv","trackId":"10989067894727292121"}
[2026-07-18 17:26:34.517] [info]  (WindowEvents)           Start close window:  playerWindow
[2026-07-18 17:26:34.577] [info]  (WindowEvents)           Start close window:  playerWindow
[2026-07-18 17:26:34.578] [info]  (WindowEvents)           Player window closed!
[2026-07-18 17:26:34.603] [info]  (WindowEvents)           Focus on mainWindow!
[2026-07-18 17:26:35.510] [info]  (WindowEvents)           Start close window:  mainWindow
[2026-07-18 17:26:35.510] [info]  (WindowEvents)           Main window closed!
[2026-07-18 17:26:35.726] [info]  (WindowEvents)           App deactivated!
[2026-07-18 17:40:20.787] [info]  (SystemService)          Fetch appConfig success!
[2026-07-18 17:55:19.726] [info]  (PlayerService)          Load player config.
[2026-07-18 17:55:19.737] [info]  (SystemService)          Load inject code config.
[2026-07-18 17:55:20.014] [info]  (PlayerService)          Init player versions.
[2026-07-18 17:55:20.272] [info]  (SystemService)          Fetch appConfig success!
[2026-07-18 18:10:20.328] [info]  (SystemService)          Fetch appConfig success!
[2026-07-18 18:24:22.173] [info]  (ReportService)          Initing performance samples!
[2026-07-18 18:25:19.726] [info]  (PlayerService)          Load player config.
[2026-07-18 18:25:19.740] [info]  (SystemService)          Load inject code config.
[2026-07-18 18:25:19.854] [info]  (PlayerService)          Init player versions.
[2026-07-18 18:25:20.242] [info]  (SystemService)          Fetch appConfig success!
[2026-07-18 18:40:20.227] [info]  (SystemService)          Fetch appConfig success!
[2026-07-18 18:55:19.727] [info]  (PlayerService)          Load player config.
[2026-07-18 18:55:19.740] [info]  (SystemService)          Load inject code config.
[2026-07-18 18:55:19.939] [info]  (PlayerService)          Init player versions.
[2026-07-18 18:55:20.126] [info]  (SystemService)          Fetch appConfig success!
[2026-07-18 19:10:20.115] [info]  (SystemService)          Fetch appConfig success!
[2026-07-18 19:23:22.253] [info]  (ReportService)          Initing performance samples!
[2026-07-18 19:25:19.728] [info]  (PlayerService)          Load player config.
[2026-07-18 19:25:19.742] [info]  (SystemService)          Load inject code config.
[2026-07-18 19:25:20.057] [info]  (PlayerService)          Init player versions.
[2026-07-18 19:25:20.156] [info]  (SystemService)          Fetch appConfig success!
[2026-07-18 19:40:20.079] [info]  (SystemService)          Fetch appConfig success!
[2026-07-18 19:40:21.885] [info]  (ConfigService)          Clearing...
[2026-07-18 19:40:21.887] [info]  (TrayMenuService)        Destoring app tray
[2026-07-18 19:40:21.888] [info]  (DownloadService)        Cancel downloading tasks!
[2026-07-18 19:40:21.888] [info]  (DownloadService)        Clear check download timer.
[2026-07-18 19:40:22.004] [info]  (ReportService)          Initing performance samples!
[2026-07-18 19:40:22.057] [info]  (WindowEvents)           Start close window:  mainWindow
[2026-07-18 19:40:22.058] [info]  (WindowEvents)           Main window closed!
[2026-07-18 19:40:22.069] [info]  (WindowEvents)           Start close window:  playerWindow
[2026-07-18 19:40:22.070] [info]  (WindowEvents)           Player window closed!
[2026-07-18 19:40:22.070] [error] (AppEvents)              App child-process-gone, reason: {
  type: 'Utility',
  reason: 'killed',
  name: 'Audio Service',
  serviceName: 'audio.mojom.AudioService',
  exitCode: 15
}
[2026-07-18 19:40:22.075] [info]  (ConfigController)       Set is selected exit:  false
[2026-07-18 19:40:22.084] [error] (AppEvents)              Render process gone, reason: killed
[2026-07-18 19:40:23.034] [error] (AppEvents)              App child-process-gone, reason: {
  type: 'Utility',
  reason: 'killed',
  name: 'Network Service',
  serviceName: 'network.mojom.NetworkService',
  exitCode: 15
}
[2026-07-18 19:40:23.046] [error] (AppEvents)              Render process gone, reason: killed
[2026-07-18 19:48:58.217] [info]  (AppService)           Main running...
[2026-07-18 19:48:58.339] [info]  (SystemService)        [App info]:
 {
  version: '1.17.6',
  installVersion: '1.17.6',
  electron: '41.9.1',
  node: '24.17.0',
  chromium: '146.0.7680.216',
  buildCode: '10010170062603261238',
  buildId: '1285965',
  buildJobId: '23743424',
  chid: 'official'
}
[2026-07-18 19:48:58.343] [info]  (SystemService)        [System info]:
 {
  osArch: 'x64',
  processArch: 'x64',
  platform: 'linux',
  osType: 'Linux',
  osRelease: '7.1.3',
  osVersoin: '#1-NixOS SMP PREEMPT_DYNAMIC Sat Jul  4 11:45:09 UTC 2026',
  endianness: 'LE',
  hostName: 'nixos',
  totalMemory: 24905654272,
  sysVersion: '10.0.26100.2605'
}
[2026-07-18 19:48:58.351] [info]  (SystemService)        [User info] { isLogin: true, mid: 3632306304583906, uname: 'void博博' }
[2026-07-18 19:48:58.352] [info]  (SystemService)        Initing app configs!
[2026-07-18 19:48:58.407] [info]  (SystemService)        Load inject code config.
[2026-07-18 19:48:58.415] [info]  (PlayerService)        Initing player exp.
[2026-07-18 19:48:58.415] [info]  (PlayerService)        Load player config.
[2026-07-18 19:48:58.436] [info]  (FfAbTestService)      Parse FF tree.
[2026-07-18 19:48:58.475] [info]  (NotificationService)  Notification:  true
[2026-07-18 19:48:58.475] [info]  (FfAbTestService)      FF: {"sidebar_game_entry":false,"sidebar_upload_hide_r":false,"sidebar_upload_toweb":false,"sidebar_upload_toappbrowser":true,"sidebar_selected_hide2_r":false,"enable_system_notification":true,"is_ugc_season_tab":true,"show_local_video_setting_r":true,"show_search_ad":true}
[2026-07-18 19:48:58.511] [info]  (AuthService)          Updating cookies!
[2026-07-18 19:48:58.520] [info]  (AuthService)          init buivd 43E3083959E5485BFFEE24C02606051331gCXK2AM+nB06Gla5fbTw
[2026-07-18 19:48:58.523] [info]  (AuthService)          buvidmark 1
[2026-07-18 19:48:58.531] [info]  (ReportService)        Initing log-report!
[2026-07-18 19:48:58.531] [info]  (FfAbTestService)      Fetch FF info.
[2026-07-18 19:48:58.535] [info]  (FfAbTestService)      Parse FF tree.
[2026-07-18 19:48:58.557] [info]  (FfAbTestService)      FF: {"sidebar_game_entry":false,"sidebar_upload_hide_r":false,"sidebar_upload_toweb":false,"sidebar_upload_toappbrowser":true,"sidebar_selected_hide2_r":false,"enable_system_notification":true,"is_ugc_season_tab":true,"show_local_video_setting_r":true,"show_search_ad":true}
[2026-07-18 19:48:58.610] [info]  (AppService)             Help server ready! 
[2026-07-18 19:48:58.610] [info]  (AuthService)            Updating cookies!
[2026-07-18 19:48:58.614] [info]  (AppService)             Creating windows!
[2026-07-18 19:48:58.700] [info]  (WindowFactory)          Main window created!
[2026-07-18 19:48:58.715] [info]  (TrayMenuService)        Creating app tray.
[2026-07-18 19:48:58.716] [info]  (TrayMenuService)        Creating app menu.
[2026-07-18 19:48:58.869] [info]  (ReportService)          Init log-report success!
[2026-07-18 19:48:58.885] [info]  (SystemService)          NativeTheme updated, shouldUseDarkColors: false
[2026-07-18 19:48:58.958] [info]  (AuthService)            Updating cookies!
[2026-07-18 19:48:59.128] [info]  (SystemService)          NativeTheme updated, shouldUseDarkColors: true
[2026-07-18 19:48:59.132] [info]  (SystemService)          NativeTheme updated, shouldUseDarkColors: true
[2026-07-18 19:48:59.198] [info]  (FfAbTestService)        FF env, s-c prod
[2026-07-18 19:48:59.201] [info]  (FfAbTestService)        FF versions, l-r: 41375
[2026-07-18 19:48:59.202] [info]  (SystemService)          Fetch appConfig success!
[2026-07-18 19:48:59.262] [info]  (PlayerService)          Init player versions.
[2026-07-18 19:48:59.592] [debug] (WindowService)          Splash window ready!
[2026-07-18 19:48:59.876] [info]  (AuthController)         set gaia fingerprint webgl
[2026-07-18 19:49:00.410] [info]  (RenderProcess)          Activate page: HomeRecommends
[2026-07-18 19:49:00.497] [info]  (WindowService)          Main window ready!
[2026-07-18 19:49:00.498] [info]  (DownloadService)        Init DownloadURL Events
[2026-07-18 19:49:00.524] [info]  (AuthService)            Checking refresh BiliConf.
[2026-07-18 19:49:00.539] [info]  (AuthService)            Judge login status!
[2026-07-18 19:49:00.566] [warn]  (UpdateService)          APPIMAGE env is not defined, current application is not an AppImage
[2026-07-18 19:49:00.567] [info]  (UpdateService)          Patch info: [{"v":"1.17.9","on":true,"s":"04c6fb8672","b":"0~999","bc":1000,"sv":"1.9.0","ev":"1.17.9","fix":0},{"v":"1.17.8","on":true,"s":"04c6fb8672","b":"0~999","bc":1000,"sv":"1.9.0","ev":"1.17.7","fix":0},{"v":"1.17.6","on":true,"s":"04c6fb8672","b":"0~999","bc":1000,"sv":"1.9.0","ev":"1.17.6","fix":0}]
[2026-07-18 19:49:00.576] [info]  (UpdateService)          Patch bucket: 816
[2026-07-18 19:49:00.576] [info]  (UpdateService)          Increment update bucket hit.
[2026-07-18 19:49:00.577] [info]  (UpdateService)          Fetch patch: 1.17.9 25026105
[2026-07-18 19:49:00.592] [info]  (AuthService)            System-fp ready!
[2026-07-18 19:49:00.633] [info]  (NotificationService)    Notification mainWindowReady
[2026-07-18 19:49:00.633] [info]  (DownloadService)        Init bili-download!
[2026-07-18 19:49:00.641] [info]  (DownloadService)        Download path: /home/shorin/视频/bilibili
[2026-07-18 19:49:00.667] [info]  (GameService)            Local game list: []
[2026-07-18 19:49:00.667] [info]  (SystemService)          Initing ffmpeg!
[2026-07-18 19:49:00.675] [info]  (ReportService)          Initing performance samples!
[2026-07-18 19:49:00.696] [info]  (WindowFactory)          Player window created!
[2026-07-18 19:49:00.705] [info]  (WindowEvents)           Startup timeline:  {"appReadyTime":null,"splashReadyTime":null,"decryptedTime":null,"bootstrapTime":null,"runCodeTime":null,"runCodeEndTime":null,"mainWindowReady":null}
[2026-07-18 19:49:00.716] [info]  (DownloadService)        Clear check download timer.
[2026-07-18 19:49:00.752] [info]  (DownloadService)        Check auto start download:  true
[2026-07-18 19:49:00.916] [info]  (AuthService)            Login status:  undefined
[2026-07-18 19:49:01.064] [info]  (AuthService)            BiliConf valid!
[2026-07-18 19:49:01.183] [info]  (AuthService)            Updating cookies!
[2026-07-18 19:49:01.600] [info]  (WindowController)       Search page ready!
[2026-07-18 19:49:01.942] [info]  (WindowEvents)           App activated!
[2026-07-18 19:49:01.991] [info]  (WindowController)       Player window ready!
[2026-07-18 19:49:02.067] [debug] (AuthService)            Session remaind:  false
[2026-07-18 19:49:02.067] [info]  (EventsService)          Logout successful!
[2026-07-18 19:49:02.245] [info]  (DownloadService)        Update bili-download, cachePath: /home/shorin/视频/bilibili
[2026-07-18 19:49:02.257] [info]  (FfAbTestService)        Parse FF tree.
[2026-07-18 19:49:02.308] [info]  (FfAbTestService)        FF: {"sidebar_game_entry":false,"sidebar_upload_hide_r":false,"sidebar_upload_toweb":false,"sidebar_upload_toappbrowser":true,"sidebar_selected_hide2_r":false,"enable_system_notification":true,"is_ugc_season_tab":true,"show_local_video_setting_r":true,"show_search_ad":true}
[2026-07-18 19:49:02.326] [info]  (DownloadService)        Clear check download timer.
[2026-07-18 19:49:02.868] [info]  (RenderProcess)          Activate page: HomeRecommends
[2026-07-18 19:49:03.278] [info]  (WindowController)       Search page ready!
[2026-07-18 19:49:03.789] [info]  (WindowEvents)           App deactivated!
[2026-07-18 19:49:12.520] [info]  (WindowEvents)           Focus on mainWindow!
[2026-07-18 19:49:12.749] [info]  (WindowEvents)           App activated!
[2026-07-18 19:49:15.490] [info]  (WindowEvents)           Start close window:  mainWindow
[2026-07-18 19:49:15.490] [info]  (WindowEvents)           Main window closed!
[2026-07-18 19:49:15.709] [info]  (WindowEvents)           App deactivated!
[2026-07-18 19:49:44.807] [info]  (UpdateService)          Fetch patch success!
[2026-07-18 19:49:44.828] [error] (UpdateService)          download petch(1.17.9,25026105) error: Error: ENOENT: no such file or directory, open '/home/shorin/.config/bilibili/resource/update.zip'
    at Object.openSync (node:fs:561:18)
    at Object.func [as openSync] (node:electron/js2c/node_init:2:2630)
    at writeFileSync (node:fs:2436:35)
    at O.handleFetchPatch (/nix/store/vcwgvgiwdkskpzmi7vyvdh564s9mwcm3-bilibili-1.17.9-1/opt/app.asar/main/app.js:1:460061)
    at process.processTicksAndRejections (node:internal/process/task_queues:104:5)
[2026-07-18 19:54:49.440] [info]  (ConfigService)          Clearing...
[2026-07-18 19:54:49.445] [info]  (TrayMenuService)        Destoring app tray
[2026-07-18 19:54:49.446] [info]  (DownloadService)        Cancel downloading tasks!
[2026-07-18 19:54:49.446] [info]  (DownloadService)        Clear check download timer.
[2026-07-18 19:54:49.502] [info]  (ReportService)          Initing performance samples!
[2026-07-18 19:54:49.609] [info]  (WindowEvents)           Start close window:  mainWindow
[2026-07-18 19:54:49.610] [info]  (WindowEvents)           Main window closed!
[2026-07-18 19:54:49.639] [info]  (WindowEvents)           Start close window:  playerWindow
[2026-07-18 19:54:49.652] [error] (AppEvents)              App child-process-gone, reason: {
  type: 'Utility',
  reason: 'killed',
  name: 'Network Service',
  serviceName: 'network.mojom.NetworkService',
  exitCode: 15
}
[2026-07-18 19:54:49.675] [error] (AppEvents)              Render process gone, reason: killed
[2026-07-23 21:10:34.792] [info]  (AppService)           Main running...
[2026-07-23 21:10:34.873] [info]  (SystemService)        [App info]:
 {
  version: '1.17.6',
  installVersion: '1.17.6',
  electron: '41.9.1',
  node: '24.17.0',
  chromium: '146.0.7680.216',
  buildCode: '10010170062603261238',
  buildId: '1285965',
  buildJobId: '23743424',
  chid: 'official'
}
[2026-07-23 21:10:34.876] [info]  (SystemService)        [System info]:
 {
  osArch: 'x64',
  processArch: 'x64',
  platform: 'linux',
  osType: 'Linux',
  osRelease: '7.1.3',
  osVersoin: '#1-NixOS SMP PREEMPT_DYNAMIC Sat Jul  4 11:45:09 UTC 2026',
  endianness: 'LE',
  hostName: 'nixos',
  totalMemory: 24905646080,
  sysVersion: '10.0.26100.2605'
}
[2026-07-23 21:10:34.883] [info]  (SystemService)        [User info] {}
[2026-07-23 21:10:34.884] [info]  (SystemService)        Initing app configs!
[2026-07-23 21:10:34.941] [info]  (SystemService)        Load inject code config.
[2026-07-23 21:10:34.948] [info]  (PlayerService)        Initing player exp.
[2026-07-23 21:10:34.948] [info]  (PlayerService)        Load player config.
[2026-07-23 21:10:34.963] [info]  (FfAbTestService)      Parse FF tree.
[2026-07-23 21:10:34.986] [info]  (NotificationService)  Notification:  true
[2026-07-23 21:10:34.987] [info]  (FfAbTestService)      FF: {"sidebar_game_entry":false,"sidebar_upload_hide_r":false,"sidebar_upload_toweb":false,"sidebar_upload_toappbrowser":true,"sidebar_selected_hide2_r":false,"enable_system_notification":true,"is_ugc_season_tab":true,"show_local_video_setting_r":true,"show_search_ad":true}
[2026-07-23 21:10:35.018] [info]  (AuthService)          Updating cookies!
[2026-07-23 21:10:35.026] [info]  (AuthService)          init buivd 43E3083959E5485BFFEE24C02606051331gCXK2AM+nB06Gla5fbTw
[2026-07-23 21:10:35.029] [info]  (AuthService)          buvidmark 1
[2026-07-23 21:10:35.037] [info]  (ReportService)        Initing log-report!
[2026-07-23 21:10:35.037] [info]  (FfAbTestService)      Fetch FF info.
[2026-07-23 21:10:35.041] [info]  (FfAbTestService)      Parse FF tree.
[2026-07-23 21:10:35.062] [info]  (FfAbTestService)      FF: {"sidebar_game_entry":false,"sidebar_upload_hide_r":false,"sidebar_upload_toweb":false,"sidebar_upload_toappbrowser":true,"sidebar_selected_hide2_r":false,"enable_system_notification":true,"is_ugc_season_tab":true,"show_local_video_setting_r":true,"show_search_ad":true}
[2026-07-23 21:10:35.116] [info]  (AppService)             Help server ready! 
[2026-07-23 21:10:35.116] [info]  (AuthService)            Updating cookies!
[2026-07-23 21:10:35.120] [info]  (AppService)             Creating windows!
[2026-07-23 21:10:35.206] [info]  (WindowFactory)          Main window created!
[2026-07-23 21:10:35.220] [info]  (TrayMenuService)        Creating app tray.
[2026-07-23 21:10:35.221] [info]  (TrayMenuService)        Creating app menu.
[2026-07-23 21:10:35.350] [info]  (ReportService)          Init log-report success!
[2026-07-23 21:10:35.359] [info]  (SystemService)          NativeTheme updated, shouldUseDarkColors: false
[2026-07-23 21:10:35.400] [info]  (AuthService)            Updating cookies!
[2026-07-23 21:10:35.427] [info]  (AuthService)            Updating cookies!
[2026-07-23 21:10:35.495] [info]  (SystemService)          NativeTheme updated, shouldUseDarkColors: true
[2026-07-23 21:10:35.499] [info]  (SystemService)          NativeTheme updated, shouldUseDarkColors: true
[2026-07-23 21:10:35.690] [info]  (SystemService)          Fetch appConfig success!
[2026-07-23 21:10:35.811] [info]  (PlayerService)          Init player versions.
[2026-07-23 21:10:35.822] [info]  (FfAbTestService)        FF env, s-c prod
[2026-07-23 21:10:35.828] [info]  (FfAbTestService)        FF versions, l-r: 41375
[2026-07-23 21:10:35.916] [info]  (AuthService)            Updating cookies!
[2026-07-23 21:10:36.184] [debug] (WindowService)          Splash window ready!
[2026-07-23 21:10:36.437] [info]  (AuthController)         set gaia fingerprint webgl
[2026-07-23 21:10:36.515] [info]  (WindowEvents)           App activated!
[2026-07-23 21:10:36.825] [info]  (RenderProcess)          Activate page: HomeRecommends
[2026-07-23 21:10:36.977] [info]  (WindowService)          Main window ready!
[2026-07-23 21:10:36.977] [info]  (DownloadService)        Init DownloadURL Events
[2026-07-23 21:10:36.985] [info]  (AuthService)            Judge login status!
[2026-07-23 21:10:37.007] [warn]  (UpdateService)          APPIMAGE env is not defined, current application is not an AppImage
[2026-07-23 21:10:37.007] [info]  (UpdateService)          Patch info: [{"v":"1.17.9","on":true,"s":"04c6fb8672","b":"0~999","bc":1000,"sv":"1.9.0","ev":"1.17.9","fix":0},{"v":"1.17.8","on":true,"s":"04c6fb8672","b":"0~999","bc":1000,"sv":"1.9.0","ev":"1.17.7","fix":0},{"v":"1.17.6","on":true,"s":"04c6fb8672","b":"0~999","bc":1000,"sv":"1.9.0","ev":"1.17.6","fix":0}]
[2026-07-23 21:10:37.016] [info]  (UpdateService)          Patch bucket: 816
[2026-07-23 21:10:37.016] [info]  (UpdateService)          Increment update bucket hit.
[2026-07-23 21:10:37.016] [info]  (UpdateService)          Fetch patch: 1.17.9 25026105
[2026-07-23 21:10:37.031] [info]  (AuthService)            Init system-fp!
[2026-07-23 21:10:37.069] [info]  (NotificationService)    Notification mainWindowReady
[2026-07-23 21:10:37.069] [info]  (DownloadService)        Init bili-download!
[2026-07-23 21:10:37.083] [info]  (DownloadService)        Download path: /home/shorin/视频/bilibili
[2026-07-23 21:10:37.107] [info]  (GameService)            Local game list: []
[2026-07-23 21:10:37.107] [info]  (SystemService)          Initing ffmpeg!
[2026-07-23 21:10:37.114] [info]  (ReportService)          Initing performance samples!
[2026-07-23 21:10:37.129] [info]  (WindowFactory)          Player window created!
[2026-07-23 21:10:37.133] [info]  (WindowEvents)           Startup timeline:  {"appReadyTime":null,"splashReadyTime":null,"decryptedTime":null,"bootstrapTime":null,"runCodeTime":null,"runCodeEndTime":null,"mainWindowReady":null}
[2026-07-23 21:10:37.138] [info]  (DownloadService)        Clear check download timer.
[2026-07-23 21:10:37.154] [info]  (DownloadService)        Check auto start download:  true
[2026-07-23 21:10:37.161] [info]  (DownloadService)        Clear check download timer.
[2026-07-23 21:10:37.259] [info]  (AuthService)            Login status:  false
[2026-07-23 21:10:37.317] [info]  (AuthService)            Init system-fp success!
[2026-07-23 21:10:37.830] [info]  (WindowController)       Search page ready!
[2026-07-23 21:10:37.949] [info]  (AuthService)            Updating cookies!
[2026-07-23 21:10:38.009] [info]  (AuthService)            Updating cookies!
[2026-07-23 21:10:38.378] [info]  (WindowController)       Player window ready!
[2026-07-23 21:10:39.114] [info]  (AuthService)            Updating cookies!
[2026-07-23 21:10:39.166] [info]  (AuthService)            Updating cookies!
[2026-07-23 21:10:40.128] [info]  (WindowEvents)           App deactivated!
[2026-07-23 21:10:41.203] [info]  (WindowEvents)           Focus on mainWindow!
[2026-07-23 21:10:41.418] [info]  (WindowEvents)           App activated!
[2026-07-23 21:10:52.612] [info]  (UpdateService)          Fetch patch success!
[2026-07-23 21:10:52.635] [error] (UpdateService)          download petch(1.17.9,25026105) error: Error: ENOENT: no such file or directory, open '/home/shorin/.config/bilibili/resource/update.zip'
    at Object.openSync (node:fs:561:18)
    at Object.func [as openSync] (node:electron/js2c/node_init:2:2630)
    at writeFileSync (node:fs:2436:35)
    at O.handleFetchPatch (/nix/store/vcwgvgiwdkskpzmi7vyvdh564s9mwcm3-bilibili-1.17.9-1/opt/app.asar/main/app.js:1:460061)
    at process.processTicksAndRejections (node:internal/process/task_queues:104:5)
[2026-07-23 21:10:59.863] [info]  (WindowEvents)           App deactivated!
[2026-07-23 21:11:00.970] [info]  (WindowEvents)           Focus on mainWindow!
[2026-07-23 21:11:01.186] [info]  (WindowEvents)           App activated!
[2026-07-23 21:11:04.147] [info]  (RenderProcess)          Activate page: SearchPage
[2026-07-23 21:12:17.332] [info]  (RenderProcess)          Activate page: MineHistory
[2026-07-23 21:12:18.393] [info]  (RenderProcess)          Activate page: MineFavorite
[2026-07-23 21:12:20.171] [info]  (AuthController)         Request login!
[2026-07-23 21:12:20.197] [info]  (WindowFactory)          Login window created!
[2026-07-23 21:12:20.354] [info]  (WindowFactory)          Initialize login page!
[2026-07-23 21:12:20.456] [info]  (WindowEvents)           LoginWindow page ready!
[2026-07-23 21:12:22.069] [info]  (AuthController)         Init login buvid!
[2026-07-23 21:12:22.459] [info]  (AuthService)            Updating cookies!
[2026-07-23 21:12:22.512] [info]  (AuthService)            Updating cookies!
[2026-07-23 21:12:23.079] [info]  (AuthService)            Checking login status!
[2026-07-23 21:12:24.515] [info]  (AuthService)            Updating cookies!
[2026-07-23 21:12:24.568] [info]  (AuthService)            Updating cookies!
[2026-07-23 21:12:28.647] [info]  (WindowEvents)           Focus on mainWindow!
[2026-07-23 21:12:29.490] [info]  (AuthController)         Request login!
[2026-07-23 21:12:29.523] [info]  (WindowFactory)          Login window created!
[2026-07-23 21:12:29.867] [info]  (WindowFactory)          Initialize login page!
[2026-07-23 21:12:30.049] [info]  (WindowEvents)           LoginWindow page ready!
[2026-07-23 21:12:30.594] [info]  (AuthController)         Init login buvid!
[2026-07-23 21:12:30.841] [info]  (AuthService)            Updating cookies!
[2026-07-23 21:12:30.869] [info]  (AuthService)            Updating cookies!
[2026-07-23 21:12:35.552] [info]  (WindowEvents)           Focus on mainWindow!
[2026-07-23 21:12:36.673] [info]  (WindowEvents)           Focus on loginWindow!
[2026-07-23 21:12:40.246] [info]  (WindowEvents)           Focus on mainWindow!
[2026-07-23 21:12:41.454] [info]  (WindowEvents)           Focus on loginWindow!
[2026-07-23 21:12:42.677] [info]  (WindowEvents)           App deactivated!
[2026-07-23 21:12:43.341] [info]  (WindowEvents)           Focus on loginWindow!
[2026-07-23 21:12:43.557] [info]  (WindowEvents)           App activated!
[2026-07-23 21:12:44.354] [info]  (WindowEvents)           App deactivated!
[2026-07-23 21:12:44.481] [info]  (WindowEvents)           Focus on loginWindow!
[2026-07-23 21:12:44.698] [info]  (WindowEvents)           App activated!
[2026-07-23 21:12:46.159] [info]  (WindowEvents)           Focus on loginWindow!
[2026-07-23 21:12:48.132] [info]  (WindowEvents)           Focus on mainWindow!
[2026-07-23 21:12:48.911] [info]  (WindowEvents)           App deactivated!
[2026-07-23 21:13:09.980] [info]  (WindowEvents)           Focus on mainWindow!
[2026-07-23 21:13:10.199] [info]  (WindowEvents)           App activated!
[2026-07-23 21:13:11.879] [info]  (AuthController)         Request login!
[2026-07-23 21:13:11.910] [info]  (WindowFactory)          Login window created!
[2026-07-23 21:13:12.187] [info]  (WindowFactory)          Initialize login page!
[2026-07-23 21:13:12.465] [info]  (WindowEvents)           LoginWindow page ready!
[2026-07-23 21:13:13.233] [info]  (AuthController)         Init login buvid!
[2026-07-23 21:13:13.361] [info]  (AuthService)            Updating cookies!
[2026-07-23 21:13:13.444] [info]  (AuthService)            Updating cookies!
[2026-07-23 21:13:14.244] [info]  (AuthService)            Checking login status!
[2026-07-23 21:13:17.824] [info]  (WindowEvents)           Focus on mainWindow!
[2026-07-23 21:13:19.046] [info]  (WindowEvents)           App deactivated!
[2026-07-23 21:13:28.600] [info]  (AppService)           Main running...
[2026-07-23 21:13:28.724] [info]  (SystemService)        [App info]:
 {
  version: '1.17.6',
  installVersion: '1.17.6',
  electron: '41.9.1',
  node: '24.17.0',
  chromium: '146.0.7680.216',
  buildCode: '10010170062603261238',
  buildId: '1285965',
  buildJobId: '23743424',
  chid: 'official'
}
[2026-07-23 21:13:28.726] [info]  (SystemService)        [System info]:
 {
  osArch: 'x64',
  processArch: 'x64',
  platform: 'linux',
  osType: 'Linux',
  osRelease: '7.1.3',
  osVersoin: '#1-NixOS SMP PREEMPT_DYNAMIC Sat Jul  4 11:45:09 UTC 2026',
  endianness: 'LE',
  hostName: 'nixos',
  totalMemory: 24905646080,
  sysVersion: '10.0.26100.2605'
}
[2026-07-23 21:13:28.742] [info]  (SystemService)        [User info] { isLogin: false }
[2026-07-23 21:13:28.743] [info]  (SystemService)        Initing app configs!
[2026-07-23 21:13:28.828] [info]  (SystemService)        Load inject code config.
[2026-07-23 21:13:28.833] [info]  (PlayerService)        Initing player exp.
[2026-07-23 21:13:28.837] [info]  (PlayerService)        Load player config.
[2026-07-23 21:13:28.848] [info]  (FfAbTestService)      Parse FF tree.
[2026-07-23 21:13:28.871] [info]  (NotificationService)  Notification:  true
[2026-07-23 21:13:28.872] [info]  (FfAbTestService)      FF: {"sidebar_game_entry":false,"sidebar_upload_hide_r":false,"sidebar_upload_toweb":false,"sidebar_upload_toappbrowser":true,"sidebar_selected_hide2_r":false,"enable_system_notification":true,"is_ugc_season_tab":true,"show_local_video_setting_r":true,"show_search_ad":true}
[2026-07-23 21:13:28.902] [info]  (AuthService)          Updating cookies!
[2026-07-23 21:13:28.909] [info]  (AuthService)          init buivd 43E3083959E5485BFFEE24C02606051331gCXK2AM+nB06Gla5fbTw
[2026-07-23 21:13:28.913] [info]  (AuthService)          buvidmark 1
[2026-07-23 21:13:28.921] [info]  (ReportService)        Initing log-report!
[2026-07-23 21:13:28.922] [info]  (FfAbTestService)      Fetch FF info.
[2026-07-23 21:13:28.926] [info]  (FfAbTestService)      Parse FF tree.
[2026-07-23 21:13:28.948] [info]  (FfAbTestService)      FF: {"sidebar_game_entry":false,"sidebar_upload_hide_r":false,"sidebar_upload_toweb":false,"sidebar_upload_toappbrowser":true,"sidebar_selected_hide2_r":false,"enable_system_notification":true,"is_ugc_season_tab":true,"show_local_video_setting_r":true,"show_search_ad":true}
[2026-07-23 21:13:29.004] [info]  (AppService)             Help server ready! Port: 22332
[2026-07-23 21:13:29.004] [info]  (AuthService)            Updating cookies!
[2026-07-23 21:13:29.008] [info]  (AppService)             Creating windows!
[2026-07-23 21:13:29.032] [info]  (WindowFactory)          Main window created!
[2026-07-23 21:13:29.037] [info]  (TrayMenuService)        Creating app tray.
[2026-07-23 21:13:29.038] [info]  (TrayMenuService)        Creating app menu.
[2026-07-23 21:13:29.112] [info]  (ReportService)          Init log-report success!
[2026-07-23 21:13:29.118] [info]  (SystemService)          NativeTheme updated, shouldUseDarkColors: false
[2026-07-23 21:13:29.197] [info]  (AuthService)            Updating cookies!
[2026-07-23 21:13:29.359] [info]  (SystemService)          Fetch appConfig success!
[2026-07-23 21:13:29.362] [info]  (SystemService)          NativeTheme updated, shouldUseDarkColors: true
[2026-07-23 21:13:29.365] [info]  (SystemService)          NativeTheme updated, shouldUseDarkColors: true
[2026-07-23 21:13:29.435] [info]  (FfAbTestService)        FF env, s-c prod
[2026-07-23 21:13:29.445] [info]  (FfAbTestService)        FF versions, l-r: 41375
[2026-07-23 21:13:29.448] [info]  (PlayerService)          Init player versions.
[2026-07-23 21:13:32.783] [debug] (WindowService)          Splash window ready!
[2026-07-23 21:13:33.020] [info]  (AuthController)         set gaia fingerprint webgl
[2026-07-23 21:13:33.528] [info]  (RenderProcess)          Activate page: HomeRecommends
[2026-07-23 21:13:33.737] [info]  (WindowService)          Main window ready!
[2026-07-23 21:13:33.738] [info]  (DownloadService)        Init DownloadURL Events
[2026-07-23 21:13:33.749] [info]  (AuthService)            Judge login status!
[2026-07-23 21:13:33.763] [info]  (WindowEvents)           Start close window:  mainWindow
[2026-07-23 21:13:33.764] [info]  (WindowEvents)           Main window closed!
[2026-07-23 21:13:33.786] [warn]  (UpdateService)          APPIMAGE env is not defined, current application is not an AppImage
[2026-07-23 21:13:33.787] [info]  (UpdateService)          Patch info: [{"v":"1.17.9","on":true,"s":"04c6fb8672","b":"0~999","bc":1000,"sv":"1.9.0","ev":"1.17.9","fix":0},{"v":"1.17.8","on":true,"s":"04c6fb8672","b":"0~999","bc":1000,"sv":"1.9.0","ev":"1.17.7","fix":0},{"v":"1.17.6","on":true,"s":"04c6fb8672","b":"0~999","bc":1000,"sv":"1.9.0","ev":"1.17.6","fix":0}]
[2026-07-23 21:13:33.799] [info]  (UpdateService)          Patch bucket: 816
[2026-07-23 21:13:33.799] [info]  (UpdateService)          Increment update bucket hit.
[2026-07-23 21:13:33.800] [info]  (UpdateService)          Fetch patch: 1.17.9 25026105
[2026-07-23 21:13:33.820] [info]  (AuthService)            System-fp ready!
[2026-07-23 21:13:33.880] [info]  (NotificationService)    Notification mainWindowReady
[2026-07-23 21:13:33.880] [info]  (DownloadService)        Init bili-download!
[2026-07-23 21:13:33.887] [info]  (DownloadService)        Download path: /home/shorin/视频/bilibili
[2026-07-23 21:13:33.903] [info]  (GameService)            Local game list: []
[2026-07-23 21:13:33.903] [info]  (SystemService)          Initing ffmpeg!
[2026-07-23 21:13:33.907] [info]  (ReportService)          Initing performance samples!
[2026-07-23 21:13:33.922] [info]  (WindowFactory)          Player window created!
[2026-07-23 21:13:33.926] [info]  (WindowEvents)           Startup timeline:  {"appReadyTime":null,"splashReadyTime":null,"decryptedTime":null,"bootstrapTime":null,"runCodeTime":null,"runCodeEndTime":null,"mainWindowReady":null}
[2026-07-23 21:13:33.931] [info]  (DownloadService)        Clear check download timer.
[2026-07-23 21:13:33.946] [info]  (DownloadService)        Check auto start download:  true
[2026-07-23 21:13:33.953] [info]  (DownloadService)        Clear check download timer.
[2026-07-23 21:13:34.015] [info]  (AuthService)            Login status:  false
[2026-07-23 21:13:34.562] [info]  (WindowController)       Search page ready!
[2026-07-23 21:13:34.982] [info]  (AuthService)            Updating cookies!
[2026-07-23 21:13:35.056] [info]  (AuthService)            Updating cookies!
[2026-07-23 21:13:35.077] [info]  (WindowController)       Player window ready!
[2026-07-23 21:13:35.210] [info]  (AuthService)            Updating cookies!
[2026-07-23 21:13:35.262] [info]  (AuthService)            Updating cookies!
[2026-07-23 21:13:37.541] [info]  (ConfigService)          Clearing...
[2026-07-23 21:13:37.543] [info]  (TrayMenuService)        Destoring app tray
[2026-07-23 21:13:37.543] [info]  (DownloadService)        Cancel downloading tasks!
[2026-07-23 21:13:37.543] [info]  (DownloadService)        Clear check download timer.
[2026-07-23 21:13:37.568] [info]  (ReportService)          Initing performance samples!
[2026-07-23 21:13:37.638] [info]  (WindowEvents)           Start close window:  mainWindow
[2026-07-23 21:13:37.638] [info]  (WindowEvents)           Main window closed!
[2026-07-23 21:13:37.661] [info]  (WindowEvents)           Start close window:  playerWindow
[2026-07-23 21:13:37.662] [info]  (ConfigController)       Set is selected exit:  false
[2026-07-23 21:13:37.712] [info]  (WindowEvents)           Start close window:  playerWindow
[2026-07-23 21:13:37.712] [info]  (WindowEvents)           Player window closed!
[2026-07-23 21:13:39.114] [info]  (ConfigService)          App quitting...
[2026-07-23 21:13:39.116] [info]  (AppEvents)              Good-bye!
[2026-07-23 21:13:40.235] [info]  (WindowEvents)           App activated!
[2026-07-23 21:13:41.460] [info]  (SystemService)          Get cache size: 107.63 MB
[2026-07-23 21:13:41.496] [info]  (RenderProcess)          Activate page: Settings
[2026-07-23 21:13:41.497] [info]  (SystemService)          Get cache size: 107.63 MB
[2026-07-23 21:13:42.960] [info]  (RenderProcess)          Activate page: MineHistory
[2026-07-23 21:13:43.861] [info]  (AuthController)         Request login!
[2026-07-23 21:13:43.889] [info]  (WindowFactory)          Login window created!
[2026-07-23 21:13:44.270] [info]  (WindowFactory)          Initialize login page!
[2026-07-23 21:13:44.511] [info]  (WindowEvents)           LoginWindow page ready!
[2026-07-23 21:13:45.266] [info]  (WindowEvents)           Focus on mainWindow!
[2026-07-23 21:13:45.699] [info]  (WindowEvents)           Focus on loginWindow!
[2026-07-23 21:13:49.213] [info]  (AuthController)         Init login buvid!
[2026-07-23 21:13:49.508] [info]  (AuthService)            Updating cookies!
[2026-07-23 21:13:49.579] [info]  (AuthService)            Updating cookies!
[2026-07-23 21:13:50.233] [info]  (AuthService)            Checking login status!
[2026-07-23 21:13:52.111] [info]  (AuthService)            Updating cookies!
[2026-07-23 21:13:52.169] [info]  (AuthService)            Updating cookies!
[2026-07-23 21:13:57.131] [info]  (WindowEvents)           Focus on mainWindow!
[2026-07-23 21:13:58.349] [info]  (WindowEvents)           Start close window:  mainWindow
[2026-07-23 21:13:58.350] [info]  (WindowEvents)           Main window closed!
[2026-07-23 21:13:58.564] [info]  (WindowEvents)           App deactivated!
[2026-07-23 21:14:02.404] [info]  (UpdateService)          Fetch patch success!
[2026-07-23 21:14:02.437] [error] (UpdateService)          download petch(1.17.9,25026105) error: Error: ENOENT: no such file or directory, open '/home/shorin/.config/bilibili/resource/update.zip'
    at Object.openSync (node:fs:561:18)
    at Object.func [as openSync] (node:electron/js2c/node_init:2:2630)
    at writeFileSync (node:fs:2436:35)
    at O.handleFetchPatch (/nix/store/vcwgvgiwdkskpzmi7vyvdh564s9mwcm3-bilibili-1.17.9-1/opt/app.asar/main/app.js:1:460061)
    at process.processTicksAndRejections (node:internal/process/task_queues:104:5)
[2026-07-23 21:14:13.917] [info]  (ConfigService)          Clearing...
[2026-07-23 21:14:13.919] [info]  (TrayMenuService)        Destoring app tray
[2026-07-23 21:14:13.920] [info]  (DownloadService)        Cancel downloading tasks!
[2026-07-23 21:14:13.920] [info]  (DownloadService)        Clear check download timer.
[2026-07-23 21:14:13.954] [info]  (ReportService)          Initing performance samples!
[2026-07-23 21:14:14.049] [info]  (WindowEvents)           Start close window:  mainWindow
[2026-07-23 21:14:14.050] [info]  (WindowEvents)           Main window closed!
[2026-07-23 21:14:14.070] [info]  (WindowEvents)           Start close window:  playerWindow
[2026-07-23 21:14:14.072] [info]  (ConfigController)       Set is selected exit:  false
[2026-07-23 21:14:14.120] [info]  (WindowEvents)           Start close window:  playerWindow
[2026-07-23 21:14:14.121] [info]  (WindowEvents)           Player window closed!
[2026-07-23 21:14:54.241] [info]  (AppService)           Main running...
[2026-07-23 21:14:54.317] [info]  (SystemService)        [App info]:
 {
  version: '1.17.6',
  installVersion: '1.17.6',
  electron: '41.9.1',
  node: '24.17.0',
  chromium: '146.0.7680.216',
  buildCode: '10010170062603261238',
  buildId: '1285965',
  buildJobId: '23743424',
  chid: 'official'
}
[2026-07-23 21:14:54.320] [info]  (SystemService)        [System info]:
 {
  osArch: 'x64',
  processArch: 'x64',
  platform: 'linux',
  osType: 'Linux',
  osRelease: '7.1.3',
  osVersoin: '#1-NixOS SMP PREEMPT_DYNAMIC Sat Jul  4 11:45:09 UTC 2026',
  endianness: 'LE',
  hostName: 'nixos',
  totalMemory: 24905646080,
  sysVersion: '10.0.26100.2605'
}
[2026-07-23 21:14:54.330] [info]  (SystemService)        [User info] { isLogin: false }
[2026-07-23 21:14:54.331] [info]  (SystemService)        Initing app configs!
[2026-07-23 21:14:54.389] [info]  (SystemService)        Load inject code config.
[2026-07-23 21:14:54.393] [info]  (PlayerService)        Initing player exp.
[2026-07-23 21:14:54.394] [info]  (PlayerService)        Load player config.
[2026-07-23 21:14:54.405] [info]  (FfAbTestService)      Parse FF tree.
[2026-07-23 21:14:54.431] [info]  (NotificationService)  Notification:  true
[2026-07-23 21:14:54.432] [info]  (FfAbTestService)      FF: {"sidebar_game_entry":false,"sidebar_upload_hide_r":false,"sidebar_upload_toweb":false,"sidebar_upload_toappbrowser":true,"sidebar_selected_hide2_r":false,"enable_system_notification":true,"is_ugc_season_tab":true,"show_local_video_setting_r":true,"show_search_ad":true}
[2026-07-23 21:14:54.462] [info]  (AuthService)          Updating cookies!
[2026-07-23 21:14:54.469] [info]  (AuthService)          init buivd 43E3083959E5485BFFEE24C02606051331gCXK2AM+nB06Gla5fbTw
[2026-07-23 21:14:54.473] [info]  (AuthService)          buvidmark 1
[2026-07-23 21:14:54.481] [info]  (ReportService)        Initing log-report!
[2026-07-23 21:14:54.481] [info]  (FfAbTestService)      Fetch FF info.
[2026-07-23 21:14:54.485] [info]  (FfAbTestService)      Parse FF tree.
[2026-07-23 21:14:54.509] [info]  (FfAbTestService)      FF: {"sidebar_game_entry":false,"sidebar_upload_hide_r":false,"sidebar_upload_toweb":false,"sidebar_upload_toappbrowser":true,"sidebar_selected_hide2_r":false,"enable_system_notification":true,"is_ugc_season_tab":true,"show_local_video_setting_r":true,"show_search_ad":true}
[2026-07-23 21:14:54.572] [info]  (AppService)             Help server ready! 
[2026-07-23 21:14:54.573] [info]  (AuthService)            Updating cookies!
[2026-07-23 21:14:54.583] [info]  (AppService)             Creating windows!
[2026-07-23 21:14:54.656] [info]  (WindowFactory)          Main window created!
[2026-07-23 21:14:54.674] [info]  (TrayMenuService)        Creating app tray.
[2026-07-23 21:14:54.677] [info]  (TrayMenuService)        Creating app menu.
[2026-07-23 21:14:54.931] [info]  (ReportService)          Init log-report success!
[2026-07-23 21:14:54.950] [info]  (SystemService)          NativeTheme updated, shouldUseDarkColors: false
[2026-07-23 21:14:55.104] [info]  (AuthService)            Updating cookies!
[2026-07-23 21:14:55.262] [info]  (SystemService)          NativeTheme updated, shouldUseDarkColors: true
[2026-07-23 21:14:55.265] [info]  (SystemService)          NativeTheme updated, shouldUseDarkColors: true
[2026-07-23 21:14:55.266] [info]  (SystemService)          NativeTheme updated, shouldUseDarkColors: true
[2026-07-23 21:14:55.380] [info]  (SystemService)          Fetch appConfig success!
[2026-07-23 21:14:55.383] [info]  (PlayerService)          Init player versions.
[2026-07-23 21:14:55.391] [info]  (FfAbTestService)        FF env, s-c prod
[2026-07-23 21:14:55.397] [info]  (FfAbTestService)        FF versions, l-r: 41375
[2026-07-23 21:14:55.604] [debug] (WindowService)          Splash window ready!
[2026-07-23 21:14:55.858] [info]  (WindowEvents)           App activated!
[2026-07-23 21:14:55.862] [info]  (AuthController)         set gaia fingerprint webgl
[2026-07-23 21:14:56.248] [info]  (RenderProcess)          Activate page: HomeRecommends
[2026-07-23 21:14:56.392] [info]  (WindowService)          Main window ready!
[2026-07-23 21:14:56.393] [info]  (DownloadService)        Init DownloadURL Events
[2026-07-23 21:14:56.401] [info]  (AuthService)            Judge login status!
[2026-07-23 21:14:56.424] [warn]  (UpdateService)          APPIMAGE env is not defined, current application is not an AppImage
[2026-07-23 21:14:56.425] [info]  (UpdateService)          Patch info: [{"v":"1.17.9","on":true,"s":"04c6fb8672","b":"0~999","bc":1000,"sv":"1.9.0","ev":"1.17.9","fix":0},{"v":"1.17.8","on":true,"s":"04c6fb8672","b":"0~999","bc":1000,"sv":"1.9.0","ev":"1.17.7","fix":0},{"v":"1.17.6","on":true,"s":"04c6fb8672","b":"0~999","bc":1000,"sv":"1.9.0","ev":"1.17.6","fix":0}]
[2026-07-23 21:14:56.434] [info]  (UpdateService)          Patch bucket: 816
[2026-07-23 21:14:56.434] [info]  (UpdateService)          Increment update bucket hit.
[2026-07-23 21:14:56.434] [info]  (UpdateService)          Fetch patch: 1.17.9 25026105
[2026-07-23 21:14:56.450] [info]  (AuthService)            System-fp ready!
[2026-07-23 21:14:56.479] [info]  (NotificationService)    Notification mainWindowReady
[2026-07-23 21:14:56.479] [info]  (DownloadService)        Init bili-download!
[2026-07-23 21:14:56.486] [info]  (DownloadService)        Download path: /home/shorin/视频/bilibili
[2026-07-23 21:14:56.500] [info]  (GameService)            Local game list: []
[2026-07-23 21:14:56.501] [info]  (SystemService)          Initing ffmpeg!
[2026-07-23 21:14:56.504] [info]  (ReportService)          Initing performance samples!
[2026-07-23 21:14:56.518] [info]  (WindowFactory)          Player window created!
[2026-07-23 21:14:56.522] [info]  (WindowEvents)           Startup timeline:  {"appReadyTime":null,"splashReadyTime":null,"decryptedTime":null,"bootstrapTime":null,"runCodeTime":null,"runCodeEndTime":null,"mainWindowReady":null}
[2026-07-23 21:14:56.526] [info]  (DownloadService)        Clear check download timer.
[2026-07-23 21:14:56.627] [info]  (DownloadService)        Check auto start download:  true
[2026-07-23 21:14:56.642] [info]  (DownloadService)        Clear check download timer.
[2026-07-23 21:14:57.158] [info]  (WindowController)       Search page ready!
[2026-07-23 21:14:57.639] [info]  (WindowController)       Player window ready!
[2026-07-23 21:14:59.404] [info]  (RenderProcess)          Activate page: MineHistory
[2026-07-23 21:14:59.588] [info]  (AuthService)            Login status:  false
[2026-07-23 21:15:01.001] [info]  (AuthController)         Request login!
[2026-07-23 21:15:01.038] [info]  (WindowFactory)          Login window created!
[2026-07-23 21:15:01.255] [info]  (WindowFactory)          Initialize login page!
[2026-07-23 21:15:01.414] [info]  (WindowEvents)           LoginWindow page ready!
[2026-07-23 21:15:03.767] [info]  (AuthController)         Init login buvid!
[2026-07-23 21:15:04.671] [info]  (AuthService)            Updating cookies!
[2026-07-23 21:15:04.729] [info]  (AuthService)            Updating cookies!
[2026-07-23 21:15:04.777] [info]  (AuthService)            Checking login status!
[2026-07-23 21:15:08.655] [info]  (AuthService)            Updating cookies!
[2026-07-23 21:15:08.711] [info]  (AuthService)            Updating cookies!
[2026-07-23 21:15:10.802] [info]  (WindowEvents)           Focus on mainWindow!
[2026-07-23 21:15:11.136] [info]  (WindowEvents)           Focus on loginWindow!
[2026-07-23 21:15:11.827] [info]  (WindowEvents)           Focus on mainWindow!
[2026-07-23 21:15:12.889] [info]  (WindowEvents)           Start close window:  mainWindow
[2026-07-23 21:15:12.889] [info]  (WindowEvents)           Main window closed!
[2026-07-23 21:15:13.105] [info]  (WindowEvents)           App deactivated!
[2026-07-23 21:15:13.825] [info]  (ConfigService)          Clearing...
[2026-07-23 21:15:13.827] [info]  (TrayMenuService)        Destoring app tray
[2026-07-23 21:15:13.827] [info]  (DownloadService)        Cancel downloading tasks!
[2026-07-23 21:15:13.828] [info]  (DownloadService)        Clear check download timer.
[2026-07-23 21:15:13.847] [info]  (ReportService)          Initing performance samples!
[2026-07-23 21:15:13.894] [info]  (WindowEvents)           Start close window:  mainWindow
[2026-07-23 21:15:13.894] [info]  (WindowEvents)           Main window closed!
[2026-07-23 21:15:13.906] [info]  (WindowEvents)           Start close window:  playerWindow
[2026-07-23 21:15:13.907] [info]  (ConfigController)       Set is selected exit:  false
[2026-07-23 21:15:13.933] [info]  (WindowEvents)           Start close window:  playerWindow
[2026-07-23 21:15:13.933] [info]  (WindowEvents)           Player window closed!
[2026-07-23 21:15:29.475] [info]  (AppService)           Main running...
[2026-07-23 21:15:29.572] [info]  (SystemService)        [App info]:
 {
  version: '1.17.6',
  installVersion: '1.17.6',
  electron: '41.9.1',
  node: '24.17.0',
  chromium: '146.0.7680.216',
  buildCode: '10010170062603261238',
  buildId: '1285965',
  buildJobId: '23743424',
  chid: 'official'
}
[2026-07-23 21:15:29.575] [info]  (SystemService)        [System info]:
 {
  osArch: 'x64',
  processArch: 'x64',
  platform: 'linux',
  osType: 'Linux',
  osRelease: '7.1.3',
  osVersoin: '#1-NixOS SMP PREEMPT_DYNAMIC Sat Jul  4 11:45:09 UTC 2026',
  endianness: 'LE',
  hostName: 'nixos',
  totalMemory: 24905646080,
  sysVersion: '10.0.26100.2605'
}
[2026-07-23 21:15:29.583] [info]  (SystemService)        [User info] { isLogin: false }
[2026-07-23 21:15:29.583] [info]  (SystemService)        Initing app configs!
[2026-07-23 21:15:29.645] [info]  (SystemService)        Load inject code config.
[2026-07-23 21:15:29.651] [info]  (PlayerService)        Initing player exp.
[2026-07-23 21:15:29.652] [info]  (PlayerService)        Load player config.
[2026-07-23 21:15:29.664] [info]  (FfAbTestService)      Parse FF tree.
[2026-07-23 21:15:29.691] [info]  (NotificationService)  Notification:  true
[2026-07-23 21:15:29.691] [info]  (FfAbTestService)      FF: {"sidebar_game_entry":false,"sidebar_upload_hide_r":false,"sidebar_upload_toweb":false,"sidebar_upload_toappbrowser":true,"sidebar_selected_hide2_r":false,"enable_system_notification":true,"is_ugc_season_tab":true,"show_local_video_setting_r":true,"show_search_ad":true}
[2026-07-23 21:15:29.721] [info]  (AuthService)          Updating cookies!
[2026-07-23 21:15:29.728] [info]  (AuthService)          init buivd 43E3083959E5485BFFEE24C02606051331gCXK2AM+nB06Gla5fbTw
[2026-07-23 21:15:29.732] [info]  (AuthService)          buvidmark 1
[2026-07-23 21:15:29.740] [info]  (ReportService)        Initing log-report!
[2026-07-23 21:15:29.741] [info]  (FfAbTestService)      Fetch FF info.
[2026-07-23 21:15:29.745] [info]  (FfAbTestService)      Parse FF tree.
[2026-07-23 21:15:29.766] [info]  (FfAbTestService)      FF: {"sidebar_game_entry":false,"sidebar_upload_hide_r":false,"sidebar_upload_toweb":false,"sidebar_upload_toappbrowser":true,"sidebar_selected_hide2_r":false,"enable_system_notification":true,"is_ugc_season_tab":true,"show_local_video_setting_r":true,"show_search_ad":true}
[2026-07-23 21:15:29.821] [info]  (AppService)             Help server ready! 
[2026-07-23 21:15:29.822] [info]  (AuthService)            Updating cookies!
[2026-07-23 21:15:29.829] [info]  (AppService)             Creating windows!
[2026-07-23 21:15:29.878] [info]  (WindowFactory)          Main window created!
[2026-07-23 21:15:29.888] [info]  (TrayMenuService)        Creating app tray.
[2026-07-23 21:15:29.890] [info]  (TrayMenuService)        Creating app menu.
[2026-07-23 21:15:30.002] [info]  (ReportService)          Init log-report success!
[2026-07-23 21:15:30.010] [info]  (SystemService)          NativeTheme updated, shouldUseDarkColors: false
[2026-07-23 21:15:30.043] [info]  (AuthService)            Updating cookies!
[2026-07-23 21:15:30.200] [info]  (SystemService)          NativeTheme updated, shouldUseDarkColors: true
[2026-07-23 21:15:30.204] [info]  (SystemService)          NativeTheme updated, shouldUseDarkColors: true
[2026-07-23 21:15:30.484] [debug] (WindowService)          Splash window ready!
[2026-07-23 21:15:30.550] [info]  (FfAbTestService)        FF env, s-c prod
[2026-07-23 21:15:30.564] [info]  (FfAbTestService)        FF versions, l-r: 41375
[2026-07-23 21:15:30.567] [info]  (PlayerService)          Init player versions.
[2026-07-23 21:15:30.570] [info]  (SystemService)          Fetch appConfig success!
[2026-07-23 21:15:30.728] [info]  (WindowEvents)           App activated!
[2026-07-23 21:15:30.730] [info]  (AuthController)         set gaia fingerprint webgl
[2026-07-23 21:15:31.246] [info]  (RenderProcess)          Activate page: HomeRecommends
[2026-07-23 21:15:31.394] [info]  (WindowService)          Main window ready!
[2026-07-23 21:15:31.395] [info]  (DownloadService)        Init DownloadURL Events
[2026-07-23 21:15:31.404] [info]  (AuthService)            Judge login status!
[2026-07-23 21:15:31.426] [warn]  (UpdateService)          APPIMAGE env is not defined, current application is not an AppImage
[2026-07-23 21:15:31.426] [info]  (UpdateService)          Patch info: [{"v":"1.17.9","on":true,"s":"04c6fb8672","b":"0~999","bc":1000,"sv":"1.9.0","ev":"1.17.9","fix":0},{"v":"1.17.8","on":true,"s":"04c6fb8672","b":"0~999","bc":1000,"sv":"1.9.0","ev":"1.17.7","fix":0},{"v":"1.17.6","on":true,"s":"04c6fb8672","b":"0~999","bc":1000,"sv":"1.9.0","ev":"1.17.6","fix":0}]
[2026-07-23 21:15:31.434] [info]  (UpdateService)          Patch bucket: 816
[2026-07-23 21:15:31.434] [info]  (UpdateService)          Increment update bucket hit.
[2026-07-23 21:15:31.435] [info]  (UpdateService)          Fetch patch: 1.17.9 25026105
[2026-07-23 21:15:31.449] [info]  (AuthService)            System-fp ready!
[2026-07-23 21:15:31.506] [info]  (NotificationService)    Notification mainWindowReady
[2026-07-23 21:15:31.507] [info]  (DownloadService)        Init bili-download!
[2026-07-23 21:15:31.518] [info]  (DownloadService)        Download path: /home/shorin/视频/bilibili
[2026-07-23 21:15:31.535] [info]  (GameService)            Local game list: []
[2026-07-23 21:15:31.535] [info]  (SystemService)          Initing ffmpeg!
[2026-07-23 21:15:31.539] [info]  (ReportService)          Initing performance samples!
[2026-07-23 21:15:31.552] [info]  (WindowFactory)          Player window created!
[2026-07-23 21:15:31.559] [info]  (WindowEvents)           Startup timeline:  {"appReadyTime":null,"splashReadyTime":null,"decryptedTime":null,"bootstrapTime":null,"runCodeTime":null,"runCodeEndTime":null,"mainWindowReady":null}
[2026-07-23 21:15:31.570] [info]  (DownloadService)        Clear check download timer.
[2026-07-23 21:15:31.607] [info]  (DownloadService)        Check auto start download:  true
[2026-07-23 21:15:31.625] [info]  (DownloadService)        Clear check download timer.
[2026-07-23 21:15:31.742] [info]  (AuthService)            Login status:  false
[2026-07-23 21:15:32.362] [info]  (WindowController)       Search page ready!
[2026-07-23 21:15:32.843] [info]  (WindowController)       Player window ready!
[2026-07-23 21:15:41.205] [info]  (UpdateService)          Fetch patch success!
[2026-07-23 21:15:41.231] [error] (UpdateService)          download petch(1.17.9,25026105) error: Error: ENOENT: no such file or directory, open '/home/shorin/.config/bilibili/resource/update.zip'
    at Object.openSync (node:fs:561:18)
    at Object.func [as openSync] (node:electron/js2c/node_init:2:2630)
    at writeFileSync (node:fs:2436:35)
    at O.handleFetchPatch (/nix/store/vcwgvgiwdkskpzmi7vyvdh564s9mwcm3-bilibili-1.17.9-1/opt/app.asar/main/app.js:1:460061)
    at process.processTicksAndRejections (node:internal/process/task_queues:104:5)
[2026-07-23 21:15:50.374] [info]  (AuthController)         Request login!
[2026-07-23 21:15:50.400] [info]  (WindowFactory)          Login window created!
[2026-07-23 21:15:50.678] [info]  (WindowFactory)          Initialize login page!
[2026-07-23 21:15:50.967] [info]  (WindowEvents)           LoginWindow page ready!
[2026-07-23 21:15:51.703] [info]  (WindowEvents)           Focus on mainWindow!
[2026-07-23 21:15:52.107] [info]  (AuthController)         Init login buvid!
[2026-07-23 21:15:52.430] [info]  (AuthService)            Updating cookies!
[2026-07-23 21:15:52.487] [info]  (AuthService)            Updating cookies!
[2026-07-23 21:15:53.120] [info]  (AuthService)            Checking login status!
[2026-07-23 21:15:54.408] [info]  (AuthService)            Updating cookies!
[2026-07-23 21:15:54.458] [info]  (AuthService)            Updating cookies!
[2026-07-23 21:16:15.983] [info]  (WindowEvents)           Focus on loginWindow!
[2026-07-23 21:16:17.683] [info]  (WindowEvents)           Focus on mainWindow!
[2026-07-23 21:16:18.431] [info]  (AuthController)         Request login!
[2026-07-23 21:16:18.455] [info]  (WindowFactory)          Login window created!
[2026-07-23 21:16:18.616] [info]  (WindowFactory)          Initialize login page!
[2026-07-23 21:16:18.720] [info]  (WindowEvents)           LoginWindow page ready!
[2026-07-23 21:16:19.181] [info]  (AuthController)         Init login buvid!
[2026-07-23 21:16:19.742] [info]  (WindowEvents)           Focus on mainWindow!
[2026-07-23 21:16:20.348] [info]  (AuthService)            Updating cookies!
[2026-07-23 21:16:20.428] [info]  (AuthService)            Updating cookies!
[2026-07-23 21:16:21.238] [info]  (WindowEvents)           Focus on loginWindow!
[2026-07-23 21:16:22.024] [info]  (WindowEvents)           Focus on mainWindow!
[2026-07-23 21:16:22.246] [info]  (WindowEvents)           Focus on loginWindow!
[2026-07-23 21:16:22.671] [info]  (WindowEvents)           Focus on mainWindow!
[2026-07-23 21:16:22.835] [info]  (WindowEvents)           Focus on loginWindow!
[2026-07-23 21:16:23.001] [info]  (WindowEvents)           Focus on mainWindow!
[2026-07-23 21:16:23.048] [info]  (WindowEvents)           Focus on loginWindow!
[2026-07-23 21:16:24.487] [info]  (WindowEvents)           Focus on mainWindow!
[2026-07-23 21:16:24.636] [info]  (WindowEvents)           Focus on loginWindow!
[2026-07-23 21:16:25.195] [info]  (WindowEvents)           Focus on mainWindow!
[2026-07-23 21:16:29.998] [info]  (AuthController)         Request login!
[2026-07-23 21:16:30.025] [info]  (WindowFactory)          Login window created!
[2026-07-23 21:16:30.407] [info]  (WindowFactory)          Initialize login page!
[2026-07-23 21:16:30.623] [info]  (WindowEvents)           LoginWindow page ready!
[2026-07-23 21:16:30.824] [info]  (WindowEvents)           Focus on mainWindow!
[2026-07-23 21:16:31.151] [info]  (AuthController)         Init login buvid!
[2026-07-23 21:16:31.190] [info]  (AuthService)            Updating cookies!
[2026-07-23 21:16:31.218] [info]  (AuthService)            Updating cookies!
[2026-07-23 21:16:35.884] [info]  (WindowEvents)           Focus on loginWindow!
[2026-07-23 21:16:36.623] [info]  (WindowEvents)           Focus on mainWindow!
[2026-07-23 21:16:38.195] [info]  (WindowEvents)           Focus on loginWindow!
[2026-07-23 21:16:39.552] [info]  (WindowEvents)           Focus on mainWindow!
[2026-07-23 21:16:45.601] [info]  (ConfigService)          Clearing...
[2026-07-23 21:16:45.603] [info]  (TrayMenuService)        Destoring app tray
[2026-07-23 21:16:45.604] [info]  (DownloadService)        Cancel downloading tasks!
[2026-07-23 21:16:45.604] [info]  (DownloadService)        Clear check download timer.
[2026-07-23 21:16:45.614] [info]  (ReportService)          Initing performance samples!
[2026-07-23 21:16:45.645] [info]  (WindowEvents)           Start close window:  mainWindow
[2026-07-23 21:16:45.645] [info]  (WindowEvents)           Main window closed!
[2026-07-23 21:16:45.657] [info]  (WindowEvents)           Start close window:  playerWindow
[2026-07-23 21:16:45.660] [info]  (ConfigController)       Set is selected exit:  false
[2026-07-23 21:16:45.683] [info]  (WindowEvents)           Start close window:  playerWindow
[2026-07-23 21:16:45.683] [info]  (WindowEvents)           Player window closed!
[2026-07-23 21:16:45.874] [info]  (WindowEvents)           App deactivated!
[2026-07-23 21:16:47.134] [info]  (ConfigService)          App quitting...
[2026-07-23 21:16:47.136] [info]  (AppEvents)              Good-bye!
[2026-07-23 21:16:49.211] [info]  (AppService)           Main running...
[2026-07-23 21:16:49.284] [info]  (SystemService)        [App info]:
 {
  version: '1.17.6',
  installVersion: '1.17.6',
  electron: '41.9.1',
  node: '24.17.0',
  chromium: '146.0.7680.216',
  buildCode: '10010170062603261238',
  buildId: '1285965',
  buildJobId: '23743424',
  chid: 'official'
}
[2026-07-23 21:16:49.285] [info]  (SystemService)        [System info]:
 {
  osArch: 'x64',
  processArch: 'x64',
  platform: 'linux',
  osType: 'Linux',
  osRelease: '7.1.3',
  osVersoin: '#1-NixOS SMP PREEMPT_DYNAMIC Sat Jul  4 11:45:09 UTC 2026',
  endianness: 'LE',
  hostName: 'nixos',
  totalMemory: 24905646080,
  sysVersion: '10.0.26100.2605'
}
[2026-07-23 21:16:49.289] [info]  (SystemService)        [User info] { isLogin: false }
[2026-07-23 21:16:49.289] [info]  (SystemService)        Initing app configs!
[2026-07-23 21:16:49.319] [info]  (SystemService)        Load inject code config.
[2026-07-23 21:16:49.323] [info]  (PlayerService)        Initing player exp.
[2026-07-23 21:16:49.323] [info]  (PlayerService)        Load player config.
[2026-07-23 21:16:49.334] [info]  (FfAbTestService)      Parse FF tree.
[2026-07-23 21:16:49.358] [info]  (NotificationService)  Notification:  true
[2026-07-23 21:16:49.359] [info]  (FfAbTestService)      FF: {"sidebar_game_entry":false,"sidebar_upload_hide_r":false,"sidebar_upload_toweb":false,"sidebar_upload_toappbrowser":true,"sidebar_selected_hide2_r":false,"enable_system_notification":true,"is_ugc_season_tab":true,"show_local_video_setting_r":true,"show_search_ad":true}
[2026-07-23 21:16:49.388] [info]  (AuthService)          Updating cookies!
[2026-07-23 21:16:49.395] [info]  (AuthService)          init buivd 43E3083959E5485BFFEE24C02606051331gCXK2AM+nB06Gla5fbTw
[2026-07-23 21:16:49.398] [info]  (AuthService)          buvidmark 1
[2026-07-23 21:16:49.406] [info]  (ReportService)        Initing log-report!
[2026-07-23 21:16:49.407] [info]  (FfAbTestService)      Fetch FF info.
[2026-07-23 21:16:49.410] [info]  (FfAbTestService)      Parse FF tree.
[2026-07-23 21:16:49.431] [info]  (FfAbTestService)      FF: {"sidebar_game_entry":false,"sidebar_upload_hide_r":false,"sidebar_upload_toweb":false,"sidebar_upload_toappbrowser":true,"sidebar_selected_hide2_r":false,"enable_system_notification":true,"is_ugc_season_tab":true,"show_local_video_setting_r":true,"show_search_ad":true}
[2026-07-23 21:16:49.483] [info]  (AppService)             Help server ready! 
[2026-07-23 21:16:49.483] [info]  (AuthService)            Updating cookies!
[2026-07-23 21:16:49.487] [info]  (AppService)             Creating windows!
[2026-07-23 21:16:49.508] [info]  (WindowFactory)          Main window created!
[2026-07-23 21:16:49.512] [info]  (TrayMenuService)        Creating app tray.
[2026-07-23 21:16:49.513] [info]  (TrayMenuService)        Creating app menu.
[2026-07-23 21:16:49.586] [info]  (ReportService)          Init log-report success!
[2026-07-23 21:16:49.594] [info]  (SystemService)          NativeTheme updated, shouldUseDarkColors: false
[2026-07-23 21:16:49.626] [info]  (AuthService)            Updating cookies!
[2026-07-23 21:16:49.719] [info]  (SystemService)          NativeTheme updated, shouldUseDarkColors: true
[2026-07-23 21:16:49.726] [info]  (SystemService)          NativeTheme updated, shouldUseDarkColors: true
[2026-07-23 21:16:49.727] [info]  (SystemService)          NativeTheme updated, shouldUseDarkColors: true
[2026-07-23 21:16:49.900] [info]  (PlayerService)          Init player versions.
[2026-07-23 21:16:49.906] [info]  (SystemService)          Fetch appConfig success!
[2026-07-23 21:16:49.923] [info]  (FfAbTestService)        FF env, s-c prod
[2026-07-23 21:16:49.938] [info]  (FfAbTestService)        FF versions, l-r: 41375
[2026-07-23 21:16:50.143] [debug] (WindowService)          Splash window ready!
[2026-07-23 21:16:50.404] [info]  (WindowEvents)           App activated!
[2026-07-23 21:16:50.423] [info]  (AuthController)         set gaia fingerprint webgl
[2026-07-23 21:16:50.782] [info]  (RenderProcess)          Activate page: HomeRecommends
[2026-07-23 21:16:50.964] [info]  (WindowService)          Main window ready!
[2026-07-23 21:16:50.965] [info]  (DownloadService)        Init DownloadURL Events
[2026-07-23 21:16:50.978] [info]  (AuthService)            Judge login status!
[2026-07-23 21:16:51.015] [warn]  (UpdateService)          APPIMAGE env is not defined, current application is not an AppImage
[2026-07-23 21:16:51.016] [info]  (UpdateService)          Patch info: [{"v":"1.17.9","on":true,"s":"04c6fb8672","b":"0~999","bc":1000,"sv":"1.9.0","ev":"1.17.9","fix":0},{"v":"1.17.8","on":true,"s":"04c6fb8672","b":"0~999","bc":1000,"sv":"1.9.0","ev":"1.17.7","fix":0},{"v":"1.17.6","on":true,"s":"04c6fb8672","b":"0~999","bc":1000,"sv":"1.9.0","ev":"1.17.6","fix":0}]
[2026-07-23 21:16:51.028] [info]  (UpdateService)          Patch bucket: 816
[2026-07-23 21:16:51.029] [info]  (UpdateService)          Increment update bucket hit.
[2026-07-23 21:16:51.029] [info]  (UpdateService)          Fetch patch: 1.17.9 25026105
[2026-07-23 21:16:51.053] [info]  (AuthService)            System-fp ready!
[2026-07-23 21:16:51.104] [info]  (NotificationService)    Notification mainWindowReady
[2026-07-23 21:16:51.105] [info]  (DownloadService)        Init bili-download!
[2026-07-23 21:16:51.111] [info]  (DownloadService)        Download path: /home/shorin/视频/bilibili
[2026-07-23 21:16:51.126] [info]  (GameService)            Local game list: []
[2026-07-23 21:16:51.126] [info]  (SystemService)          Initing ffmpeg!
[2026-07-23 21:16:51.130] [info]  (ReportService)          Initing performance samples!
[2026-07-23 21:16:51.143] [info]  (WindowFactory)          Player window created!
[2026-07-23 21:16:51.147] [info]  (WindowEvents)           Startup timeline:  {"appReadyTime":null,"splashReadyTime":null,"decryptedTime":null,"bootstrapTime":null,"runCodeTime":null,"runCodeEndTime":null,"mainWindowReady":null}
[2026-07-23 21:16:51.152] [info]  (DownloadService)        Clear check download timer.
[2026-07-23 21:16:51.167] [info]  (DownloadService)        Check auto start download:  true
[2026-07-23 21:16:51.174] [info]  (DownloadService)        Clear check download timer.
[2026-07-23 21:16:51.261] [info]  (AuthService)            Login status:  false
[2026-07-23 21:16:51.712] [info]  (WindowController)       Search page ready!
[2026-07-23 21:16:52.390] [info]  (WindowController)       Player window ready!
[2026-07-23 21:16:52.576] [info]  (AuthController)         Request login!
[2026-07-23 21:16:52.607] [info]  (WindowFactory)          Login window created!
[2026-07-23 21:16:53.050] [info]  (WindowFactory)          Initialize login page!
[2026-07-23 21:16:53.240] [info]  (WindowEvents)           LoginWindow page ready!
[2026-07-23 21:16:53.902] [info]  (WindowEvents)           Focus on mainWindow!
[2026-07-23 21:16:54.936] [info]  (WindowEvents)           Focus on loginWindow!
[2026-07-23 21:16:55.189] [info]  (WindowEvents)           Focus on mainWindow!
[2026-07-23 21:16:55.350] [info]  (WindowEvents)           Focus on loginWindow!
[2026-07-23 21:16:56.125] [info]  (WindowEvents)           Focus on mainWindow!
[2026-07-23 21:16:59.834] [info]  (SystemService)          Get cache size: 110.16 MB
[2026-07-23 21:16:59.874] [info]  (RenderProcess)          Activate page: Settings
[2026-07-23 21:16:59.874] [info]  (SystemService)          Get cache size: 110.16 MB
[2026-07-23 21:17:01.694] [info]  (AuthController)         Request login!
[2026-07-23 21:17:01.720] [info]  (WindowFactory)          Login window created!
[2026-07-23 21:17:01.961] [info]  (WindowFactory)          Initialize login page!
[2026-07-23 21:17:02.221] [info]  (WindowEvents)           Focus on mainWindow!
[2026-07-23 21:17:02.250] [info]  (WindowEvents)           LoginWindow page ready!
[2026-07-23 21:17:03.581] [info]  (AuthController)         Init login buvid!
[2026-07-23 21:17:04.422] [info]  (AuthService)            Updating cookies!
[2026-07-23 21:17:04.475] [info]  (AuthService)            Updating cookies!
[2026-07-23 21:17:04.592] [info]  (AuthService)            Checking login status!
[2026-07-23 21:17:06.385] [info]  (WindowEvents)           Focus on loginWindow!
[2026-07-23 21:17:07.325] [info]  (AuthService)            Updating cookies!
[2026-07-23 21:17:07.402] [info]  (AuthService)            Updating cookies!
[2026-07-23 21:17:09.268] [info]  (WindowEvents)           Focus on mainWindow!
[2026-07-23 21:17:10.231] [info]  (WindowEvents)           Start close window:  mainWindow
[2026-07-23 21:17:10.279] [info]  (WindowEvents)           Start close window:  mainWindow
[2026-07-23 21:17:10.280] [info]  (WindowEvents)           Main window closed!
[2026-07-23 21:17:10.502] [info]  (WindowEvents)           App deactivated!
[2026-07-23 21:17:12.203] [info]  (ConfigService)          Clearing...
[2026-07-23 21:17:12.204] [info]  (TrayMenuService)        Destoring app tray
[2026-07-23 21:17:12.204] [info]  (DownloadService)        Cancel downloading tasks!
[2026-07-23 21:17:12.204] [info]  (DownloadService)        Clear check download timer.
[2026-07-23 21:17:12.212] [info]  (ReportService)          Initing performance samples!
[2026-07-23 21:17:12.245] [info]  (WindowEvents)           Start close window:  mainWindow
[2026-07-23 21:17:12.245] [info]  (WindowEvents)           Main window closed!
[2026-07-23 21:17:12.257] [info]  (WindowEvents)           Start close window:  playerWindow
[2026-07-23 21:17:12.258] [info]  (ConfigController)       Set is selected exit:  false
[2026-07-23 21:17:12.294] [info]  (WindowEvents)           Start close window:  playerWindow
[2026-07-23 21:17:12.295] [info]  (WindowEvents)           Player window closed!
[2026-07-23 21:17:13.734] [info]  (ConfigService)          App quitting...
[2026-07-23 21:17:13.736] [info]  (AppEvents)              Good-bye!
[2026-07-23 21:18:12.427] [info]  (AppService)           Main running...
[2026-07-23 21:18:16.143] [info]  (SystemService)        [App info]:
 {
  version: '1.17.6',
  installVersion: '1.17.6',
  electron: '41.9.1',
  node: '24.17.0',
  chromium: '146.0.7680.216',
  buildCode: '10010170062603261238',
  buildId: '1285965',
  buildJobId: '23743424',
  chid: 'official'
}
[2026-07-23 21:18:16.144] [info]  (SystemService)        [System info]:
 {
  osArch: 'x64',
  processArch: 'x64',
  platform: 'linux',
  osType: 'Linux',
  osRelease: '7.1.3',
  osVersoin: '#1-NixOS SMP PREEMPT_DYNAMIC Sat Jul  4 11:45:09 UTC 2026',
  endianness: 'LE',
  hostName: 'nixos',
  totalMemory: 24905646080,
  sysVersion: '10.0.26100.2605'
}
[2026-07-23 21:18:16.148] [info]  (SystemService)        [User info] { isLogin: false }
[2026-07-23 21:18:16.149] [info]  (SystemService)        Initing app configs!
[2026-07-23 21:18:16.189] [info]  (SystemService)        Load inject code config.
[2026-07-23 21:18:16.196] [info]  (PlayerService)        Initing player exp.
[2026-07-23 21:18:16.196] [info]  (PlayerService)        Load player config.
[2026-07-23 21:18:16.210] [info]  (FfAbTestService)      Parse FF tree.
[2026-07-23 21:18:16.240] [info]  (NotificationService)  Notification:  true
[2026-07-23 21:18:16.240] [info]  (FfAbTestService)      FF: {"sidebar_game_entry":false,"sidebar_upload_hide_r":false,"sidebar_upload_toweb":false,"sidebar_upload_toappbrowser":true,"sidebar_selected_hide2_r":false,"enable_system_notification":true,"is_ugc_season_tab":true,"show_local_video_setting_r":true,"show_search_ad":true}
[2026-07-23 21:18:16.272] [info]  (AuthService)          Updating cookies!
[2026-07-23 21:18:16.280] [info]  (AuthService)          init buivd 43E3083959E5485BFFEE24C02606051331gCXK2AM+nB06Gla5fbTw
[2026-07-23 21:18:16.284] [info]  (AuthService)          buvidmark 1
[2026-07-23 21:18:16.292] [info]  (ReportService)        Initing log-report!
[2026-07-23 21:18:16.293] [info]  (FfAbTestService)      Fetch FF info.
[2026-07-23 21:18:16.297] [info]  (FfAbTestService)      Parse FF tree.
[2026-07-23 21:18:16.320] [info]  (FfAbTestService)      FF: {"sidebar_game_entry":false,"sidebar_upload_hide_r":false,"sidebar_upload_toweb":false,"sidebar_upload_toappbrowser":true,"sidebar_selected_hide2_r":false,"enable_system_notification":true,"is_ugc_season_tab":true,"show_local_video_setting_r":true,"show_search_ad":true}
[2026-07-23 21:18:16.376] [info]  (AppService)             Help server ready! 
[2026-07-23 21:18:16.376] [info]  (AuthService)            Updating cookies!
[2026-07-23 21:18:16.380] [info]  (AppService)             Creating windows!
[2026-07-23 21:18:16.404] [info]  (WindowFactory)          Main window created!
[2026-07-23 21:18:16.411] [info]  (TrayMenuService)        Creating app tray.
[2026-07-23 21:18:16.412] [info]  (TrayMenuService)        Creating app menu.
[2026-07-23 21:18:16.509] [info]  (ReportService)          Init log-report success!
[2026-07-23 21:18:16.518] [info]  (SystemService)          NativeTheme updated, shouldUseDarkColors: false
[2026-07-23 21:18:16.570] [info]  (AuthService)            Updating cookies!
[2026-07-23 21:18:16.715] [info]  (SystemService)          NativeTheme updated, shouldUseDarkColors: true
[2026-07-23 21:18:16.719] [info]  (SystemService)          NativeTheme updated, shouldUseDarkColors: true
[2026-07-23 21:18:16.719] [info]  (SystemService)          NativeTheme updated, shouldUseDarkColors: true
[2026-07-23 21:18:16.734] [info]  (PlayerService)          Init player versions.
[2026-07-23 21:18:16.736] [info]  (SystemService)          Fetch appConfig success!
[2026-07-23 21:18:16.838] [info]  (FfAbTestService)        FF env, s-c prod
[2026-07-23 21:18:16.848] [info]  (FfAbTestService)        FF versions, l-r: 41375
[2026-07-23 21:18:17.158] [debug] (WindowService)          Splash window ready!
[2026-07-23 21:18:17.420] [info]  (WindowEvents)           App activated!
[2026-07-23 21:18:17.456] [info]  (AuthController)         set gaia fingerprint webgl
[2026-07-23 21:18:17.805] [info]  (RenderProcess)          Activate page: HomeRecommends
[2026-07-23 21:18:17.992] [info]  (WindowService)          Main window ready!
[2026-07-23 21:18:17.993] [info]  (DownloadService)        Init DownloadURL Events
[2026-07-23 21:18:18.005] [info]  (AuthService)            Judge login status!
[2026-07-23 21:18:18.052] [warn]  (UpdateService)          APPIMAGE env is not defined, current application is not an AppImage
[2026-07-23 21:18:18.053] [info]  (UpdateService)          Patch info: [{"v":"1.17.9","on":true,"s":"04c6fb8672","b":"0~999","bc":1000,"sv":"1.9.0","ev":"1.17.9","fix":0},{"v":"1.17.8","on":true,"s":"04c6fb8672","b":"0~999","bc":1000,"sv":"1.9.0","ev":"1.17.7","fix":0},{"v":"1.17.6","on":true,"s":"04c6fb8672","b":"0~999","bc":1000,"sv":"1.9.0","ev":"1.17.6","fix":0}]
[2026-07-23 21:18:18.065] [info]  (UpdateService)          Patch bucket: 816
[2026-07-23 21:18:18.065] [info]  (UpdateService)          Increment update bucket hit.
[2026-07-23 21:18:18.066] [info]  (UpdateService)          Fetch patch: 1.17.9 25026105
[2026-07-23 21:18:18.086] [info]  (AuthService)            System-fp ready!
[2026-07-23 21:18:18.149] [info]  (NotificationService)    Notification mainWindowReady
[2026-07-23 21:18:18.150] [info]  (DownloadService)        Init bili-download!
[2026-07-23 21:18:18.178] [info]  (DownloadService)        Download path: /home/shorin/视频/bilibili
[2026-07-23 21:18:18.217] [info]  (GameService)            Local game list: []
[2026-07-23 21:18:18.217] [info]  (SystemService)          Initing ffmpeg!
[2026-07-23 21:18:18.223] [info]  (ReportService)          Initing performance samples!
[2026-07-23 21:18:18.242] [info]  (WindowFactory)          Player window created!
[2026-07-23 21:18:18.251] [info]  (WindowEvents)           Startup timeline:  {"appReadyTime":null,"splashReadyTime":null,"decryptedTime":null,"bootstrapTime":null,"runCodeTime":null,"runCodeEndTime":null,"mainWindowReady":null}
[2026-07-23 21:18:18.262] [info]  (DownloadService)        Clear check download timer.
[2026-07-23 21:18:18.285] [info]  (DownloadService)        Check auto start download:  true
[2026-07-23 21:18:18.295] [info]  (DownloadService)        Clear check download timer.
[2026-07-23 21:18:18.437] [info]  (AuthService)            Login status:  false
[2026-07-23 21:18:18.863] [info]  (WindowController)       Search page ready!
[2026-07-23 21:18:19.189] [info]  (WindowEvents)           App deactivated!
[2026-07-23 21:18:19.482] [info]  (WindowController)       Player window ready!
[2026-07-23 21:18:21.065] [info]  (WindowEvents)           Focus on mainWindow!
[2026-07-23 21:18:21.288] [info]  (WindowEvents)           App activated!
[2026-07-23 21:18:22.256] [info]  (AuthController)         Request login!
[2026-07-23 21:18:22.285] [info]  (WindowFactory)          Login window created!
[2026-07-23 21:18:22.659] [info]  (WindowFactory)          Initialize login page!
[2026-07-23 21:18:22.873] [info]  (WindowEvents)           LoginWindow page ready!
[2026-07-23 21:18:36.442] [info]  (WindowEvents)           App deactivated!
[2026-07-23 21:18:37.374] [info]  (WindowEvents)           Focus on loginWindow!
[2026-07-23 21:18:37.587] [info]  (WindowEvents)           App activated!
[2026-07-23 21:18:41.397] [info]  (WindowEvents)           Focus on mainWindow!
[2026-07-23 21:18:41.785] [info]  (WindowEvents)           Focus on loginWindow!
[2026-07-23 21:18:44.308] [info]  (WindowEvents)           App deactivated!
[2026-07-23 21:18:45.231] [info]  (AuthController)         Init login buvid!
[2026-07-23 21:18:46.246] [info]  (AuthService)            Checking login status!
[2026-07-23 21:18:47.796] [info]  (AuthService)            Updating cookies!
[2026-07-23 21:18:47.864] [info]  (AuthService)            Updating cookies!
[2026-07-23 21:18:48.026] [info]  (WindowEvents)           Focus on loginWindow!
[2026-07-23 21:18:48.243] [info]  (WindowEvents)           App activated!
[2026-07-23 21:18:48.653] [info]  (AuthService)            Updating cookies!
[2026-07-23 21:18:48.815] [info]  (AuthService)            Updating cookies!
[2026-07-23 21:18:52.256] [info]  (WindowEvents)           Focus on mainWindow!
[2026-07-23 21:18:53.302] [info]  (WindowEvents)           Start close window:  mainWindow
[2026-07-23 21:18:53.347] [info]  (WindowEvents)           Start close window:  mainWindow
[2026-07-23 21:18:53.348] [info]  (WindowEvents)           Main window closed!
[2026-07-23 21:18:53.590] [info]  (WindowEvents)           App deactivated!
[2026-07-23 21:19:06.135] [info]  (UpdateService)          Fetch patch success!
[2026-07-23 21:19:06.158] [error] (UpdateService)          download petch(1.17.9,25026105) error: Error: ENOENT: no such file or directory, open '/home/shorin/.config/bilibili/resource/update.zip'
    at Object.openSync (node:fs:561:18)
    at Object.func [as openSync] (node:electron/js2c/node_init:2:2630)
    at writeFileSync (node:fs:2436:35)
    at O.handleFetchPatch (/nix/store/vcwgvgiwdkskpzmi7vyvdh564s9mwcm3-bilibili-1.17.9-1/opt/app.asar/main/app.js:1:460061)
    at process.processTicksAndRejections (node:internal/process/task_queues:104:5)
[2026-07-23 21:33:16.378] [info]  (SystemService)          Fetch appConfig success!
[2026-07-23 21:48:12.407] [info]  (PlayerService)          Load player config.
[2026-07-23 21:48:12.420] [info]  (SystemService)          Load inject code config.
[2026-07-23 21:48:16.506] [info]  (PlayerService)          Init player versions.
[2026-07-23 21:48:17.088] [info]  (SystemService)          Fetch appConfig success!
[2026-07-23 22:03:16.482] [info]  (SystemService)          Fetch appConfig success!
[2026-07-23 22:17:18.294] [info]  (ReportService)          Initing performance samples!
[2026-07-23 22:18:12.407] [info]  (PlayerService)          Load player config.
[2026-07-23 22:18:12.420] [info]  (SystemService)          Load inject code config.
[2026-07-23 22:18:12.827] [info]  (PlayerService)          Init player versions.
[2026-07-23 22:18:16.462] [info]  (SystemService)          Fetch appConfig success!
[2026-07-23 22:33:16.604] [info]  (SystemService)          Fetch appConfig success!
[2026-07-23 22:48:12.408] [info]  (PlayerService)          Load player config.
[2026-07-23 22:48:12.422] [info]  (SystemService)          Load inject code config.
[2026-07-23 22:48:12.783] [info]  (PlayerService)          Init player versions.
[2026-07-23 22:48:16.345] [info]  (SystemService)          Fetch appConfig success!
[2026-07-23 22:52:27.408] [info]  (ConfigService)          Clearing...
[2026-07-23 22:52:27.413] [info]  (TrayMenuService)        Destoring app tray
[2026-07-23 22:52:27.414] [info]  (DownloadService)        Cancel downloading tasks!
[2026-07-23 22:52:27.414] [info]  (DownloadService)        Clear check download timer.
